GEOID,lat,lon,CNTY_NAME,pred_pm25,pct_people_of_color,pct_low_income,ejf_score,pct_ling_isolated
48001950100,31.995087,-95.531864,Anderson County,10.613455029058656,37.0,57.0,46.0,0.0
48001950401,31.754752,-95.822269,Anderson County,10.557931286397825,82.0,60.0,77.0,0.0
48001950402,31.784573,-95.902815,Anderson County,10.539583791910703,78.0,100.0,99.0,0.0
48001950500,31.777847,-95.631468,Anderson County,10.648287665358461,69.0,83.0,79.0,71.0
48001950600,31.74701,-95.665654,Anderson County,10.645361488968064,56.0,79.0,70.0,0.0
48001950700,31.753281,-95.633328,Anderson County,10.668082362596207,81.0,97.0,96.0,71.0
48001950800,31.744545,-95.614843,Anderson County,10.679903274440093,68.0,82.0,78.0,0.0
48001950901,31.732168,-95.717679,Anderson County,9.070877068500332,46.0,66.0,57.0,73.0
48001950902,31.793095,-95.572164,Anderson County,10.695315659710676,43.0,65.0,55.0,38.0
48001951001,31.641957,-95.493964,Anderson County,11.515397893599584,36.0,62.0,49.0,0.0
48001951002,31.619859,-95.605151,Anderson County,9.322737620845537,29.0,49.0,36.0,54.0
48001951100,31.907486,-95.809958,Anderson County,10.559440916624553,38.0,42.0,37.0,45.0
48003950100,32.338469,-102.559863,Andrews County,6.273897229121946,67.0,75.0,73.0,93.0
48003950200,32.328584,-102.553234,Andrews County,6.275732544209583,67.0,52.0,63.0,78.0
48003950300,32.31513,-102.549575,Andrews County,6.276140827783679,78.0,52.0,72.0,86.0
48003950400,32.30385,-102.487278,Andrews County,6.28272073719504,81.0,48.0,73.0,82.0
48005000102,31.334693,-94.833938,Angelina County,13.287931158807494,33.0,73.0,55.0,34.0
48005000103,31.435998,-94.786627,Angelina County,14.058337862184283,59.0,83.0,74.0,0.0
48005000104,31.416735,-94.860617,Angelina County,13.424889717566941,7.0,72.0,44.0,47.0
48005000201,31.305491,-94.677335,Angelina County,14.162638987599198,36.0,67.0,52.0,0.0
48005000202,31.38917,-94.68048,Angelina County,14.503041827149982,60.0,97.0,87.0,48.0
48005000301,31.370095,-94.777105,Angelina County,14.05787968069215,50.0,44.0,46.0,0.0
48005000302,31.300125,-94.779651,Angelina County,14.309552122016084,55.0,53.0,55.0,70.0
48005000400,31.339621,-94.749328,Angelina County,14.385589840609454,58.0,70.0,66.0,71.0
48005000500,31.361088,-94.735162,Angelina County,14.385382742865833,89.0,93.0,95.0,73.0
48005000600,31.348252,-94.704106,Angelina County,14.447876631457866,86.0,88.0,91.0,69.0
48005000700,31.335771,-94.725488,Angelina County,14.251687571119293,73.0,90.0,86.0,83.0
48005000800,31.316373,-94.707759,Angelina County,14.135737599759917,57.0,45.0,52.0,67.0
48005000902,31.282344,-94.727013,Angelina County,14.297949031817538,55.0,64.0,61.0,0.0
48005000903,31.311614,-94.761239,Angelina County,14.257430860677616,61.0,63.0,64.0,0.0
48005000904,31.319144,-94.739481,Angelina County,14.260979743862174,69.0,75.0,75.0,44.0
48005001001,31.195659,-94.793009,Angelina County,13.555248496461376,67.0,79.0,76.0,64.0
48005001002,31.190796,-94.73935,Angelina County,13.882230459315158,71.0,51.0,66.0,85.0
48005001101,31.27389,-94.622328,Angelina County,14.371086877118099,38.0,74.0,59.0,0.0
48005001102,31.346295,-94.580402,Angelina County,14.247756400787633,25.0,65.0,45.0,0.0
48005001200,31.15899,-94.388479,Angelina County,12.812313411164965,4.0,85.0,56.0,36.0
48005001300,31.257958,-94.522779,Angelina County,14.254398077146094,7.0,71.0,42.0,0.0
48007950101,28.155261,-96.992128,Aransas County,7.4239642345616055,8.0,74.0,45.0,0.0
48007950102,28.073193,-97.046741,Aransas County,7.5999911899972155,46.0,48.0,46.0,61.0
48007950103,28.068677,-97.088334,Aransas County,7.607569781332821,31.0,51.0,38.0,84.0
48007950200,28.044675,-97.036436,Aransas County,7.601358310885517,40.0,61.0,50.0,0.0
48007950301,28.03346,-97.063223,Aransas County,7.614881815764344,68.0,91.0,84.0,73.0
48007950302,28.05132,-97.052571,Aransas County,7.6374006986167995,37.0,42.0,36.0,0.0
48007950400,28.017909,-97.070058,Aransas County,7.667271401107492,62.0,79.0,73.0,88.0
48007950501,27.988143,-97.131449,Aransas County,7.436146644127004,43.0,79.0,64.0,0.0
48007950502,27.935536,-97.132367,Aransas County,7.307409111554992,59.0,75.0,69.0,0.0
48007950503,27.986797,-97.090457,Aransas County,7.51486369338596,60.0,42.0,53.0,0.0
48007990000,27.930529,-96.938114,Aransas County,7.309415506376539,0.0,0.0,0.0,0.0
48009020100,33.812877,-98.562522,Archer County,7.97449589078744,12.0,24.0,10.0,33.0
48009020200,33.75033,-98.731471,Archer County,8.116336640524844,14.0,48.0,27.0,0.0
48009020300,33.59437,-98.55363,Archer County,7.628507178461167,33.0,69.0,52.0,74.0
48011950100,35.092208,-101.392108,Armstrong County,5.343091802635207,22.0,43.0,27.0,0.0
48013960101,29.037118,-98.448834,Atascosa County,11.107686993584945,74.0,60.0,72.0,0.0
48013960102,28.948599,-98.417191,Atascosa County,10.649157947098974,84.0,80.0,86.0,60.0
48013960203,29.225258,-98.793211,Atascosa County,10.592035556303996,83.0,87.0,89.0,0.0
48013960204,29.171792,-98.731809,Atascosa County,10.587357048744025,68.0,42.0,59.0,60.0
48013960205,29.115796,-98.648819,Atascosa County,10.653831256583665,85.0,57.0,79.0,91.0
48013960206,29.146183,-98.598531,Atascosa County,10.881120627761366,87.0,70.0,84.0,90.0
48013960300,29.040171,-98.576586,Atascosa County,10.99654970078978,86.0,74.0,85.0,83.0
48013960401,29.12219,-98.506788,Atascosa County,10.918312191056552,83.0,75.0,84.0,95.0
48013960403,28.95984,-98.494929,Atascosa County,10.655483320096568,74.0,40.0,64.0,70.0
48013960404,28.972825,-98.506444,Atascosa County,10.917317208536861,56.0,60.0,59.0,0.0
48013960500,28.878238,-98.703784,Atascosa County,10.001019501420078,79.0,80.0,83.0,91.0
48013960601,28.941455,-98.56632,Atascosa County,10.663385469311518,59.0,64.0,63.0,89.0
48013960602,28.887318,-98.537319,Atascosa County,9.42552891183516,59.0,47.0,55.0,70.0
48015760100,29.644495,-96.081011,Austin County,8.800831087262818,65.0,76.0,73.0,42.0
48015760201,29.801394,-96.12576,Austin County,8.682887007982801,69.0,67.0,71.0,65.0
48015760202,29.761838,-96.11444,Austin County,8.696414636976932,54.0,49.0,52.0,71.0
48015760301,29.798549,-96.18034,Austin County,8.658000162523972,56.0,49.0,54.0,65.0
48015760302,29.775196,-96.21248,Austin County,8.660177021354766,67.0,56.0,65.0,37.0
48015760400,29.961252,-96.461895,Austin County,9.563187050590573,47.0,50.0,48.0,32.0
48015760501,29.99937,-96.274157,Austin County,9.115785444911678,37.0,23.0,22.0,0.0
48015760502,29.940458,-96.231615,Austin County,8.20427143310098,54.0,70.0,64.0,0.0
48017950101,34.22628,-102.734444,Bailey County,5.576011502421682,80.0,35.0,67.0,87.0
48017950102,34.208325,-102.757421,Bailey County,5.576765227922535,78.0,63.0,76.0,91.0
48019000101,29.714701,-99.033722,Bandera County,8.470720074380672,42.0,70.0,57.0,32.0
48019000103,29.76911,-99.079411,Bandera County,8.87729900471305,48.0,69.0,60.0,62.0
48019000104,29.758821,-98.933392,Bandera County,8.676103321328354,18.0,4.0,2.0,69.0
48019000200,29.787242,-99.336012,Bandera County,9.553396127488211,35.0,55.0,43.0,54.0
48019000301,29.639562,-98.972592,Bandera County,9.574706994974951,48.0,32.0,37.0,0.0
48019000302,29.671362,-98.897277,Bandera County,8.906377501296799,45.0,24.0,28.0,71.0
48019000400,29.581559,-98.943698,Bandera County,8.888518933656698,34.0,77.0,59.0,60.0
48021950101,30.252347,-97.41204,Bastrop County,9.060932640763072,65.0,36.0,53.0,77.0
48021950102,30.33194,-97.309465,Bastrop County,9.112557639705848,54.0,41.0,48.0,77.0
48021950201,30.348198,-97.36376,Bastrop County,9.173198958000045,79.0,72.0,80.0,87.0
48021950202,30.351132,-97.385234,Bastrop County,8.688683485516595,74.0,46.0,66.0,45.0
48021950301,30.138526,-97.409043,Bastrop County,9.368003557790303,55.0,48.0,52.0,0.0
48021950302,30.074547,-97.365016,Bastrop County,9.014605790246932,69.0,52.0,65.0,45.0
48021950303,30.114297,-97.471414,Bastrop County,8.465145579409013,68.0,73.0,73.0,71.0
48021950401,30.118533,-97.31403,Bastrop County,9.152291716351975,51.0,35.0,42.0,63.0
48021950402,30.085568,-97.287291,Bastrop County,9.047942611126043,60.0,27.0,43.0,0.0
48021950403,30.09359,-97.320618,Bastrop County,9.146979651071966,68.0,16.0,45.0,56.0
48021950503,30.114046,-97.209261,Bastrop County,9.616480600200036,43.0,27.0,30.0,0.0
48021950504,30.177664,-97.215404,Bastrop County,9.16101764545398,32.0,30.0,25.0,35.0
48021950505,30.198667,-97.28293,Bastrop County,8.99512377111316,75.0,88.0,86.0,69.0
48021950506,30.182015,-97.311453,Bastrop County,9.084564100011939,75.0,83.0,82.0,43.0
48021950601,29.947936,-97.278461,Bastrop County,9.400761356587772,41.0,57.0,48.0,64.0
48021950602,30.062822,-97.123543,Bastrop County,9.181060053365352,56.0,66.0,62.0,57.0
48021950700,30.00658,-97.154676,Bastrop County,9.16762491863103,48.0,56.0,52.0,55.0
48021950803,30.122222,-97.574871,Bastrop County,7.322323402043476,95.0,78.0,90.0,77.0
48021950804,30.069969,-97.531998,Bastrop County,9.147828874345208,80.0,77.0,83.0,84.0
48021950805,30.051073,-97.585539,Bastrop County,8.714782651377398,85.0,79.0,86.0,83.0
48021950806,29.973879,-97.481546,Bastrop County,9.279994188112907,46.0,79.0,65.0,32.0
48023950301,33.597293,-99.262629,Baylor County,8.131479719509764,25.0,62.0,43.0,0.0
48023950302,33.586991,-99.265863,Baylor County,8.137526318263998,37.0,69.0,54.0,43.0
48025950100,28.59522,-97.858006,Bee County,8.655980578169585,67.0,83.0,78.0,55.0
48025950201,28.371653,-97.680147,Bee County,8.521461959834369,82.0,53.0,75.0,0.0
48025950203,28.379595,-97.802973,Bee County,8.667291534460817,59.0,91.0,80.0,59.0
48025950204,28.449837,-97.745952,Bee County,8.722776080654958,70.0,54.0,66.0,79.0
48025950300,28.415978,-97.751282,Bee County,8.336230732493968,80.0,76.0,83.0,40.0
48025950400,28.40518,-97.747783,Bee County,8.551622354230693,84.0,85.0,89.0,93.0
48025950501,28.398563,-97.737089,Bee County,8.568107702488545,77.0,74.0,79.0,77.0
48025950502,28.389572,-97.746626,Bee County,8.601116898536224,87.0,90.0,93.0,71.0
48025950600,28.226021,-97.675945,Bee County,8.420968451980192,71.0,85.0,81.0,74.0
48027020101,31.222894,-97.320536,Bell County,8.220694000415534,48.0,56.0,51.0,0.0
48027020102,31.138868,-97.246901,Bell County,7.711411721005001,38.0,54.0,45.0,0.0
48027020201,31.132143,-97.464251,Bell County,9.44694649431486,40.0,14.0,18.0,40.0
48027020203,31.165441,-97.457535,Bell County,9.625457238314137,42.0,32.0,32.0,36.0
48027020204,31.224179,-97.46006,Bell County,8.40856329843864,40.0,66.0,53.0,0.0
48027020301,31.105835,-97.432252,Bell County,9.551522571794845,59.0,27.0,44.0,0.0
48027020302,31.13517,-97.420944,Bell County,9.655185153889823,62.0,43.0,55.0,0.0
48027020401,31.121705,-97.361062,Bell County,8.193805567470786,66.0,82.0,77.0,38.0
48027020402,31.109301,-97.312055,Bell County,8.185694742612785,81.0,92.0,91.0,0.0
48027020500,31.11393,-97.332412,Bell County,7.971929783252674,73.0,80.0,79.0,0.0
48027020600,31.113769,-97.341518,Bell County,8.971557130147765,61.0,65.0,65.0,76.0
48027020701,31.100098,-97.341511,Bell County,8.998304498925501,77.0,93.0,89.0,52.0
48027020702,31.095185,-97.352433,Bell County,9.257040025722123,81.0,95.0,93.0,93.0
48027020800,31.082453,-97.326552,Bell County,8.950555468018273,87.0,92.0,94.0,77.0
48027020900,31.072588,-97.338871,Bell County,8.978957468866476,77.0,94.0,90.0,71.0
48027021000,31.082244,-97.353915,Bell County,9.27270984309812,70.0,87.0,82.0,75.0
48027021101,31.08308,-97.375782,Bell County,9.356684860554015,68.0,73.0,73.0,53.0
48027021102,31.088749,-97.369345,Bell County,9.151673241771313,68.0,87.0,81.0,55.0
48027021201,31.11333,-97.386062,Bell County,9.155780390740814,69.0,70.0,73.0,34.0
48027021202,31.102859,-97.379874,Bell County,9.134942841100328,56.0,63.0,61.0,38.0
48027021203,31.083131,-97.395566,Bell County,9.307250809349624,62.0,74.0,70.0,76.0
48027021301,31.058212,-97.38114,Bell County,9.501345370082332,65.0,84.0,77.0,34.0
48027021302,31.069748,-97.388389,Bell County,9.337376345443323,30.0,43.0,32.0,0.0
48027021304,31.06044,-97.367275,Bell County,9.22938757670219,56.0,67.0,63.0,82.0
48027021305,31.044107,-97.370021,Bell County,9.10130621625094,50.0,17.0,28.0,55.0
48027021400,31.001932,-97.348936,Bell County,8.88909318135733,46.0,50.0,47.0,76.0
48027021501,31.040681,-97.461633,Bell County,9.342653907948746,71.0,89.0,84.0,75.0
48027021502,31.030846,-97.488324,Bell County,9.517585594700279,64.0,56.0,63.0,64.0
48027021601,31.057211,-97.472652,Bell County,9.435910541850056,67.0,74.0,73.0,87.0
48027021602,31.067942,-97.469443,Bell County,9.42763192913386,63.0,93.0,83.0,69.0
48027021701,31.097565,-97.485992,Bell County,9.301765198518156,45.0,24.0,29.0,48.0
48027021702,31.076634,-97.457896,Bell County,9.286676276990233,31.0,42.0,32.0,37.0
48027021801,31.080715,-97.597175,Bell County,9.407843057636686,61.0,69.0,67.0,0.0
48027021802,31.050446,-97.578154,Bell County,9.592898134846987,71.0,28.0,56.0,0.0
48027021901,31.077861,-97.664513,Bell County,9.230758118535897,70.0,62.0,70.0,64.0
48027021905,31.063966,-97.663439,Bell County,9.38243219558798,73.0,39.0,63.0,32.0
48027021906,31.048896,-97.665387,Bell County,9.381843505851304,77.0,24.0,60.0,42.0
48027021907,31.070475,-97.635094,Bell County,9.346018033777014,72.0,48.0,66.0,0.0
48027021908,31.049781,-97.64307,Bell County,9.537703825103765,61.0,44.0,55.0,64.0
48027022001,31.086055,-97.662094,Bell County,9.22951402377926,79.0,90.0,89.0,78.0
48027022002,31.112577,-97.594669,Bell County,9.410806922454258,66.0,63.0,67.0,0.0
48027022101,31.126474,-97.700469,Bell County,9.307486492131003,77.0,83.0,84.0,54.0
48027022103,31.132504,-97.691226,Bell County,9.40163506924474,84.0,70.0,82.0,77.0
48027022104,31.119487,-97.676449,Bell County,9.131623145680638,76.0,85.0,84.0,64.0
48027022105,31.126691,-97.672933,Bell County,9.104950575208482,79.0,82.0,84.0,48.0
48027022200,31.114826,-97.693648,Bell County,9.308731385221183,79.0,59.0,75.0,72.0
48027022300,31.100696,-97.696693,Bell County,9.328023871310394,76.0,94.0,90.0,79.0
48027022401,31.094621,-97.707187,Bell County,9.286494871634835,84.0,76.0,84.0,59.0
48027022402,31.049449,-97.685781,Bell County,9.45295703100483,82.0,21.0,64.0,54.0
48027022403,31.068385,-97.704764,Bell County,9.607761771661028,82.0,71.0,81.0,72.0
48027022405,31.082295,-97.714029,Bell County,9.453941374233597,77.0,57.0,73.0,70.0
48027022406,31.069144,-97.687184,Bell County,9.234113603706582,80.0,17.0,60.0,34.0
48027022407,31.060531,-97.697737,Bell County,9.65449109349925,79.0,62.0,76.0,63.0
48027022501,31.102246,-97.72441,Bell County,9.4875788953368,75.0,87.0,85.0,70.0
48027022503,31.079695,-97.727959,Bell County,9.376833509249716,79.0,61.0,76.0,73.0
48027022504,31.048425,-97.722547,Bell County,9.566215132135568,74.0,55.0,70.0,46.0
48027022600,31.123548,-97.717478,Bell County,9.257183213571357,81.0,92.0,91.0,55.0
48027022801,31.130707,-97.728861,Bell County,9.415197645573294,80.0,97.0,95.0,85.0
48027022900,31.111533,-97.738324,Bell County,9.346119126572765,79.0,95.0,92.0,84.0
48027023001,31.066926,-97.750054,Bell County,9.432654624718168,84.0,60.0,79.0,58.0
48027023002,31.098749,-97.736599,Bell County,9.264579247275206,72.0,50.0,66.0,66.0
48027023103,31.097403,-97.753587,Bell County,9.353262887813079,80.0,89.0,89.0,67.0
48027023104,31.106343,-97.757203,Bell County,9.295314984248368,74.0,78.0,79.0,82.0
48027023109,31.086736,-97.76718,Bell County,9.14289492160754,85.0,56.0,78.0,0.0
48027023110,31.086633,-97.751841,Bell County,9.337698629153001,90.0,96.0,96.0,38.0
48027023111,31.101872,-97.799169,Bell County,9.175220031795043,80.0,69.0,79.0,0.0
48027023112,31.100503,-97.790283,Bell County,9.097365129937613,82.0,71.0,81.0,72.0
48027023113,31.107663,-97.774872,Bell County,9.173273900162851,83.0,85.0,88.0,48.0
48027023114,31.100038,-97.770374,Bell County,9.16124227082397,81.0,87.0,88.0,66.0
48027023115,31.090514,-97.782566,Bell County,9.159231511335314,78.0,43.0,69.0,44.0
48027023116,31.083726,-97.803095,Bell County,9.20996610305809,77.0,32.0,64.0,0.0
48027023117,31.071583,-97.78145,Bell County,9.325793654655108,84.0,60.0,79.0,40.0
48027023118,31.07041,-97.802593,Bell County,9.28200849223113,82.0,71.0,81.0,41.0
48027023201,31.127875,-97.750669,Bell County,9.491219468615501,57.0,40.0,49.0,43.0
48027023202,31.124755,-97.777424,Bell County,9.413325840926483,67.0,89.0,82.0,0.0
48027023203,31.116676,-97.752923,Bell County,9.357249800413816,75.0,82.0,82.0,62.0
48027023204,31.138771,-97.736087,Bell County,9.44268311380486,63.0,65.0,66.0,87.0
48027023301,30.998795,-97.82329,Bell County,9.623667105783902,52.0,39.0,45.0,65.0
48027023302,31.024967,-97.730625,Bell County,9.670027617299061,76.0,18.0,56.0,56.0
48027023402,30.917121,-97.304923,Bell County,9.099936587313696,47.0,48.0,46.0,33.0
48027023404,30.912634,-97.563013,Bell County,9.223648812113133,38.0,34.0,31.0,68.0
48027023405,30.943319,-97.500981,Bell County,9.496174443505707,34.0,32.0,27.0,63.0
48027023406,30.974075,-97.520889,Bell County,9.565092411104374,37.0,34.0,31.0,0.0
48027023500,31.12443,-97.735272,Bell County,9.561428965446932,76.0,99.0,97.0,86.0
48027980001,31.072648,-97.849184,Bell County,9.473805957604375,59.0,0.0,17.0,0.0
48027980002,31.068779,-97.829099,Bell County,9.322102847664395,0.0,0.0,0.0,0.0
48027980003,31.118857,-97.574754,Bell County,9.361939506627477,0.0,0.0,0.0,0.0
48029110100,29.425238,-98.49138,Bexar County,10.761692950101592,77.0,76.0,80.0,90.0
48029110300,29.413226,-98.481366,Bexar County,10.59127112104205,85.0,86.0,89.0,89.0
48029110500,29.418847,-98.510563,Bexar County,10.801946224686207,90.0,98.0,98.0,92.0
48029110600,29.430476,-98.507328,Bexar County,10.766655766514464,84.0,97.0,97.0,97.0
48029110700,29.437248,-98.501081,Bexar County,11.188904730666462,88.0,91.0,93.0,95.0
48029111000,29.440371,-98.471999,Bexar County,11.070160726327158,81.0,84.0,86.0,71.0
48029111100,29.440937,-98.48667,Bexar County,11.460299057577439,74.0,54.0,70.0,66.0
48029120100,29.46283,-98.440055,Bexar County,10.365229884753218,60.0,59.0,62.0,0.0
48029120301,29.483485,-98.462134,Bexar County,9.93871248128448,56.0,11.0,29.0,50.0
48029120302,29.482439,-98.470344,Bexar County,10.097906598009711,35.0,1.0,4.0,0.0
48029120401,29.474092,-98.440461,Bexar County,10.249908126556727,49.0,38.0,42.0,76.0
48029120402,29.47739,-98.451363,Bexar County,10.045579908828028,34.0,1.0,3.0,0.0
48029120502,29.503998,-98.407858,Bexar County,9.962923794383281,86.0,88.0,91.0,88.0
48029120503,29.48996,-98.425951,Bexar County,10.008574689952438,83.0,86.0,89.0,86.0
48029120504,29.489528,-98.41009,Bexar County,10.177776151826121,78.0,74.0,80.0,86.0
48029120601,29.489537,-98.436576,Bexar County,9.95775726215444,75.0,75.0,79.0,71.0
48029120602,29.490433,-98.451175,Bexar County,10.206106477982829,50.0,21.0,30.0,53.0
48029120701,29.511382,-98.46803,Bexar County,9.966628265436348,76.0,53.0,70.0,78.0
48029120702,29.50103,-98.470226,Bexar County,9.948135004706717,58.0,30.0,45.0,37.0
48029120800,29.5043,-98.446547,Bexar County,9.894818384659247,40.0,17.0,20.0,36.0
48029120901,29.520978,-98.438953,Bexar County,9.953277465212878,74.0,66.0,74.0,86.0
48029120902,29.510388,-98.423997,Bexar County,9.949749785597811,72.0,61.0,71.0,71.0
48029121000,29.53085,-98.442106,Bexar County,9.900544367095396,71.0,68.0,73.0,81.0
48029121110,29.584378,-98.413124,Bexar County,9.757446539262526,69.0,54.0,66.0,73.0
48029121111,29.566267,-98.398035,Bexar County,9.896599902307448,81.0,32.0,67.0,47.0
48029121112,29.560845,-98.411119,Bexar County,9.964161467228477,76.0,63.0,74.0,51.0
48029121115,29.575992,-98.453545,Bexar County,9.945839735921314,64.0,42.0,56.0,74.0
48029121116,29.585002,-98.462976,Bexar County,9.786049053541287,66.0,27.0,50.0,45.0
48029121117,29.596787,-98.461701,Bexar County,9.56460028476277,68.0,57.0,66.0,56.0
48029121118,29.592539,-98.44716,Bexar County,9.778728187489577,65.0,29.0,50.0,72.0
48029121119,29.563134,-98.450815,Bexar County,9.954436663769917,69.0,35.0,57.0,44.0
48029121120,29.560014,-98.434713,Bexar County,9.962189988689268,82.0,49.0,74.0,83.0
48029121121,29.586588,-98.433333,Bexar County,9.866718693996184,55.0,11.0,28.0,55.0
48029121122,29.574299,-98.426582,Bexar County,9.912983393817019,65.0,23.0,47.0,51.0
48029121123,29.563634,-98.471385,Bexar County,9.940948106146685,74.0,77.0,79.0,0.0
48029121124,29.567539,-98.46453,Bexar County,9.928087325644329,45.0,7.0,16.0,60.0
48029121203,29.531746,-98.394669,Bexar County,9.947485367828033,82.0,84.0,86.0,82.0
48029121204,29.524529,-98.417905,Bexar County,9.90592533557375,76.0,76.0,79.0,73.0
48029121205,29.542621,-98.407071,Bexar County,9.944021846657181,84.0,83.0,87.0,72.0
48029121206,29.552731,-98.39325,Bexar County,9.953764155795055,75.0,66.0,75.0,67.0
48029121300,29.521239,-98.380887,Bexar County,9.953393025606914,67.0,63.0,68.0,0.0
48029121402,29.493259,-98.366905,Bexar County,10.09823762650647,83.0,56.0,77.0,85.0
48029121403,29.503777,-98.382895,Bexar County,10.041961080699991,86.0,76.0,85.0,83.0
48029121404,29.487928,-98.390239,Bexar County,10.068308721347575,82.0,88.0,89.0,88.0
48029121501,29.537037,-98.347252,Bexar County,9.880768247625896,77.0,31.0,63.0,62.0
48029121504,29.529825,-98.362922,Bexar County,9.93711467241645,82.0,48.0,73.0,82.0
48029121505,29.524557,-98.329711,Bexar County,10.289761168367313,74.0,55.0,70.0,68.0
48029121506,29.511353,-98.341138,Bexar County,10.057899176080555,77.0,78.0,81.0,66.0
48029121507,29.515751,-98.356095,Bexar County,9.962377704221193,81.0,50.0,73.0,71.0
48029121508,29.506472,-98.356813,Bexar County,10.137360176750573,86.0,87.0,91.0,68.0
48029121601,29.550875,-98.308617,Bexar County,9.59015176336578,76.0,72.0,77.0,86.0
48029121604,29.533632,-98.31581,Bexar County,9.72389218360898,75.0,35.0,63.0,60.0
48029121605,29.545017,-98.333572,Bexar County,9.71818212049582,66.0,39.0,56.0,73.0
48029121606,29.55538,-98.33572,Bexar County,9.896568783937491,68.0,36.0,57.0,53.0
48029121701,29.553309,-98.294197,Bexar County,9.801303276730918,72.0,58.0,70.0,78.0
48029121702,29.56686,-98.314938,Bexar County,9.237142295508718,66.0,43.0,58.0,41.0
48029121802,29.571093,-98.356582,Bexar County,9.639594691364309,77.0,69.0,78.0,74.0
48029121803,29.556126,-98.366141,Bexar County,9.842133198453483,74.0,29.0,60.0,71.0
48029121804,29.567686,-98.375559,Bexar County,9.831337656792481,78.0,75.0,80.0,61.0
48029121808,29.583606,-98.389856,Bexar County,9.99638410323716,59.0,42.0,52.0,69.0
48029121809,29.578308,-98.381915,Bexar County,9.995493517219945,73.0,35.0,61.0,76.0
48029121810,29.590249,-98.403212,Bexar County,9.995175600761703,72.0,49.0,65.0,39.0
48029121811,29.596862,-98.39639,Bexar County,9.80539255463814,74.0,47.0,67.0,63.0
48029121812,29.591086,-98.370029,Bexar County,9.507455585493753,65.0,45.0,59.0,62.0
48029121813,29.598848,-98.378339,Bexar County,9.388252769086272,73.0,21.0,55.0,63.0
48029121903,29.623648,-98.431231,Bexar County,9.338480842349078,62.0,6.0,31.0,53.0
48029121904,29.638329,-98.440435,Bexar County,9.02004068487112,70.0,11.0,46.0,78.0
48029121905,29.650626,-98.431434,Bexar County,8.876818734527907,68.0,21.0,49.0,66.0
48029121906,29.614732,-98.450733,Bexar County,9.548598859937343,71.0,29.0,57.0,74.0
48029121908,29.704808,-98.429339,Bexar County,8.263496234935573,54.0,5.0,22.0,0.0
48029121909,29.586717,-98.331418,Bexar County,9.263354624796099,80.0,42.0,70.0,50.0
48029121910,29.631635,-98.407323,Bexar County,8.910042020889113,63.0,5.0,32.0,65.0
48029121911,29.678668,-98.431172,Bexar County,8.791683119388983,70.0,1.0,34.0,0.0
48029121912,29.661634,-98.40283,Bexar County,8.481752819743338,76.0,11.0,53.0,51.0
48029130200,29.415631,-98.469481,Bexar County,10.723923731841412,95.0,84.0,92.0,90.0
48029130300,29.407467,-98.467344,Bexar County,10.745450880455593,93.0,91.0,95.0,94.0
48029130401,29.408233,-98.454501,Bexar County,10.747263770364457,93.0,88.0,93.0,88.0
48029130402,29.405256,-98.439853,Bexar County,10.743287253380599,90.0,97.0,98.0,83.0
48029130500,29.419962,-98.452578,Bexar County,10.72741870481453,95.0,96.0,98.0,89.0
48029130600,29.429582,-98.453051,Bexar County,10.557183123108393,87.0,97.0,97.0,47.0
48029130700,29.43959,-98.45073,Bexar County,11.061017564802967,92.0,96.0,97.0,73.0
48029130800,29.431485,-98.4294,Bexar County,10.624139860965178,93.0,95.0,97.0,74.0
48029130900,29.43183,-98.410275,Bexar County,10.534121072004464,89.0,92.0,94.0,68.0
48029131000,29.417793,-98.405499,Bexar County,10.802824324514415,89.0,94.0,95.0,84.0
48029131100,29.407465,-98.42793,Bexar County,10.623411050093516,93.0,91.0,95.0,82.0
48029131200,29.396435,-98.410266,Bexar County,10.827114432686768,85.0,65.0,81.0,74.0
48029131300,29.396051,-98.397098,Bexar County,10.729695931822398,87.0,73.0,85.0,51.0
48029131401,29.379976,-98.37436,Bexar County,10.913604413882712,83.0,45.0,74.0,79.0
48029131402,29.400829,-98.378703,Bexar County,10.710787535256866,88.0,62.0,82.0,79.0
48029131503,29.46311,-98.389716,Bexar County,10.120568218180882,78.0,35.0,65.0,57.0
48029131504,29.454438,-98.392303,Bexar County,10.085333589723813,84.0,53.0,76.0,79.0
48029131505,29.47269,-98.365885,Bexar County,10.023091593898899,91.0,47.0,79.0,70.0
48029131506,29.453077,-98.368692,Bexar County,10.172200306367232,87.0,43.0,76.0,86.0
48029131507,29.465366,-98.370551,Bexar County,10.031841526407867,86.0,87.0,90.0,82.0
48029131601,29.511177,-98.259332,Bexar County,9.427447931989938,75.0,17.0,54.0,40.0
48029131606,29.491413,-98.301101,Bexar County,10.414410007381008,85.0,50.0,76.0,0.0
48029131608,29.517204,-98.304105,Bexar County,9.901377435474398,80.0,67.0,79.0,34.0
48029131609,29.503402,-98.328378,Bexar County,10.027433233209985,76.0,42.0,66.0,51.0
48029131610,29.494318,-98.317908,Bexar County,10.066031499337567,86.0,49.0,77.0,76.0
48029131612,29.465928,-98.321033,Bexar County,10.220516647200942,81.0,25.0,64.0,70.0
48029131614,29.47264,-98.340462,Bexar County,10.096176651637455,80.0,60.0,76.0,73.0
48029131615,29.469905,-98.350951,Bexar County,10.068366820540012,82.0,66.0,80.0,72.0
48029131616,29.485683,-98.32756,Bexar County,10.08920714525324,82.0,66.0,79.0,87.0
48029131700,29.532418,-98.279792,Bexar County,9.713156495879364,51.0,9.0,22.0,0.0
48029131801,29.430147,-98.190954,Bexar County,10.461400081560429,49.0,19.0,29.0,44.0
48029131802,29.420401,-98.282343,Bexar County,11.153410387233624,68.0,58.0,66.0,82.0
48029140100,29.406552,-98.47871,Bexar County,11.07023354441017,86.0,51.0,77.0,81.0
48029140200,29.395994,-98.480923,Bexar County,10.814837387277537,89.0,91.0,93.0,89.0
48029140300,29.387239,-98.481613,Bexar County,10.962473773711313,96.0,93.0,96.0,91.0
48029140400,29.39602,-98.467197,Bexar County,10.787476465353182,89.0,68.0,85.0,79.0
48029140500,29.395771,-98.454839,Bexar County,10.954473173532932,88.0,81.0,89.0,77.0
48029140600,29.392542,-98.444515,Bexar County,10.953712292395865,91.0,79.0,89.0,76.0
48029140700,29.387481,-98.46078,Bexar County,10.885898547501437,85.0,87.0,90.0,83.0
48029140800,29.377224,-98.469573,Bexar County,10.781215494001241,94.0,86.0,93.0,89.0
48029140900,29.379842,-98.452538,Bexar County,10.793326329941715,85.0,88.0,90.0,82.0
48029141000,29.370702,-98.459452,Bexar County,10.776346388143729,91.0,93.0,95.0,80.0
48029141101,29.356342,-98.44937,Bexar County,10.954702825831735,83.0,94.0,93.0,78.0
48029141102,29.362618,-98.445642,Bexar County,10.954903890963147,91.0,95.0,96.0,65.0
48029141200,29.378741,-98.439882,Bexar County,10.94963793313838,93.0,92.0,95.0,75.0
48029141300,29.376852,-98.418499,Bexar County,10.73296202669243,86.0,75.0,85.0,79.0
48029141402,29.347896,-98.416266,Bexar County,11.017479378091357,83.0,59.0,78.0,76.0
48029141403,29.358869,-98.426522,Bexar County,10.866652269107087,84.0,74.0,83.0,65.0
48029141404,29.366537,-98.42821,Bexar County,10.865331936924878,87.0,82.0,88.0,70.0
48029141600,29.330517,-98.433443,Bexar County,11.062774967312341,95.0,59.0,84.0,78.0
48029141700,29.312898,-98.400101,Bexar County,11.103912046520112,82.0,71.0,81.0,0.0
48029141800,29.260998,-98.350228,Bexar County,10.840269805274485,79.0,74.0,81.0,78.0
48029141900,29.333155,-98.298958,Bexar County,10.636326496037858,68.0,44.0,60.0,55.0
48029150100,29.403103,-98.502055,Bexar County,10.689072335679576,85.0,81.0,87.0,91.0
48029150300,29.388382,-98.503488,Bexar County,10.790907075447725,90.0,87.0,92.0,95.0
48029150400,29.387849,-98.517601,Bexar County,10.808534524322123,93.0,73.0,88.0,94.0
48029150501,29.378791,-98.524849,Bexar County,10.816323888198326,97.0,85.0,93.0,94.0
48029150502,29.372339,-98.525838,Bexar County,10.944317965582574,97.0,78.0,90.0,95.0
48029150600,29.375033,-98.510495,Bexar County,10.802801133082744,88.0,87.0,91.0,92.0
48029150700,29.37462,-98.496124,Bexar County,10.765816690418797,96.0,86.0,93.0,89.0
48029150800,29.369112,-98.47862,Bexar County,11.08916253540989,90.0,98.0,99.0,90.0
48029150900,29.362896,-98.493011,Bexar County,11.053128216996969,85.0,95.0,95.0,89.0
48029151000,29.363222,-98.510185,Bexar County,10.75707018583481,93.0,75.0,88.0,84.0
48029151100,29.36312,-98.530263,Bexar County,10.960397690198008,93.0,93.0,95.0,69.0
48029151200,29.338577,-98.542555,Bexar County,10.777914014964269,94.0,82.0,91.0,90.0
48029151301,29.345375,-98.524701,Bexar County,10.946081597358333,91.0,85.0,91.0,93.0
48029151302,29.330829,-98.524995,Bexar County,10.934181579609486,90.0,79.0,88.0,92.0
48029151400,29.349997,-98.509882,Bexar County,10.700056559524642,91.0,68.0,85.0,83.0
48029151500,29.352713,-98.492544,Bexar County,11.061698727883527,85.0,88.0,90.0,74.0
48029151600,29.341956,-98.492772,Bexar County,10.69515688847872,89.0,73.0,86.0,83.0
48029151700,29.330491,-98.500786,Bexar County,10.90854431905185,91.0,77.0,88.0,82.0
48029151900,29.302798,-98.476272,Bexar County,11.075647991876503,89.0,66.0,84.0,69.0
48029152000,29.306229,-98.529391,Bexar County,11.069533346573737,88.0,76.0,87.0,90.0
48029152100,29.200436,-98.517972,Bexar County,10.626891068006477,86.0,63.0,81.0,81.0
48029152201,29.1898,-98.457795,Bexar County,10.919457954860762,89.0,92.0,94.0,93.0
48029152202,29.181991,-98.404971,Bexar County,10.913422506547043,84.0,68.0,82.0,77.0
48029160100,29.406838,-98.522262,Bexar County,11.02935276461356,98.0,94.0,97.0,97.0
48029160200,29.400673,-98.518164,Bexar County,11.115223459769233,96.0,91.0,95.0,93.0
48029160300,29.391253,-98.526409,Bexar County,11.141464712707455,93.0,80.0,90.0,91.0
48029160400,29.390302,-98.540079,Bexar County,10.698190178525744,95.0,86.0,93.0,92.0
48029160501,29.41119,-98.537264,Bexar County,11.152571733716467,95.0,99.0,99.0,94.0
48029160502,29.403044,-98.537652,Bexar County,11.086894918334663,94.0,93.0,96.0,88.0
48029160600,29.411684,-98.553903,Bexar County,10.456509351396242,97.0,87.0,93.0,93.0
48029160701,29.407473,-98.569123,Bexar County,10.775000225546414,96.0,93.0,96.0,95.0
48029160702,29.39634,-98.557128,Bexar County,10.695401136051695,89.0,95.0,96.0,93.0
48029160901,29.363979,-98.550827,Bexar County,10.684771363649297,95.0,96.0,98.0,91.0
48029160902,29.366982,-98.557932,Bexar County,10.720578307719522,93.0,92.0,95.0,94.0
48029161000,29.346255,-98.566231,Bexar County,10.804104961222668,92.0,94.0,96.0,91.0
48029161100,29.331809,-98.559612,Bexar County,10.790735300516893,92.0,77.0,89.0,82.0
48029161200,29.304691,-98.575135,Bexar County,10.988141216178075,88.0,92.0,94.0,67.0
48029161302,29.335181,-98.612974,Bexar County,10.581829987734032,96.0,93.0,96.0,91.0
48029161303,29.342803,-98.605857,Bexar County,10.831301140014858,94.0,95.0,97.0,84.0
48029161304,29.342044,-98.600189,Bexar County,10.843242533724183,96.0,84.0,92.0,96.0
48029161400,29.384953,-98.624735,Bexar County,10.534599322425146,56.0,74.0,67.0,62.0
48029161501,29.367764,-98.609203,Bexar County,10.885666457503415,89.0,95.0,96.0,84.0
48029161503,29.357527,-98.627179,Bexar County,10.607986473302722,92.0,90.0,94.0,79.0
48029161504,29.356585,-98.617812,Bexar County,10.58741178340792,91.0,88.0,92.0,94.0
48029161600,29.386168,-98.637225,Bexar County,10.504300898615082,89.0,91.0,94.0,88.0
48029161801,29.383914,-98.6482,Bexar County,10.398574517338679,86.0,73.0,85.0,75.0
48029161802,29.353421,-98.638593,Bexar County,10.937097163102562,87.0,94.0,94.0,86.0
48029161901,29.309115,-98.699682,Bexar County,10.723342646933204,78.0,41.0,68.0,0.0
48029161902,29.342446,-98.736493,Bexar County,10.466388182053377,81.0,42.0,71.0,81.0
48029162001,29.27041,-98.645421,Bexar County,10.575560363170435,87.0,65.0,83.0,67.0
48029162003,29.207103,-98.621208,Bexar County,10.725816684849972,86.0,57.0,79.0,85.0
48029162004,29.253551,-98.712216,Bexar County,10.7031362759705,88.0,68.0,84.0,80.0
48029170101,29.43977,-98.519974,Bexar County,10.977476564642007,96.0,87.0,93.0,96.0
48029170102,29.431807,-98.519822,Bexar County,10.875707545563257,94.0,97.0,98.0,97.0
48029170200,29.420965,-98.520847,Bexar County,10.98621262161876,96.0,98.0,99.0,96.0
48029170300,29.420376,-98.533986,Bexar County,11.201035582347277,93.0,88.0,93.0,97.0
48029170401,29.441023,-98.53151,Bexar County,11.077560787334034,95.0,94.0,96.0,88.0
48029170402,29.434251,-98.535091,Bexar County,10.939664218431627,96.0,92.0,96.0,94.0
48029170500,29.449624,-98.526694,Bexar County,10.303348378775665,88.0,88.0,92.0,94.0
48029170600,29.451439,-98.550662,Bexar County,10.01261400487266,93.0,62.0,84.0,82.0
48029170700,29.443284,-98.551169,Bexar County,10.090411497327102,98.0,91.0,95.0,85.0
48029170800,29.4337,-98.546675,Bexar County,10.694909541398586,98.0,95.0,97.0,92.0
48029170900,29.423719,-98.548673,Bexar County,10.611175738217481,91.0,93.0,95.0,93.0
48029171000,29.42299,-98.559752,Bexar County,10.577265239287486,98.0,95.0,97.0,94.0
48029171100,29.4211,-98.567773,Bexar County,10.66574961402252,97.0,91.0,95.0,95.0
48029171200,29.436367,-98.564755,Bexar County,10.819082339675399,95.0,97.0,98.0,93.0
48029171301,29.445017,-98.567783,Bexar County,10.05054765479806,95.0,92.0,95.0,90.0
48029171302,29.454205,-98.573036,Bexar County,9.969931951482199,89.0,84.0,90.0,86.0
48029171401,29.442162,-98.594947,Bexar County,9.804164943251624,93.0,92.0,95.0,83.0
48029171402,29.442348,-98.581113,Bexar County,9.98500520514466,95.0,85.0,92.0,91.0
48029171501,29.415795,-98.581501,Bexar County,10.594919728145086,95.0,97.0,98.0,91.0
48029171502,29.427941,-98.5804,Bexar County,10.583560109371033,95.0,92.0,96.0,94.0
48029171601,29.418629,-98.619209,Bexar County,10.128311053861166,96.0,87.0,94.0,84.0
48029171602,29.422067,-98.595774,Bexar County,10.546580909156857,95.0,97.0,98.0,90.0
48029171700,29.424663,-98.634587,Bexar County,10.290207797114052,94.0,77.0,89.0,78.0
48029171801,29.413052,-98.639431,Bexar County,10.362952330817524,85.0,66.0,82.0,94.0
48029171802,29.405661,-98.636304,Bexar County,10.392615426105769,91.0,94.0,95.0,89.0
48029171903,29.406959,-98.656758,Bexar County,10.439503145320785,88.0,91.0,93.0,76.0
48029171912,29.48133,-98.682088,Bexar County,9.40608021408282,82.0,51.0,74.0,64.0
48029171913,29.423404,-98.671991,Bexar County,10.489190987021892,88.0,72.0,85.0,79.0
48029171914,29.433304,-98.679263,Bexar County,10.471818022295889,89.0,37.0,75.0,71.0
48029171915,29.4242,-98.683892,Bexar County,10.455556225256732,83.0,56.0,77.0,80.0
48029171916,29.423263,-98.699273,Bexar County,10.50504597269353,80.0,24.0,64.0,69.0
48029171917,29.441856,-98.697776,Bexar County,9.949183639065723,82.0,40.0,71.0,76.0
48029171918,29.448879,-98.687719,Bexar County,9.915018548817796,88.0,45.0,77.0,65.0
48029171919,29.392165,-98.684898,Bexar County,10.669219387006551,88.0,44.0,77.0,64.0
48029171920,29.404551,-98.678596,Bexar County,10.407489966387388,87.0,68.0,83.0,71.0
48029171921,29.397256,-98.698864,Bexar County,10.439415858217561,81.0,49.0,73.0,68.0
48029171922,29.410354,-98.686223,Bexar County,10.401389990758735,80.0,31.0,66.0,60.0
48029171923,29.45589,-98.651045,Bexar County,9.818104451305983,85.0,37.0,73.0,44.0
48029171924,29.454649,-98.674879,Bexar County,9.830374403127143,83.0,37.0,70.0,61.0
48029171926,29.446244,-98.641241,Bexar County,9.782337093464337,73.0,86.0,83.0,71.0
48029171927,29.428851,-98.660283,Bexar County,10.397513709953365,88.0,78.0,87.0,80.0
48029171928,29.469578,-98.663366,Bexar County,9.643389675816145,83.0,9.0,59.0,70.0
48029171929,29.465331,-98.654983,Bexar County,9.63646014766209,85.0,90.0,91.0,76.0
48029172002,29.409027,-98.736147,Bexar County,10.431232467817322,82.0,28.0,67.0,62.0
48029172003,29.440703,-98.720824,Bexar County,10.592704752418664,76.0,34.0,63.0,62.0
48029172004,29.482314,-98.751926,Bexar County,9.245135369099847,76.0,12.0,52.0,0.0
48029172005,29.493957,-98.729257,Bexar County,9.370632478919129,77.0,38.0,66.0,36.0
48029172006,29.448437,-98.781182,Bexar County,9.47219430630042,79.0,29.0,64.0,48.0
48029172008,29.477488,-98.725456,Bexar County,9.439659351680149,76.0,11.0,52.0,76.0
48029172009,29.443888,-98.736889,Bexar County,9.588109503877778,79.0,10.0,56.0,42.0
48029180101,29.459143,-98.536022,Bexar County,10.178146064557627,80.0,58.0,76.0,77.0
48029180102,29.465818,-98.536806,Bexar County,10.058480783328754,84.0,58.0,78.0,70.0
48029180201,29.476928,-98.532873,Bexar County,9.989600017659527,87.0,75.0,86.0,92.0
48029180202,29.474396,-98.54126,Bexar County,10.056226856684885,84.0,89.0,91.0,90.0
48029180300,29.467127,-98.556539,Bexar County,9.836642271863699,90.0,92.0,94.0,80.0
48029180400,29.462586,-98.570009,Bexar County,9.870803896545535,93.0,95.0,97.0,86.0
48029180501,29.47001,-98.586442,Bexar County,9.638919357324863,89.0,96.0,97.0,94.0
48029180503,29.460157,-98.593058,Bexar County,10.089831749855481,91.0,87.0,92.0,80.0
48029180504,29.452486,-98.59141,Bexar County,9.613349094903462,92.0,90.0,94.0,79.0
48029180602,29.478074,-98.555299,Bexar County,9.861900341796233,82.0,64.0,79.0,76.0
48029180603,29.484609,-98.585204,Bexar County,9.82463418480268,81.0,60.0,77.0,64.0
48029180604,29.481254,-98.569624,Bexar County,9.858060219664065,90.0,83.0,90.0,70.0
48029180701,29.50108,-98.566722,Bexar County,9.829204705227728,76.0,61.0,74.0,77.0
48029180702,29.493679,-98.585987,Bexar County,9.806051569435592,80.0,84.0,86.0,64.0
48029180800,29.4884,-98.551374,Bexar County,9.919382158372876,85.0,93.0,93.0,82.0
48029180901,29.500247,-98.540061,Bexar County,9.96492827778086,87.0,71.0,84.0,88.0
48029180902,29.498922,-98.530773,Bexar County,9.941876653787688,91.0,91.0,94.0,92.0
48029181001,29.514807,-98.541884,Bexar County,9.852715898942103,86.0,78.0,86.0,89.0
48029181003,29.521024,-98.564634,Bexar County,9.76365684997518,85.0,92.0,93.0,92.0
48029181004,29.512055,-98.561222,Bexar County,9.765920213260504,80.0,75.0,82.0,49.0
48029181005,29.502271,-98.553507,Bexar County,9.830267627957886,81.0,94.0,93.0,90.0
48029181100,29.528436,-98.550442,Bexar County,9.509219185528046,77.0,35.0,64.0,71.0
48029181200,29.537849,-98.539387,Bexar County,10.12688306273775,66.0,7.0,37.0,0.0
48029181301,29.547318,-98.558929,Bexar County,9.432499175790817,77.0,49.0,70.0,80.0
48029181302,29.543031,-98.567851,Bexar County,9.127984013575865,76.0,45.0,67.0,67.0
48029181303,29.526586,-98.570715,Bexar County,9.682927942596981,83.0,87.0,89.0,89.0
48029181402,29.510497,-98.580523,Bexar County,9.809034367602637,78.0,69.0,78.0,66.0
48029181403,29.525986,-98.579853,Bexar County,9.704907829844977,83.0,79.0,85.0,73.0
48029181404,29.528652,-98.587755,Bexar County,9.551622296432914,82.0,63.0,79.0,75.0
48029181503,29.513264,-98.60172,Bexar County,9.786431059953205,81.0,72.0,81.0,51.0
48029181504,29.505449,-98.593668,Bexar County,9.89848599726663,83.0,62.0,79.0,80.0
48029181505,29.499712,-98.604951,Bexar County,9.740432578557083,79.0,36.0,67.0,66.0
48029181506,29.492289,-98.607917,Bexar County,9.749305642768824,80.0,71.0,80.0,76.0
48029181601,29.472052,-98.606256,Bexar County,9.616339388781242,88.0,74.0,86.0,78.0
48029181602,29.459078,-98.607094,Bexar County,9.766935271761987,93.0,79.0,89.0,77.0
48029181703,29.52908,-98.652398,Bexar County,9.459532843799716,69.0,23.0,51.0,68.0
48029181704,29.498843,-98.633521,Bexar County,9.508521564124454,86.0,67.0,82.0,84.0
48029181705,29.480881,-98.615996,Bexar County,9.53982398790869,85.0,77.0,85.0,85.0
48029181711,29.508761,-98.652941,Bexar County,9.423953012634827,83.0,35.0,69.0,35.0
48029181712,29.493259,-98.659228,Bexar County,9.35771178840631,78.0,26.0,62.0,54.0
48029181713,29.486164,-98.649262,Bexar County,9.525460848990447,80.0,36.0,67.0,58.0
48029181715,29.500502,-98.685955,Bexar County,9.463155173641614,84.0,67.0,81.0,70.0
48029181716,29.509251,-98.690283,Bexar County,9.451469775922135,88.0,72.0,85.0,78.0
48029181718,29.52726,-98.671932,Bexar County,9.470044328044281,70.0,24.0,53.0,39.0
48029181720,29.539754,-98.663178,Bexar County,9.45257046113334,65.0,6.0,34.0,36.0
48029181721,29.540583,-98.673591,Bexar County,9.425791810534207,75.0,8.0,50.0,0.0
48029181722,29.513656,-98.674407,Bexar County,9.435287597886633,75.0,50.0,69.0,45.0
48029181723,29.521459,-98.678669,Bexar County,9.438951242099641,81.0,41.0,70.0,59.0
48029181724,29.547879,-98.687255,Bexar County,9.394599764206202,77.0,6.0,51.0,67.0
48029181725,29.467377,-98.634312,Bexar County,9.5784712149322,84.0,69.0,82.0,40.0
48029181726,29.530327,-98.703687,Bexar County,9.477105597845979,78.0,6.0,52.0,44.0
48029181727,29.46885,-98.640235,Bexar County,9.576224857443945,87.0,59.0,81.0,86.0
48029181729,29.51809,-98.735425,Bexar County,9.31946185949234,79.0,30.0,65.0,33.0
48029181730,29.49389,-98.670329,Bexar County,9.42703536274799,84.0,73.0,83.0,84.0
48029181731,29.502539,-98.673486,Bexar County,9.454289195822179,81.0,52.0,74.0,72.0
48029181732,29.508172,-98.707545,Bexar County,9.464298355166271,77.0,85.0,85.0,86.0
48029181733,29.513319,-98.712881,Bexar County,9.458993907991406,81.0,20.0,62.0,59.0
48029181808,29.538938,-98.594494,Bexar County,9.541353527390081,75.0,28.0,60.0,81.0
48029181809,29.551199,-98.622843,Bexar County,9.440514783585456,81.0,55.0,75.0,80.0
48029181811,29.530116,-98.636004,Bexar County,9.486238898185643,74.0,45.0,66.0,59.0
48029181813,29.555629,-98.57863,Bexar County,9.43643734756185,82.0,67.0,80.0,78.0
48029181814,29.575957,-98.587493,Bexar County,9.259508645444361,78.0,45.0,69.0,66.0
48029181815,29.5488,-98.596395,Bexar County,9.545770768023633,73.0,22.0,55.0,61.0
48029181816,29.556215,-98.608319,Bexar County,9.59794292473668,75.0,41.0,65.0,75.0
48029181817,29.513111,-98.616542,Bexar County,9.346422173332119,83.0,36.0,70.0,79.0
48029181818,29.526743,-98.60905,Bexar County,9.611753613548862,76.0,60.0,73.0,82.0
48029181819,29.56557,-98.610957,Bexar County,9.525780749340516,80.0,72.0,81.0,74.0
48029181820,29.578794,-98.618148,Bexar County,9.290143254802565,82.0,91.0,91.0,81.0
48029181821,29.541425,-98.622177,Bexar County,9.40229953577214,76.0,35.0,64.0,67.0
48029181822,29.521854,-98.625129,Bexar County,9.408661503876235,76.0,61.0,73.0,52.0
48029181823,29.579505,-98.637435,Bexar County,9.400254443293058,70.0,80.0,78.0,71.0
48029181824,29.565855,-98.639479,Bexar County,9.40204482178951,85.0,67.0,82.0,0.0
48029181825,29.550634,-98.654521,Bexar County,9.434915373617438,72.0,56.0,69.0,84.0
48029181826,29.553793,-98.638723,Bexar County,9.42141427809855,82.0,22.0,64.0,37.0
48029181901,29.600526,-98.61972,Bexar County,9.30522684660621,72.0,82.0,80.0,63.0
48029181902,29.643055,-98.636514,Bexar County,8.62205486222621,73.0,23.0,55.0,63.0
48029182001,29.569291,-98.66238,Bexar County,9.374522646105843,72.0,15.0,50.0,62.0
48029182002,29.587236,-98.665913,Bexar County,9.297250855364972,66.0,12.0,41.0,0.0
48029182003,29.599853,-98.642979,Bexar County,9.251384560290152,74.0,9.0,49.0,80.0
48029182101,29.714591,-98.643189,Bexar County,8.760538222402001,49.0,9.0,21.0,40.0
48029182102,29.693576,-98.661576,Bexar County,8.636012073225164,57.0,19.0,36.0,55.0
48029182103,29.645505,-98.701695,Bexar County,8.678114262460324,62.0,15.0,38.0,42.0
48029182105,29.532357,-98.777655,Bexar County,8.513017518449796,76.0,29.0,61.0,46.0
48029182106,29.562475,-98.71799,Bexar County,9.214787091685121,75.0,7.0,48.0,58.0
48029190100,29.448691,-98.507498,Bexar County,10.436815991228949,85.0,87.0,90.0,88.0
48029190200,29.453089,-98.490506,Bexar County,10.304387458570663,75.0,30.0,61.0,68.0
48029190400,29.463421,-98.487636,Bexar County,10.511997763971701,68.0,41.0,59.0,0.0
48029190501,29.460907,-98.520224,Bexar County,10.247469442846203,87.0,91.0,93.0,75.0
48029190503,29.459874,-98.503477,Bexar County,10.283527644109261,81.0,74.0,82.0,91.0
48029190504,29.459416,-98.511154,Bexar County,10.24924187492193,86.0,88.0,90.0,78.0
48029190601,29.471496,-98.52167,Bexar County,10.099781372401479,92.0,95.0,97.0,95.0
48029190603,29.473878,-98.50376,Bexar County,10.080673489318208,93.0,83.0,91.0,91.0
48029190604,29.475258,-98.513262,Bexar County,10.09496161720461,95.0,88.0,94.0,95.0
48029190700,29.47688,-98.495152,Bexar County,9.973562698262919,78.0,68.0,78.0,69.0
48029190800,29.474437,-98.487837,Bexar County,9.990270011834275,29.0,8.0,7.0,0.0
48029190901,29.507115,-98.49814,Bexar County,9.888960140437577,79.0,78.0,83.0,77.0
48029190902,29.509241,-98.487096,Bexar County,9.855109956909358,78.0,34.0,65.0,80.0
48029191003,29.502745,-98.520382,Bexar County,9.909103612516798,88.0,88.0,92.0,88.0
48029191004,29.497763,-98.508407,Bexar County,9.906484058590555,90.0,95.0,96.0,89.0
48029191005,29.485296,-98.504143,Bexar County,9.989338012801822,91.0,70.0,86.0,75.0
48029191006,29.486297,-98.516826,Bexar County,10.004166323941833,94.0,92.0,95.0,96.0
48029191101,29.526529,-98.519005,Bexar County,9.964508532234097,59.0,6.0,28.0,0.0
48029191102,29.512925,-98.514358,Bexar County,9.891465939641034,77.0,34.0,64.0,91.0
48029191201,29.541031,-98.50067,Bexar County,9.789399834133832,73.0,46.0,65.0,59.0
48029191202,29.532099,-98.506964,Bexar County,9.861642932025973,76.0,62.0,74.0,78.0
48029191303,29.556092,-98.476224,Bexar County,9.938380093955178,64.0,37.0,53.0,72.0
48029191304,29.529422,-98.491562,Bexar County,9.919188800938468,86.0,90.0,92.0,90.0
48029191405,29.567402,-98.533063,Bexar County,9.531943453923885,69.0,19.0,49.0,75.0
48029191406,29.597612,-98.520572,Bexar County,9.544429291064976,55.0,2.0,18.0,0.0
48029191408,29.550136,-98.515347,Bexar County,9.809350938696621,80.0,82.0,85.0,85.0
48029191409,29.543575,-98.52119,Bexar County,9.840160870770722,83.0,73.0,82.0,88.0
48029191410,29.55469,-98.508434,Bexar County,9.741956907958386,79.0,87.0,87.0,77.0
48029191411,29.568789,-98.513336,Bexar County,9.528696511876399,72.0,29.0,57.0,72.0
48029191412,29.591791,-98.536909,Bexar County,9.512348165582305,52.0,2.0,16.0,0.0
48029191413,29.578958,-98.525521,Bexar County,9.536701519857125,65.0,18.0,44.0,37.0
48029191503,29.57485,-98.572156,Bexar County,9.060080229655968,64.0,22.0,45.0,52.0
48029191504,29.582062,-98.561709,Bexar County,9.443533123936472,59.0,5.0,26.0,43.0
48029191505,29.555297,-98.555026,Bexar County,9.134671997117117,60.0,4.0,26.0,39.0
48029191506,29.558525,-98.542195,Bexar County,9.379073707012576,73.0,35.0,61.0,74.0
48029191701,29.585994,-98.490439,Bexar County,9.57789125863045,52.0,17.0,30.0,0.0
48029191702,29.596866,-98.497324,Bexar County,9.535868780535584,48.0,30.0,35.0,42.0
48029191804,29.704127,-98.495644,Bexar County,8.431080871584204,58.0,4.0,25.0,36.0
48029191806,29.612971,-98.53385,Bexar County,9.210978546698707,63.0,4.0,31.0,34.0
48029191807,29.629591,-98.596365,Bexar County,9.403392734387248,73.0,35.0,61.0,78.0
48029191808,29.658952,-98.464504,Bexar County,8.84602827835922,66.0,10.0,40.0,52.0
48029191809,29.678765,-98.487193,Bexar County,8.524555196469336,68.0,7.0,40.0,75.0
48029191810,29.676409,-98.466269,Bexar County,8.588791277873542,71.0,47.0,64.0,64.0
48029191811,29.656499,-98.511823,Bexar County,8.91014652455316,67.0,9.0,40.0,68.0
48029191812,29.654975,-98.48875,Bexar County,8.912970508189806,69.0,3.0,38.0,34.0
48029191813,29.643984,-98.499005,Bexar County,9.018689527035978,70.0,16.0,48.0,82.0
48029191814,29.69476,-98.468596,Bexar County,8.457757717055062,70.0,14.0,48.0,64.0
48029191815,29.630461,-98.50832,Bexar County,9.404728011339762,70.0,15.0,48.0,0.0
48029191816,29.61693,-98.501974,Bexar County,9.473331632503786,64.0,12.0,38.0,42.0
48029191818,29.618295,-98.483003,Bexar County,9.468154755608394,66.0,53.0,63.0,66.0
48029191819,29.637337,-98.476758,Bexar County,9.247419728270375,72.0,28.0,57.0,35.0
48029191900,29.427923,-98.469668,Bexar County,10.764125953821063,79.0,63.0,76.0,86.0
48029192000,29.458511,-98.466348,Bexar County,10.436708165754286,71.0,65.0,71.0,64.0
48029192100,29.409001,-98.493545,Bexar County,10.702610575120802,71.0,28.0,55.0,69.0
48029192200,29.346183,-98.45028,Bexar County,10.968877949708046,86.0,78.0,86.0,67.0
48029192300,29.565503,-98.498526,Bexar County,9.763861834705391,67.0,28.0,52.0,50.0
48029980001,29.723136,-98.622318,Bexar County,8.548188123355704,0.0,0.0,0.0,0.0
48029980002,29.376425,-98.546043,Bexar County,10.875682962163701,0.0,0.0,0.0,0.0
48029980003,29.369534,-98.651132,Bexar County,10.782756782659442,60.0,53.0,58.0,0.0
48029980004,29.535633,-98.468536,Bexar County,9.8202035063257,0.0,0.0,0.0,0.0
48029980005,29.578233,-98.748415,Bexar County,8.482799961055694,100.0,0.0,63.0,0.0
48029980100,29.384854,-98.571104,Bexar County,10.74516725106528,88.0,70.0,84.0,72.0
48031950101,30.262412,-98.428915,Blanco County,8.691244713430867,39.0,58.0,47.0,64.0
48031950102,30.351464,-98.336305,Blanco County,8.695145586042901,21.0,14.0,8.0,51.0
48031950201,30.062736,-98.3691,Blanco County,9.189677146699426,44.0,39.0,38.0,33.0
48031950202,30.093979,-98.436255,Blanco County,9.513819777520041,49.0,35.0,39.0,52.0
48033950100,32.757641,-101.436493,Borden County,6.483798788538649,30.0,37.0,28.0,0.0
48035950100,32.032259,-97.697629,Bosque County,8.064346502736452,45.0,69.0,58.0,45.0
48035950200,31.926959,-97.655321,Bosque County,8.334341638755529,43.0,75.0,61.0,51.0
48035950300,31.9707,-97.498236,Bosque County,8.198228501960687,26.0,27.0,18.0,59.0
48035950400,31.779603,-97.558922,Bosque County,8.266427163010562,26.0,27.0,18.0,66.0
48035950500,31.780553,-97.581651,Bosque County,8.266162321202197,55.0,84.0,73.0,46.0
48035950600,31.870228,-97.396582,Bosque County,8.023424033220575,8.0,48.0,24.0,0.0
48035950700,31.669329,-97.482123,Bosque County,7.908892693831394,48.0,71.0,61.0,34.0
48037010100,33.449176,-94.049234,Bowie County,11.161718146303523,73.0,79.0,79.0,57.0
48037010400,33.403435,-94.076285,Bowie County,11.09090064489284,76.0,93.0,90.0,67.0
48037010500,33.425905,-94.058234,Bowie County,11.097315720541207,82.0,98.0,97.0,0.0
48037010600,33.435783,-94.067325,Bowie County,11.162457380468647,84.0,97.0,97.0,0.0
48037010700,33.453085,-94.066871,Bowie County,11.167756714039475,70.0,85.0,81.0,62.0
48037010800,33.440889,-94.084792,Bowie County,11.168950407777398,75.0,84.0,83.0,67.0
48037010903,33.471129,-94.074823,Bowie County,11.166125345352624,51.0,54.0,52.0,0.0
48037010904,33.48042,-94.089998,Bowie County,11.176269364828682,41.0,30.0,30.0,56.0
48037010905,33.444534,-94.123675,Bowie County,11.200185150577576,76.0,60.0,73.0,0.0
48037010906,33.470486,-94.1232,Bowie County,11.197908163583206,30.0,24.0,18.0,43.0
48037011001,33.423334,-94.129948,Bowie County,11.135610218599647,61.0,87.0,78.0,41.0
48037011002,33.427737,-94.112875,Bowie County,11.201650717169704,57.0,70.0,65.0,54.0
48037011101,33.380088,-94.118021,Bowie County,11.074285996516405,40.0,80.0,63.0,46.0
48037011102,33.378,-94.086414,Bowie County,11.090095056412041,63.0,72.0,70.0,0.0
48037011201,33.495735,-94.128192,Bowie County,11.487094071132262,30.0,7.0,8.0,0.0
48037011202,33.440925,-94.180359,Bowie County,11.616081928715378,10.0,21.0,7.0,0.0
48037011301,33.469403,-94.273308,Bowie County,11.548502883067146,31.0,75.0,56.0,40.0
48037011302,33.496695,-94.275135,Bowie County,11.536051416110778,50.0,72.0,63.0,0.0
48037011402,33.331885,-94.299117,Bowie County,11.320018791221095,23.0,70.0,49.0,0.0
48037011403,33.342172,-94.115087,Bowie County,11.182308830984523,39.0,49.0,42.0,0.0
48037011404,33.376129,-94.275022,Bowie County,11.233465635186214,19.0,42.0,24.0,0.0
48037011501,33.442909,-94.458462,Bowie County,11.416212208035715,52.0,51.0,51.0,0.0
48037011502,33.474221,-94.419151,Bowie County,11.24796567947212,52.0,79.0,68.0,37.0
48037011601,33.495241,-94.635092,Bowie County,12.25180558694107,53.0,64.0,60.0,0.0
48037011602,33.522679,-94.602394,Bowie County,12.298164738750982,37.0,63.0,50.0,66.0
48037011700,33.358734,-94.55981,Bowie County,11.383628363791207,3.0,82.0,52.0,0.0
48039660100,29.551336,-95.231005,Brazoria County,9.40138699944145,62.0,23.0,44.0,60.0
48039660200,29.531324,-95.229045,Brazoria County,9.739379140257816,64.0,15.0,40.0,61.0
48039660301,29.555769,-95.274041,Brazoria County,9.254341868867963,75.0,17.0,54.0,54.0
48039660302,29.543531,-95.261726,Brazoria County,9.216128403161338,53.0,3.0,19.0,0.0
48039660303,29.536094,-95.252045,Brazoria County,9.383902877692845,48.0,8.0,20.0,54.0
48039660401,29.583476,-95.278937,Brazoria County,9.902726851488842,67.0,28.0,51.0,71.0
48039660402,29.572562,-95.271034,Brazoria County,9.612318342529726,71.0,20.0,51.0,0.0
48039660403,29.565674,-95.263954,Brazoria County,9.591596206204171,70.0,13.0,46.0,58.0
48039660501,29.571966,-95.338862,Brazoria County,8.970677031398589,80.0,13.0,58.0,65.0
48039660502,29.574161,-95.316466,Brazoria County,9.012016961015592,80.0,9.0,56.0,46.0
48039660503,29.568359,-95.297867,Brazoria County,8.942984779523167,57.0,60.0,60.0,41.0
48039660504,29.591018,-95.314736,Brazoria County,9.062383755484268,70.0,28.0,55.0,58.0
48039660603,29.577573,-95.410694,Brazoria County,8.55608427847813,80.0,3.0,51.0,93.0
48039660604,29.562165,-95.424034,Brazoria County,8.366144542998986,88.0,1.0,57.0,94.0
48039660605,29.5673,-95.416181,Brazoria County,8.535087498572748,93.0,2.0,64.0,66.0
48039660606,29.563919,-95.403231,Brazoria County,8.631378083236974,84.0,3.0,56.0,85.0
48039660607,29.56696,-95.394994,Brazoria County,8.543015386933941,81.0,45.0,72.0,0.0
48039660608,29.581238,-95.374078,Brazoria County,8.73089459258881,52.0,19.0,31.0,0.0
48039660609,29.573696,-95.369144,Brazoria County,8.780866306202268,74.0,32.0,61.0,79.0
48039660610,29.564668,-95.368581,Brazoria County,8.73372973783292,83.0,14.0,62.0,68.0
48039660611,29.547809,-95.42142,Brazoria County,8.630572859621669,81.0,22.0,63.0,75.0
48039660612,29.548653,-95.40145,Brazoria County,8.438987156183199,74.0,49.0,68.0,60.0
48039660613,29.518747,-95.428629,Brazoria County,8.351653044376258,86.0,5.0,60.0,73.0
48039660614,29.50451,-95.430608,Brazoria County,8.382269736437037,77.0,6.0,51.0,72.0
48039660615,29.505289,-95.404786,Brazoria County,8.374584642986123,77.0,23.0,60.0,36.0
48039660616,29.53389,-95.397621,Brazoria County,8.583999098205958,83.0,9.0,59.0,43.0
48039660703,29.549965,-95.374467,Brazoria County,8.453821785884882,74.0,6.0,47.0,0.0
48039660704,29.547606,-95.358111,Brazoria County,8.655033260280556,73.0,1.0,39.0,0.0
48039660705,29.550088,-95.340798,Brazoria County,9.19098136299054,75.0,41.0,65.0,73.0
48039660706,29.53505,-95.378799,Brazoria County,8.61186672353766,72.0,1.0,37.0,44.0
48039660707,29.535432,-95.354325,Brazoria County,8.79693782682753,69.0,2.0,35.0,35.0
48039660708,29.509592,-95.365783,Brazoria County,8.884549851015684,67.0,15.0,44.0,46.0
48039660803,29.551898,-95.319058,Brazoria County,8.910949220125039,75.0,15.0,53.0,84.0
48039660804,29.555485,-95.296391,Brazoria County,8.778821648083406,68.0,22.0,49.0,42.0
48039660805,29.536538,-95.310638,Brazoria County,8.781295345347534,76.0,12.0,53.0,64.0
48039660806,29.541422,-95.293114,Brazoria County,8.978650281971497,75.0,73.0,78.0,93.0
48039660901,29.486531,-95.277213,Brazoria County,8.892597658721042,78.0,73.0,80.0,81.0
48039660902,29.523476,-95.289972,Brazoria County,8.868281738822006,67.0,34.0,55.0,91.0
48039661000,29.459477,-95.276849,Brazoria County,9.07352230002555,67.0,43.0,59.0,68.0
48039661100,29.444505,-95.234331,Brazoria County,9.030891321946696,74.0,80.0,80.0,87.0
48039661200,29.41404,-95.238385,Brazoria County,9.086636036981414,71.0,73.0,75.0,73.0
48039661300,29.424008,-95.255235,Brazoria County,9.317623213401808,68.0,74.0,73.0,86.0
48039661400,29.409139,-95.258306,Brazoria County,9.147620430400956,70.0,41.0,61.0,41.0
48039661501,29.436576,-95.312119,Brazoria County,8.868070664693493,65.0,65.0,67.0,89.0
48039661502,29.384216,-95.295255,Brazoria County,9.759591561629797,57.0,72.0,67.0,57.0
48039661601,29.392189,-95.223527,Brazoria County,9.081345190333664,57.0,31.0,45.0,73.0
48039661602,29.368999,-95.248435,Brazoria County,9.14707090870005,69.0,26.0,53.0,78.0
48039661700,29.293055,-95.248711,Brazoria County,9.169456867364216,52.0,33.0,41.0,0.0
48039661800,29.396945,-95.3764,Brazoria County,8.686253532272788,78.0,35.0,65.0,70.0
48039661901,29.314717,-95.501301,Brazoria County,8.609081060200655,79.0,26.0,63.0,63.0
48039661902,29.433258,-95.453225,Brazoria County,8.273292041013342,85.0,15.0,64.0,66.0
48039662000,29.184419,-95.662823,Brazoria County,8.539944082205462,43.0,30.0,32.0,69.0
48039662100,29.1901,-95.472845,Brazoria County,8.546265400071759,59.0,49.0,56.0,62.0
48039662200,29.203882,-95.41496,Brazoria County,8.490362022114757,55.0,19.0,34.0,73.0
48039662300,29.176031,-95.422352,Brazoria County,8.498690585398087,56.0,55.0,57.0,45.0
48039662400,29.198638,-95.375842,Brazoria County,8.547041861722713,57.0,41.0,50.0,45.0
48039662500,29.141572,-95.500541,Brazoria County,8.500739115608878,48.0,45.0,46.0,54.0
48039662600,29.120441,-95.643825,Brazoria County,8.541221585792778,49.0,75.0,65.0,46.0
48039662700,29.111334,-95.728835,Brazoria County,8.394888593355402,57.0,70.0,65.0,75.0
48039662800,29.03626,-95.686465,Brazoria County,8.128296209065576,56.0,41.0,49.0,36.0
48039662900,29.059685,-95.603256,Brazoria County,8.174820566800387,48.0,67.0,58.0,74.0
48039663000,29.012617,-95.546506,Brazoria County,8.18078758858279,55.0,60.0,59.0,43.0
48039663100,29.079886,-95.457516,Brazoria County,8.021730596073754,60.0,6.0,30.0,0.0
48039663200,29.051713,-95.445586,Brazoria County,7.97577577170113,56.0,59.0,59.0,52.0
48039663300,29.034492,-95.438606,Brazoria County,8.073031971225474,63.0,57.0,62.0,69.0
48039663400,29.028611,-95.449101,Brazoria County,8.070230253649877,59.0,54.0,58.0,0.0
48039663500,29.026636,-95.427498,Brazoria County,8.162827814932179,63.0,46.0,57.0,76.0
48039663600,29.050722,-95.427393,Brazoria County,8.210140654474928,47.0,11.0,21.0,0.0
48039663700,29.055461,-95.411714,Brazoria County,8.21186142715852,74.0,27.0,58.0,48.0
48039663800,29.028975,-95.410429,Brazoria County,8.208733984278254,74.0,46.0,67.0,81.0
48039663900,29.016811,-95.40399,Brazoria County,8.209235479586727,85.0,51.0,77.0,94.0
48039664000,29.037184,-95.390387,Brazoria County,8.317646232608864,78.0,80.0,83.0,59.0
48039664100,29.124667,-95.395381,Brazoria County,8.173300225138398,61.0,41.0,53.0,73.0
48039664200,28.986156,-95.301645,Brazoria County,8.522071886978232,46.0,55.0,50.0,37.0
48039664300,28.970943,-95.366126,Brazoria County,8.307377230301174,87.0,86.0,90.0,84.0
48039664400,28.94949,-95.362838,Brazoria County,8.302408315435311,77.0,94.0,91.0,0.0
48039664501,28.966528,-95.521484,Brazoria County,8.16270491363933,49.0,52.0,50.0,33.0
48039990000,28.912255,-95.292401,Brazoria County,8.676101044542188,0.0,0.0,0.0,0.0
48041000103,30.868096,-96.294123,Brazos County,10.820809593205938,46.0,49.0,46.0,84.0
48041000104,30.74941,-96.363188,Brazos County,11.04698673070529,63.0,68.0,68.0,0.0
48041000105,30.678618,-96.282516,Brazos County,10.619872228044535,40.0,17.0,19.0,62.0
48041000106,30.707001,-96.223746,Brazos County,10.53860624092893,29.0,54.0,40.0,42.0
48041000107,30.684551,-96.327071,Brazos County,10.592520585164456,56.0,14.0,32.0,0.0
48041000108,30.729772,-96.293327,Brazos County,11.128917054089847,8.0,26.0,10.0,44.0
48041000203,30.624789,-96.382086,Brazos County,10.283254338722072,61.0,23.0,43.0,83.0
48041000204,30.634874,-96.371149,Brazos County,10.45395386264929,81.0,94.0,92.0,73.0
48041000205,30.699805,-96.453163,Brazos County,10.48737021708897,72.0,38.0,61.0,69.0
48041000206,30.625478,-96.399781,Brazos County,9.855117663161689,66.0,8.0,38.0,42.0
48041000207,30.612859,-96.408176,Brazos County,9.797876751574632,72.0,61.0,71.0,76.0
48041000301,30.712879,-96.392504,Brazos County,10.601954462710308,86.0,75.0,85.0,84.0
48041000302,30.701419,-96.377196,Brazos County,10.491241741303966,80.0,63.0,77.0,89.0
48041000401,30.681641,-96.359442,Brazos County,10.982297076589475,86.0,79.0,87.0,35.0
48041000402,30.676009,-96.346335,Brazos County,10.588375302920193,80.0,82.0,85.0,80.0
48041000501,30.682906,-96.387689,Brazos County,10.148237335845185,89.0,92.0,94.0,92.0
48041000502,30.67912,-96.377489,Brazos County,10.408983793161882,90.0,98.0,98.0,97.0
48041000603,30.66888,-96.386255,Brazos County,10.12709978082574,88.0,91.0,93.0,84.0
48041000605,30.651076,-96.384774,Brazos County,9.92589295466572,86.0,90.0,92.0,92.0
48041000606,30.660169,-96.382723,Brazos County,9.92149140440323,90.0,80.0,89.0,89.0
48041000700,30.66977,-96.364275,Brazos County,10.668727059739247,78.0,81.0,83.0,88.0
48041000800,30.66018,-96.356018,Brazos County,10.5268919558956,60.0,69.0,67.0,82.0
48041000900,30.648649,-96.365454,Brazos County,10.469317841830081,86.0,98.0,98.0,86.0
48041001001,30.632119,-96.358668,Brazos County,10.662090946267936,65.0,98.0,92.0,46.0
48041001002,30.62858,-96.351766,Brazos County,10.740314544953566,59.0,95.0,85.0,36.0
48041001101,30.646028,-96.342112,Brazos County,10.733240575496081,43.0,63.0,53.0,0.0
48041001102,30.647635,-96.336307,Brazos County,10.789414294529315,56.0,92.0,80.0,55.0
48041001301,30.637878,-96.323997,Brazos County,10.900745350188027,58.0,93.0,82.0,74.0
48041001302,30.630165,-96.311791,Brazos County,10.876751204321348,57.0,83.0,73.0,90.0
48041001303,30.623711,-96.320058,Brazos County,10.874863617072068,61.0,98.0,90.0,38.0
48041001401,30.619086,-96.349275,Brazos County,10.89197509115703,68.0,99.0,97.0,0.0
48041001604,30.595714,-96.316161,Brazos County,10.926427007311831,53.0,91.0,78.0,82.0
48041001605,30.596978,-96.326047,Brazos County,11.105440724666918,68.0,88.0,82.0,33.0
48041001606,30.60702,-96.316582,Brazos County,11.109906344762054,61.0,91.0,82.0,75.0
48041001607,30.612809,-96.321592,Brazos County,11.090771005419224,62.0,91.0,82.0,94.0
48041001608,30.603577,-96.330965,Brazos County,11.090543335651448,46.0,92.0,77.0,0.0
48041001702,30.609521,-96.300613,Brazos County,10.958162476103627,70.0,82.0,79.0,82.0
48041001703,30.615389,-96.309928,Brazos County,11.09068239907915,55.0,98.0,87.0,47.0
48041001704,30.619256,-96.302968,Brazos County,11.0907248639979,62.0,80.0,74.0,81.0
48041001801,30.589576,-96.298459,Brazos County,10.909496770621267,48.0,62.0,56.0,0.0
48041001803,30.582879,-96.311226,Brazos County,10.92070074819647,61.0,69.0,67.0,56.0
48041001804,30.575609,-96.294789,Brazos County,10.905064653452234,62.0,77.0,72.0,63.0
48041001901,30.66359,-96.342342,Brazos County,10.526549753130672,46.0,48.0,46.0,73.0
48041001902,30.648152,-96.327293,Brazos County,10.789797661351772,51.0,61.0,56.0,0.0
48041002001,30.608652,-96.283176,Brazos County,10.927111393014258,39.0,26.0,26.0,55.0
48041002006,30.570755,-96.302606,Brazos County,10.905852488059537,53.0,48.0,51.0,64.0
48041002009,30.562483,-96.239231,Brazos County,11.06967471942011,46.0,7.0,17.0,40.0
48041002010,30.517654,-96.222356,Brazos County,11.077672762228518,34.0,3.0,6.0,46.0
48041002011,30.504807,-96.278245,Brazos County,10.583845835815518,32.0,5.0,7.0,0.0
48041002014,30.5779,-96.349061,Brazos County,11.094960728881503,43.0,96.0,81.0,0.0
48041002016,30.626334,-96.266574,Brazos County,11.104405018021442,42.0,40.0,38.0,41.0
48041002017,30.600813,-96.343218,Brazos County,10.795719443509478,60.0,98.0,90.0,49.0
48041002018,30.561647,-96.2943,Brazos County,10.930508483810229,51.0,42.0,46.0,69.0
48041002019,30.570447,-96.285748,Brazos County,10.907714268576992,59.0,74.0,68.0,80.0
48041002020,30.533684,-96.31082,Brazos County,10.767669963906199,29.0,16.0,13.0,73.0
48041002021,30.568366,-96.325558,Brazos County,10.914403738374897,34.0,90.0,71.0,38.0
48041002022,30.658883,-96.30571,Brazos County,10.789262711774542,51.0,34.0,40.0,0.0
48041002023,30.590227,-96.342154,Brazos County,11.079174016075834,57.0,99.0,94.0,0.0
48041002024,30.591911,-96.335455,Brazos County,11.105046195495659,54.0,98.0,88.0,51.0
48041002025,30.56104,-96.276215,Brazos County,10.743046183690911,44.0,13.0,20.0,78.0
48041002026,30.545068,-96.284568,Brazos County,10.633000583259584,58.0,3.0,24.0,38.0
48041002100,30.618871,-96.339482,Brazos County,10.841239975641454,63.0,95.0,86.0,74.0
48041980000,30.586118,-96.366687,Brazos County,10.757243473045216,0.0,0.0,0.0,0.0
48043950300,30.364495,-103.666778,Brewster County,4.04803647365933,65.0,77.0,73.0,87.0
48043950400,30.354395,-103.661292,Brewster County,4.04803647365933,76.0,30.0,62.0,78.0
48043950500,29.949538,-103.531913,Brewster County,4.5673090069127324,52.0,44.0,47.0,71.0
48045950200,34.443465,-101.234309,Briscoe County,6.273972385406086,60.0,89.0,79.0,45.0
48047950100,27.177637,-98.14105,Brooks County,9.301625598000118,90.0,87.0,92.0,88.0
48047950200,27.22307,-98.146594,Brooks County,9.305522290488877,91.0,84.0,91.0,79.0
48049950100,31.946601,-98.979468,Brown County,6.998976045005314,16.0,34.0,17.0,50.0
48049950201,31.782668,-99.076197,Brown County,7.150643602572336,40.0,53.0,45.0,0.0
48049950202,31.831852,-99.099545,Brown County,7.137482270185624,22.0,50.0,32.0,59.0
48049950300,31.767248,-98.837419,Brown County,7.020253050608878,22.0,44.0,28.0,52.0
48049950500,31.711019,-99.1306,Brown County,6.812917980017585,40.0,54.0,46.0,68.0
48049950600,31.728767,-98.997239,Brown County,6.926637184319128,48.0,97.0,84.0,0.0
48049950700,31.719305,-98.985891,Brown County,6.930073155455628,71.0,95.0,89.0,81.0
48049950800,31.706647,-98.986956,Brown County,7.019294457897871,68.0,87.0,81.0,83.0
48049950900,31.694051,-98.981507,Brown County,7.014679929927924,45.0,69.0,58.0,40.0
48049951000,31.701273,-98.970661,Brown County,7.0202207968704196,68.0,76.0,75.0,51.0
48049951100,31.676819,-98.966519,Brown County,7.019830582908266,52.0,65.0,59.0,56.0
48049951200,31.746537,-98.937785,Brown County,7.018422275390828,45.0,59.0,52.0,52.0
48049951300,31.647296,-99.010325,Brown County,7.085950040798318,48.0,46.0,46.0,40.0
48051970100,30.618466,-96.632755,Burleson County,9.402718746003927,51.0,33.0,40.0,0.0
48051970201,30.448906,-96.710463,Burleson County,9.026464050726831,55.0,30.0,42.0,0.0
48051970202,30.544381,-96.802554,Burleson County,8.68507754647291,43.0,29.0,31.0,40.0
48051970300,30.529628,-96.701259,Burleson County,9.475518040545143,61.0,47.0,56.0,83.0
48051970400,30.467246,-96.501418,Burleson County,10.318385631034301,51.0,38.0,43.0,33.0
48051970501,30.338477,-96.631181,Burleson County,9.377815820898725,20.0,47.0,29.0,50.0
48051970502,30.364316,-96.555623,Burleson County,9.427691541539327,66.0,51.0,62.0,80.0
48053960101,30.836581,-98.004138,Burnet County,9.657079900420724,54.0,50.0,52.0,0.0
48053960102,30.721007,-98.048541,Burnet County,9.615716870764716,42.0,17.0,21.0,49.0
48053960200,30.860106,-98.249653,Burnet County,9.341527245608852,21.0,26.0,15.0,0.0
48053960301,30.748282,-98.232253,Burnet County,9.474453249457193,55.0,69.0,64.0,0.0
48053960302,30.770505,-98.224425,Burnet County,9.515097802264513,32.0,44.0,34.0,42.0
48053960401,30.747676,-98.371809,Burnet County,9.487675310371936,37.0,28.0,26.0,0.0
48053960402,30.71012,-98.187117,Burnet County,9.447210553681211,27.0,32.0,23.0,0.0
48053960501,30.590214,-98.368062,Burnet County,9.78355045669243,63.0,93.0,84.0,74.0
48053960502,30.604953,-98.398753,Burnet County,9.405569625902066,35.0,43.0,35.0,0.0
48053960600,30.606437,-98.321448,Burnet County,9.447563226108443,35.0,28.0,25.0,56.0
48053960701,30.56881,-98.280826,Burnet County,9.218415966731914,51.0,70.0,62.0,62.0
48053960702,30.592101,-98.26533,Burnet County,9.245357180265176,50.0,75.0,64.0,0.0
48053960801,30.548229,-98.320789,Burnet County,9.422652308445569,57.0,69.0,65.0,34.0
48053960802,30.480772,-98.178979,Burnet County,8.145137537042192,32.0,11.0,11.0,0.0
48053960803,30.540078,-98.155049,Burnet County,8.6148507665942,36.0,33.0,29.0,0.0
48055960102,29.883701,-97.585438,Caldwell County,9.217900071765415,73.0,63.0,72.0,55.0
48055960103,29.996279,-97.635555,Caldwell County,8.572569600534596,84.0,83.0,88.0,93.0
48055960104,29.965372,-97.746174,Caldwell County,9.046081125552037,79.0,43.0,69.0,76.0
48055960200,29.866432,-97.663653,Caldwell County,9.23855525174944,73.0,77.0,78.0,86.0
48055960300,29.876052,-97.684147,Caldwell County,9.178928791568156,63.0,47.0,57.0,46.0
48055960400,29.889577,-97.686792,Caldwell County,9.200259262269764,82.0,75.0,83.0,67.0
48055960501,29.864895,-97.856239,Caldwell County,9.107165420754724,76.0,82.0,82.0,86.0
48055960502,29.825455,-97.775363,Caldwell County,9.798187222039823,72.0,64.0,72.0,46.0
48055960600,29.749475,-97.565621,Caldwell County,9.878750695838002,39.0,21.0,22.0,0.0
48055960701,29.687688,-97.650696,Caldwell County,10.362516793346124,81.0,65.0,79.0,95.0
48055960702,29.673291,-97.643412,Caldwell County,10.378938612366797,66.0,43.0,58.0,0.0
48057000100,28.630203,-96.630978,Calhoun County,8.32896053256514,76.0,63.0,74.0,85.0
48057000200,28.606246,-96.630537,Calhoun County,8.351576621305327,83.0,87.0,89.0,80.0
48057000300,28.670895,-96.496927,Calhoun County,8.367060654265213,55.0,41.0,48.0,49.0
48057000401,28.582526,-96.629277,Calhoun County,8.351459531180256,73.0,30.0,58.0,62.0
48057000402,28.632252,-96.671403,Calhoun County,8.345715405901716,61.0,55.0,60.0,59.0
48057000501,28.449058,-96.555106,Calhoun County,8.504680569389569,39.0,47.0,41.0,48.0
48057000502,28.406609,-96.687588,Calhoun County,8.532639416360924,63.0,57.0,63.0,44.0
48057990000,28.191494,-96.614403,Calhoun County,8.438552899061031,0.0,0.0,0.0,0.0
48059030101,32.403527,-99.493459,Callahan County,7.685617136857878,36.0,63.0,49.0,33.0
48059030102,32.357411,-99.549931,Callahan County,7.690493027667817,23.0,26.0,16.0,0.0
48059030200,32.283103,-99.295291,Callahan County,7.812399923142355,24.0,65.0,45.0,45.0
48061010101,26.239583,-97.576972,Cameron County,10.96860603513749,89.0,59.0,82.0,86.0
48061010102,26.273855,-97.484487,Cameron County,10.546442689274189,77.0,83.0,83.0,77.0
48061010103,26.201461,-97.54304,Cameron County,11.01881403562797,95.0,73.0,88.0,82.0
48061010201,26.257478,-97.690904,Cameron County,11.345858170116196,87.0,83.0,89.0,80.0
48061010204,26.219879,-97.679873,Cameron County,11.351167276047528,85.0,82.0,88.0,77.0
48061010205,26.237042,-97.696932,Cameron County,11.33766104624482,82.0,58.0,77.0,50.0
48061010301,26.260797,-97.81441,Cameron County,12.160844242391448,94.0,92.0,95.0,83.0
48061010303,26.209496,-97.807838,Cameron County,12.179322880959354,90.0,56.0,82.0,85.0
48061010304,26.192556,-97.781264,Cameron County,12.000788587292691,83.0,84.0,87.0,60.0
48061010403,26.231433,-97.743615,Cameron County,11.607471453437666,84.0,81.0,86.0,85.0
48061010404,26.218368,-97.737916,Cameron County,11.591014703619397,91.0,41.0,78.0,51.0
48061010405,26.201413,-97.747435,Cameron County,11.680924181850159,81.0,82.0,85.0,73.0
48061010406,26.201819,-97.729296,Cameron County,11.67257389651723,90.0,51.0,80.0,89.0
48061010500,26.199463,-97.711928,Cameron County,11.703504633039213,94.0,96.0,97.0,91.0
48061010602,26.209677,-97.680982,Cameron County,11.355374926799286,82.0,42.0,71.0,70.0
48061010603,26.209742,-97.698166,Cameron County,11.37447847463366,89.0,95.0,96.0,76.0
48061010604,26.221237,-97.702163,Cameron County,11.382550001643036,86.0,88.0,91.0,74.0
48061010700,26.200934,-97.689819,Cameron County,11.338738081555293,90.0,88.0,92.0,91.0
48061010801,26.197366,-97.673869,Cameron County,11.523320136960782,90.0,87.0,92.0,78.0
48061010802,26.19715,-97.664608,Cameron County,11.481964279168455,88.0,97.0,97.0,71.0
48061010900,26.193288,-97.689868,Cameron County,11.338738081555293,90.0,98.0,98.0,92.0
48061011000,26.184478,-97.707163,Cameron County,11.683428180785816,92.0,97.0,98.0,97.0
48061011100,26.184689,-97.696946,Cameron County,11.360581101817862,92.0,97.0,98.0,90.0
48061011200,26.185842,-97.685604,Cameron County,11.355703108092785,90.0,96.0,97.0,95.0
48061011301,26.181009,-97.674363,Cameron County,11.51042137133805,81.0,72.0,81.0,76.0
48061011302,26.177372,-97.660818,Cameron County,11.267352817777002,84.0,41.0,72.0,63.0
48061011401,26.140758,-97.602318,Cameron County,10.66615957962705,88.0,94.0,95.0,94.0
48061011402,26.16405,-97.622495,Cameron County,11.084665132928965,88.0,84.0,89.0,95.0
48061011500,26.131709,-97.625002,Cameron County,10.62346362524307,95.0,92.0,95.0,84.0
48061011601,26.12097,-97.630849,Cameron County,10.623509922849141,97.0,97.0,98.0,97.0
48061011602,26.127773,-97.641812,Cameron County,10.702069416256338,91.0,93.0,95.0,83.0
48061011701,26.152689,-97.657162,Cameron County,11.349952319471969,93.0,97.0,98.0,94.0
48061011702,26.136228,-97.643807,Cameron County,11.156702941357393,100.0,93.0,96.0,71.0
48061011801,26.170998,-97.684542,Cameron County,11.352374810713998,89.0,86.0,91.0,91.0
48061011802,26.162662,-97.698663,Cameron County,11.69992837948005,89.0,90.0,93.0,92.0
48061011903,26.084456,-97.832137,Cameron County,11.752811392944835,95.0,95.0,97.0,93.0
48061011904,26.151757,-97.828957,Cameron County,12.188563160663383,93.0,96.0,97.0,90.0
48061011905,26.156473,-97.818363,Cameron County,12.007956264514581,89.0,89.0,92.0,52.0
48061011906,26.167499,-97.82337,Cameron County,12.21715270663462,90.0,87.0,92.0,74.0
48061011907,26.153766,-97.843326,Cameron County,12.252414687765313,93.0,91.0,94.0,97.0
48061011908,26.155938,-97.797417,Cameron County,11.951905452407305,88.0,74.0,86.0,88.0
48061012002,26.151722,-97.755895,Cameron County,11.744722172678113,88.0,64.0,82.0,85.0
48061012003,26.175803,-97.726219,Cameron County,11.835825089010326,87.0,73.0,85.0,84.0
48061012004,26.178024,-97.761795,Cameron County,11.446255128727975,76.0,45.0,68.0,70.0
48061012103,26.141126,-97.671221,Cameron County,11.32762598053509,26.0,28.0,19.0,90.0
48061012104,26.122453,-97.677492,Cameron County,11.352078681216783,89.0,63.0,83.0,74.0
48061012105,26.058603,-97.706375,Cameron County,11.428642179975727,95.0,90.0,95.0,97.0
48061012106,26.069543,-97.665258,Cameron County,10.68500011845749,93.0,76.0,89.0,94.0
48061012201,26.121039,-97.531577,Cameron County,10.200222890434366,93.0,95.0,97.0,94.0
48061012202,26.124236,-97.461835,Cameron County,10.19500657710654,91.0,66.0,85.0,89.0
48061012203,26.122278,-97.497579,Cameron County,10.169411318684691,98.0,90.0,95.0,96.0
48061012301,26.12148,-97.320223,Cameron County,9.983217275792692,58.0,76.0,69.0,79.0
48061012304,26.072792,-97.214567,Cameron County,9.519860921722273,85.0,72.0,84.0,93.0
48061012305,26.09947,-97.173798,Cameron County,9.227921696456729,46.0,42.0,41.0,40.0
48061012402,26.074624,-97.477395,Cameron County,10.340475842556014,88.0,95.0,96.0,95.0
48061012403,26.06557,-97.525376,Cameron County,10.336333460505706,85.0,55.0,78.0,94.0
48061012404,26.058267,-97.502941,Cameron County,10.571893597157608,93.0,89.0,93.0,93.0
48061012506,26.034481,-97.552324,Cameron County,10.575749465398133,85.0,53.0,78.0,87.0
48061012508,25.995816,-97.591407,Cameron County,10.564264189127867,91.0,94.0,95.0,84.0
48061012509,25.957401,-97.515149,Cameron County,10.387834219827502,93.0,90.0,94.0,87.0
48061012510,26.054128,-97.642194,Cameron County,10.63044271248312,96.0,84.0,92.0,87.0
48061012511,26.056394,-97.617805,Cameron County,10.462235280169912,95.0,95.0,97.0,98.0
48061012512,25.938828,-97.543177,Cameron County,10.390678366567881,100.0,84.0,92.0,97.0
48061012513,25.983976,-97.540812,Cameron County,10.380271831570365,94.0,74.0,88.0,92.0
48061012514,25.961098,-97.535117,Cameron County,10.416721588188267,93.0,87.0,93.0,85.0
48061012515,25.973197,-97.531992,Cameron County,10.417543342468896,91.0,40.0,77.0,83.0
48061012516,25.947961,-97.538131,Cameron County,10.384983243399587,96.0,30.0,77.0,92.0
48061012517,25.959959,-97.527698,Cameron County,10.325793363299873,95.0,51.0,82.0,90.0
48061012607,25.948489,-97.427705,Cameron County,10.3831092335845,97.0,87.0,94.0,90.0
48061012608,25.950446,-97.460228,Cameron County,10.363389938476278,92.0,64.0,85.0,89.0
48061012613,25.961513,-97.495645,Cameron County,10.280050325562376,93.0,42.0,79.0,89.0
48061012614,25.967601,-97.477433,Cameron County,10.321167606222398,98.0,96.0,98.0,83.0
48061012615,25.973792,-97.478394,Cameron County,10.240764675283874,98.0,97.0,98.0,97.0
48061012616,25.976265,-97.495658,Cameron County,10.406384411713704,94.0,71.0,88.0,77.0
48061012617,25.976216,-97.502353,Cameron County,10.406876277112218,95.0,60.0,84.0,93.0
48061012700,25.940576,-97.408764,Cameron County,10.277468303169002,97.0,94.0,97.0,86.0
48061012800,25.931985,-97.525052,Cameron County,10.417212050257254,93.0,91.0,95.0,96.0
48061012900,25.937803,-97.514658,Cameron County,10.337814310285115,88.0,87.0,91.0,87.0
48061013002,25.943169,-97.49519,Cameron County,10.300219224613075,94.0,89.0,94.0,92.0
48061013003,25.937103,-97.504124,Cameron County,10.395261500559513,93.0,96.0,97.0,95.0
48061013004,25.926997,-97.49839,Cameron County,10.31241579955711,90.0,82.0,90.0,91.0
48061013102,25.93482,-97.459768,Cameron County,10.371975498910336,88.0,62.0,82.0,88.0
48061013104,25.936465,-97.480309,Cameron County,10.371832372369516,92.0,47.0,80.0,89.0
48061013106,25.928234,-97.478911,Cameron County,10.374884856419493,96.0,96.0,98.0,95.0
48061013203,25.933082,-97.438703,Cameron County,10.29301128522193,94.0,98.0,99.0,90.0
48061013204,25.922935,-97.434342,Cameron County,10.400053231572642,95.0,93.0,96.0,97.0
48061013205,25.923245,-97.44183,Cameron County,10.382893004557017,98.0,97.0,98.0,95.0
48061013206,25.926943,-97.426437,Cameron County,10.384200966492434,97.0,92.0,96.0,97.0
48061013207,25.929981,-97.418584,Cameron County,10.357658895756707,91.0,86.0,92.0,90.0
48061013303,25.922999,-97.453354,Cameron County,10.197763113628646,95.0,92.0,96.0,95.0
48061013305,25.89843,-97.443694,Cameron County,10.407113396835879,91.0,94.0,96.0,97.0
48061013306,25.895582,-97.453311,Cameron County,10.385922491513487,100.0,96.0,98.0,96.0
48061013307,25.892253,-97.457307,Cameron County,10.398970262710332,100.0,98.0,99.0,96.0
48061013308,25.88686,-97.446271,Cameron County,10.412884528143236,95.0,97.0,98.0,96.0
48061013309,25.883539,-97.440304,Cameron County,10.03071305606971,97.0,94.0,97.0,94.0
48061013401,25.915473,-97.483604,Cameron County,10.305517061863775,97.0,97.0,98.0,98.0
48061013402,25.909719,-97.480579,Cameron County,10.380670678582634,93.0,96.0,97.0,96.0
48061013500,25.918707,-97.500296,Cameron County,10.31742399893253,88.0,74.0,86.0,90.0
48061013600,25.919499,-97.516602,Cameron County,10.384842302870286,92.0,77.0,88.0,97.0
48061013700,25.911329,-97.509773,Cameron County,10.384691798149086,95.0,98.0,99.0,96.0
48061013801,25.907198,-97.492911,Cameron County,10.384687800060853,96.0,99.0,99.0,98.0
48061013802,25.901323,-97.486042,Cameron County,10.36810014115238,94.0,95.0,97.0,95.0
48061013901,25.910724,-97.466452,Cameron County,10.371908427461097,96.0,99.0,99.0,95.0
48061013902,25.904507,-97.4748,Cameron County,10.382725670192867,97.0,94.0,97.0,91.0
48061013903,25.900654,-97.462604,Cameron County,10.372450102377162,99.0,98.0,99.0,96.0
48061014001,25.899791,-97.501137,Cameron County,10.385738733488212,97.0,99.0,99.0,98.0
48061014002,25.906992,-97.504967,Cameron County,10.395160207284198,88.0,95.0,96.0,97.0
48061014101,25.886395,-97.421025,Cameron County,9.939175475852897,100.0,95.0,97.0,96.0
48061014102,25.91006,-97.399935,Cameron County,9.915296260739606,99.0,98.0,99.0,84.0
48061014103,25.872652,-97.407475,Cameron County,10.06762172885888,91.0,94.0,96.0,96.0
48061014201,26.079557,-97.253998,Cameron County,9.631283500680377,97.0,95.0,97.0,87.0
48061014202,26.079642,-97.376326,Cameron County,9.98233876824207,89.0,64.0,83.0,93.0
48061014300,25.911341,-97.451947,Cameron County,10.388650292043094,95.0,96.0,98.0,97.0
48061014401,26.0154,-97.521088,Cameron County,10.392287504678782,98.0,56.0,84.0,61.0
48061014402,25.992283,-97.499193,Cameron County,10.336224230664701,92.0,30.0,75.0,88.0
48061014403,25.965215,-97.434548,Cameron County,10.30971509137504,97.0,87.0,93.0,79.0
48061014404,25.975564,-97.467834,Cameron County,10.363355292038479,93.0,62.0,84.0,94.0
48061014501,25.952911,-97.479889,Cameron County,10.5058285333421,91.0,84.0,91.0,91.0
48061014502,25.958417,-97.475878,Cameron County,10.516468297505488,93.0,47.0,80.0,83.0
48061980001,26.227589,-97.654544,Cameron County,11.264475597217476,0.0,0.0,0.0,0.0
48061980100,25.907082,-97.423475,Cameron County,10.312464827295669,0.0,0.0,0.0,0.0
48061990000,26.190063,-97.147286,Cameron County,9.275534367064473,0.0,0.0,0.0,0.0
48063950101,32.953232,-94.942719,Camp County,8.936720462139393,63.0,70.0,69.0,49.0
48063950102,33.014865,-95.045968,Camp County,8.996399429830563,56.0,84.0,73.0,0.0
48063950200,32.996961,-94.964746,Camp County,9.336573150883181,67.0,73.0,73.0,64.0
48065950100,35.388459,-101.15805,Carson County,6.149464004418671,11.0,35.0,16.0,0.0
48065950200,35.378189,-101.433826,Carson County,5.019259371601963,36.0,29.0,26.0,0.0
48067950101,33.139041,-94.095749,Cass County,10.333520675818077,25.0,62.0,43.0,0.0
48067950102,33.177814,-94.216342,Cass County,10.42790313596695,12.0,63.0,37.0,0.0
48067950200,33.179814,-94.453301,Cass County,10.792470986453186,35.0,79.0,61.0,45.0
48067950300,33.155109,-94.156848,Cass County,10.158607363571546,33.0,61.0,46.0,0.0
48067950400,33.117302,-94.168152,Cass County,10.647334497653457,67.0,74.0,73.0,74.0
48067950500,33.014377,-94.147129,Cass County,10.73772961234526,17.0,50.0,30.0,0.0
48067950601,32.970867,-94.306418,Cass County,10.825477512568167,31.0,61.0,46.0,0.0
48067950602,33.02241,-94.382497,Cass County,10.812222583813606,34.0,71.0,55.0,0.0
48067950700,32.992913,-94.605128,Cass County,10.048710128741808,46.0,86.0,71.0,33.0
48069950100,34.625069,-102.253371,Castro County,5.911725695562122,53.0,55.0,54.0,84.0
48069950200,34.549033,-102.319613,Castro County,5.917608116714217,81.0,71.0,80.0,72.0
48069950300,34.410827,-102.17195,Castro County,5.89790997469227,80.0,93.0,91.0,88.0
48071710100,29.856786,-94.849267,Chambers County,10.322350585537993,45.0,26.0,30.0,42.0
48071710201,29.800019,-94.893271,Chambers County,10.052186418219883,63.0,17.0,41.0,37.0
48071710202,29.779242,-94.842504,Chambers County,10.229617791290442,45.0,28.0,32.0,0.0
48071710300,29.834989,-94.654304,Chambers County,11.15947128909673,60.0,48.0,55.0,0.0
48071710401,29.815996,-94.388448,Chambers County,11.087808643741454,43.0,73.0,60.0,63.0
48071710500,29.717887,-94.674637,Chambers County,10.205245225430506,70.0,68.0,72.0,85.0
48071710600,29.626545,-94.944018,Chambers County,9.440911800854828,0.0,0.0,0.0,0.0
48071990000,29.530649,-94.362333,Chambers County,9.973591048726192,0.0,0.0,0.0,0.0
48073950100,32.013909,-95.074169,Cherokee County,11.152502202772764,55.0,55.0,56.0,57.0
48073950201,32.094152,-95.246891,Cherokee County,10.851258964132988,29.0,29.0,21.0,0.0
48073950202,32.101863,-95.390827,Cherokee County,10.6343657659374,39.0,59.0,48.0,63.0
48073950301,31.966636,-95.212134,Cherokee County,11.204005560310454,49.0,68.0,59.0,63.0
48073950302,31.954007,-95.328071,Cherokee County,10.64328440789724,49.0,82.0,68.0,76.0
48073950400,31.974836,-95.260313,Cherokee County,11.164561608562904,88.0,95.0,96.0,80.0
48073950500,31.977478,-95.283459,Cherokee County,10.932184043193622,80.0,97.0,94.0,81.0
48073950600,31.958706,-95.248882,Cherokee County,11.26779714423686,59.0,82.0,73.0,87.0
48073950700,31.948184,-95.275081,Cherokee County,11.20010395652113,73.0,92.0,88.0,70.0
48073950801,31.781041,-95.155037,Cherokee County,11.589796310614418,33.0,59.0,45.0,0.0
48073950802,31.849962,-95.215061,Cherokee County,11.634805744849281,47.0,66.0,57.0,56.0
48073950900,31.802828,-95.150019,Cherokee County,11.565229020278313,68.0,77.0,75.0,60.0
48073951000,31.649023,-95.076079,Cherokee County,11.582021593937052,64.0,66.0,67.0,77.0
48073951100,31.503709,-94.9731,Cherokee County,13.558495711025625,36.0,81.0,62.0,48.0
48075950100,34.433789,-100.254214,Childress County,6.480701413582372,66.0,39.0,56.0,0.0
48075950200,34.425619,-100.210826,Childress County,6.480701413582372,64.0,74.0,71.0,69.0
48077030200,33.816405,-98.191759,Clay County,7.729404093258299,18.0,41.0,23.0,0.0
48077030301,33.948962,-98.309313,Clay County,8.067439218426905,27.0,47.0,33.0,0.0
48077030302,33.638004,-98.204803,Clay County,7.763341798931955,12.0,42.0,22.0,0.0
48079950100,33.689389,-102.741038,Cochran County,6.071496090971679,76.0,88.0,86.0,88.0
48081950100,31.908828,-100.299788,Coke County,7.124701559117175,46.0,77.0,64.0,59.0
48081950200,31.899802,-100.523589,Coke County,6.605644165396165,39.0,77.0,61.0,67.0
48083950300,31.824643,-99.424689,Coleman County,8.173819759476347,46.0,70.0,59.0,43.0
48083950600,31.941849,-99.460578,Coleman County,7.773659559708888,11.0,61.0,36.0,0.0
48083950700,31.705854,-99.406132,Coleman County,6.7173893352099,38.0,61.0,49.0,38.0
48085030101,33.274581,-96.422941,Collin County,8.953730074449622,51.0,59.0,56.0,33.0
48085030102,33.326924,-96.393746,Collin County,9.932427114103197,47.0,75.0,63.0,65.0
48085030201,33.260081,-96.5553,Collin County,8.644652337060537,47.0,20.0,28.0,36.0
48085030202,33.306567,-96.63,Collin County,9.314572681450475,38.0,14.0,17.0,34.0
48085030204,33.357594,-96.562893,Collin County,10.326518299380918,56.0,31.0,43.0,0.0
48085030205,33.336842,-96.572078,Collin County,10.06235283913033,62.0,58.0,62.0,78.0
48085030206,33.290847,-96.581058,Collin County,9.338198586410304,47.0,2.0,12.0,0.0
48085030207,33.325455,-96.549602,Collin County,9.80988126499744,54.0,35.0,44.0,73.0
48085030301,33.233833,-96.691161,Collin County,8.61038800325699,53.0,10.0,26.0,63.0
48085030302,33.245198,-96.75016,Collin County,8.416269941599383,38.0,5.0,10.0,43.0
48085030303,33.232881,-96.778594,Collin County,8.360702466475168,51.0,5.0,19.0,33.0
48085030304,33.247897,-96.805003,Collin County,8.337997981069146,47.0,6.0,16.0,57.0
48085030306,33.292206,-96.800849,Collin County,8.736251787196903,51.0,21.0,32.0,44.0
48085030307,33.294062,-96.747272,Collin County,8.926758710970946,52.0,4.0,19.0,41.0
48085030403,33.16319,-96.81129,Collin County,8.131170580206742,49.0,7.0,20.0,0.0
48085030404,33.144414,-96.792307,Collin County,8.680575519626196,60.0,21.0,40.0,55.0
48085030405,33.133813,-96.796869,Collin County,8.630579490171026,63.0,49.0,58.0,69.0
48085030406,33.132203,-96.812358,Collin County,8.514355969495828,72.0,48.0,65.0,63.0
48085030407,33.126078,-96.832861,Collin County,8.514984164008652,39.0,13.0,16.0,0.0
48085030409,33.141989,-96.815338,Collin County,8.380229961796596,65.0,46.0,59.0,80.0
48085030410,33.153287,-96.824896,Collin County,8.147587577533658,64.0,39.0,54.0,53.0
48085030504,33.107622,-96.832827,Collin County,8.561547090504893,56.0,12.0,30.0,48.0
48085030505,33.10644,-96.814595,Collin County,8.662096297581803,78.0,18.0,58.0,73.0
48085030506,33.109786,-96.796338,Collin County,8.705854443918273,69.0,5.0,39.0,70.0
48085030507,33.111389,-96.783343,Collin County,8.869322284773551,58.0,6.0,27.0,59.0
48085030509,33.12202,-96.792163,Collin County,8.535756895687003,62.0,25.0,45.0,86.0
48085030510,33.134439,-96.778805,Collin County,8.760915000783111,69.0,9.0,42.0,46.0
48085030511,33.138172,-96.764018,Collin County,8.748369399746755,82.0,2.0,52.0,72.0
48085030512,33.131073,-96.743603,Collin County,8.755613578526672,55.0,1.0,17.0,80.0
48085030515,33.16673,-96.689256,Collin County,8.450677920138235,69.0,8.0,41.0,48.0
48085030516,33.16405,-96.70566,Collin County,8.495429911118741,66.0,22.0,47.0,77.0
48085030517,33.161053,-96.72365,Collin County,8.372937552120016,62.0,14.0,38.0,50.0
48085030518,33.165761,-96.752058,Collin County,8.512938437173531,79.0,2.0,48.0,51.0
48085030519,33.192339,-96.799064,Collin County,8.076126335752853,67.0,1.0,30.0,57.0
48085030520,33.182655,-96.793091,Collin County,8.069529400919384,70.0,12.0,45.0,34.0
48085030521,33.181178,-96.776154,Collin County,8.115822856854727,79.0,14.0,57.0,42.0
48085030524,33.209943,-96.752306,Collin County,8.488149813477511,74.0,27.0,58.0,66.0
48085030525,33.195438,-96.723608,Collin County,8.176799863328174,36.0,7.0,10.0,0.0
48085030529,33.181776,-96.72622,Collin County,8.2241728342305,58.0,26.0,42.0,0.0
48085030531,33.183255,-96.706177,Collin County,8.652781620520257,37.0,17.0,18.0,55.0
48085030532,33.119799,-96.778868,Collin County,8.49613868833245,51.0,2.0,15.0,49.0
48085030533,33.127385,-96.778227,Collin County,8.719769122674192,56.0,5.0,23.0,37.0
48085030534,33.179197,-96.691415,Collin County,8.862247000823393,39.0,4.0,10.0,0.0
48085030535,33.194244,-96.688707,Collin County,8.159456166015094,31.0,26.0,21.0,0.0
48085030536,33.183122,-96.759937,Collin County,8.126906746350139,78.0,6.0,51.0,46.0
48085030537,33.196778,-96.75953,Collin County,8.15245993754731,73.0,5.0,44.0,69.0
48085030538,33.181044,-96.74275,Collin County,8.08896343753448,73.0,32.0,59.0,76.0
48085030539,33.196091,-96.741994,Collin County,8.212061843566502,60.0,7.0,31.0,47.0
48085030540,33.155145,-96.700055,Collin County,8.49257016404657,72.0,49.0,66.0,87.0
48085030541,33.153085,-96.689889,Collin County,8.397678485070283,60.0,3.0,24.0,57.0
48085030542,33.141463,-96.720764,Collin County,8.69497859872065,65.0,12.0,39.0,68.0
48085030543,33.14719,-96.693941,Collin County,8.374368604688614,71.0,46.0,64.0,0.0
48085030544,33.177189,-96.670571,Collin County,8.351758279272396,54.0,10.0,26.0,83.0
48085030545,33.186454,-96.677334,Collin County,8.52711801191975,22.0,2.0,2.0,53.0
48085030546,33.209221,-96.721202,Collin County,8.441083725209857,55.0,9.0,27.0,65.0
48085030547,33.211802,-96.707572,Collin County,8.509807183771839,51.0,2.0,15.0,52.0
48085030548,33.205263,-96.684657,Collin County,8.614238116673222,59.0,15.0,35.0,68.0
48085030549,33.168618,-96.67838,Collin County,8.674025616832736,67.0,34.0,55.0,84.0
48085030550,33.159538,-96.671019,Collin County,8.671192931551671,44.0,19.0,24.0,50.0
48085030604,33.240444,-96.640759,Collin County,8.88679484658358,63.0,17.0,42.0,0.0
48085030605,33.22388,-96.652939,Collin County,8.459500430553753,69.0,63.0,69.0,85.0
48085030606,33.162997,-96.65393,Collin County,8.228888749990183,59.0,55.0,59.0,0.0
48085030607,33.180966,-96.655429,Collin County,8.311081315226023,39.0,1.0,5.0,0.0
48085030608,33.194243,-96.648,Collin County,9.157445815101052,52.0,21.0,33.0,0.0
48085030609,33.204797,-96.653431,Collin County,8.529278741393151,59.0,27.0,44.0,37.0
48085030701,33.218747,-96.622677,Collin County,8.83833630476049,67.0,42.0,59.0,90.0
48085030702,33.204535,-96.623916,Collin County,8.858140555455043,62.0,71.0,68.0,79.0
48085030801,33.17403,-96.633782,Collin County,8.316414109033454,58.0,61.0,61.0,68.0
48085030802,33.19172,-96.624687,Collin County,8.999738529749445,61.0,51.0,58.0,74.0
48085030901,33.21743,-96.606507,Collin County,8.856211617363734,79.0,73.0,80.0,0.0
48085030902,33.172477,-96.576888,Collin County,8.114324328385559,0.0,0.0,0.0,0.0
48085030903,33.176571,-96.612462,Collin County,8.541891164076771,76.0,86.0,85.0,85.0
48085031003,33.192371,-96.5269,Collin County,7.999552546314676,68.0,32.0,55.0,50.0
48085031005,33.194233,-96.494043,Collin County,8.326579294303825,45.0,71.0,60.0,0.0
48085031006,33.145441,-96.480837,Collin County,8.156352022344242,59.0,60.0,61.0,80.0
48085031007,33.165443,-96.526225,Collin County,7.4213379886078386,69.0,37.0,58.0,73.0
48085031008,33.096887,-96.506117,Collin County,8.71938000294052,63.0,78.0,73.0,80.0
48085031101,33.173911,-96.363139,Collin County,9.056387287652015,38.0,53.0,44.0,47.0
48085031102,33.102324,-96.387757,Collin County,8.684840804238698,56.0,33.0,45.0,0.0
48085031201,33.044802,-96.378607,Collin County,8.79857078018583,45.0,22.0,28.0,36.0
48085031202,33.004017,-96.393334,Collin County,8.818008917965257,62.0,9.0,34.0,67.0
48085031308,33.038182,-96.552911,Collin County,8.808066925164663,55.0,28.0,40.0,40.0
48085031314,33.066936,-96.559297,Collin County,8.711852053801445,60.0,6.0,30.0,78.0
48085031318,33.023916,-96.553005,Collin County,8.850365754698645,63.0,27.0,47.0,0.0
48085031319,33.012233,-96.552912,Collin County,8.795599474870833,68.0,40.0,59.0,72.0
48085031320,33.012453,-96.524397,Collin County,8.878311705670193,65.0,21.0,45.0,33.0
48085031321,33.005252,-96.506001,Collin County,8.949377324054668,60.0,3.0,25.0,51.0
48085031322,32.992798,-96.556249,Collin County,8.758102757794894,57.0,8.0,29.0,70.0
48085031323,32.994061,-96.534241,Collin County,8.922769974599408,44.0,15.0,21.0,54.0
48085031324,33.041086,-96.649066,Collin County,8.594173029513508,53.0,11.0,26.0,43.0
48085031325,33.027383,-96.648072,Collin County,8.543324643870998,47.0,19.0,27.0,68.0
48085031326,33.057278,-96.611746,Collin County,8.688749705948705,60.0,7.0,30.0,77.0
48085031327,33.021203,-96.624868,Collin County,8.596360978214493,62.0,1.0,25.0,77.0
48085031328,33.02644,-96.618239,Collin County,8.575548998882228,62.0,3.0,27.0,52.0
48085031329,33.029726,-96.600582,Collin County,8.6672414247648,69.0,65.0,70.0,54.0
48085031330,33.040556,-96.581833,Collin County,8.722608783768223,68.0,13.0,44.0,76.0
48085031331,33.025358,-96.591113,Collin County,8.83263163748141,70.0,6.0,42.0,85.0
48085031332,33.017935,-96.582606,Collin County,8.691870132213563,72.0,43.0,63.0,94.0
48085031333,33.005696,-96.620299,Collin County,8.62874467938715,76.0,22.0,58.0,88.0
48085031334,32.992198,-96.617858,Collin County,8.671531778537787,51.0,8.0,22.0,56.0
48085031335,32.995143,-96.604969,Collin County,8.607320329662306,55.0,14.0,30.0,67.0
48085031336,32.99214,-96.586968,Collin County,8.796054843877538,63.0,2.0,26.0,43.0
48085031408,33.09257,-96.619223,Collin County,8.299200583131904,68.0,38.0,57.0,70.0
48085031411,33.077404,-96.632119,Collin County,8.336390660058603,65.0,19.0,44.0,63.0
48085031412,33.139844,-96.634282,Collin County,8.17556325646428,51.0,44.0,47.0,51.0
48085031413,33.121461,-96.638163,Collin County,8.315368325149008,73.0,16.0,52.0,82.0
48085031414,33.116724,-96.622362,Collin County,8.048322593550326,63.0,1.0,25.0,49.0
48085031415,33.107559,-96.704207,Collin County,8.517414219671151,55.0,14.0,31.0,88.0
48085031416,33.116686,-96.718006,Collin County,8.822573581190783,73.0,4.0,44.0,61.0
48085031417,33.123509,-96.690429,Collin County,8.659240904713887,70.0,5.0,41.0,50.0
48085031418,33.130918,-96.673525,Collin County,8.579673886678812,71.0,8.0,45.0,42.0
48085031419,33.112617,-96.588839,Collin County,8.481021102578152,16.0,3.0,1.0,0.0
48085031420,33.132853,-96.581338,Collin County,8.062403235812756,13.0,29.0,13.0,52.0
48085031421,33.065145,-96.664849,Collin County,8.494688086378813,71.0,19.0,51.0,85.0
48085031422,33.078116,-96.663323,Collin County,8.489076722582533,76.0,40.0,65.0,77.0
48085031423,33.079444,-96.650701,Collin County,8.69055181006318,57.0,8.0,28.0,53.0
48085031424,33.089167,-96.656182,Collin County,8.54021775848796,51.0,18.0,30.0,85.0
48085031425,33.092973,-96.63684,Collin County,8.266072613041523,61.0,23.0,42.0,69.0
48085031504,33.108027,-96.638516,Collin County,8.273667350431419,52.0,23.0,34.0,43.0
48085031507,33.109385,-96.687975,Collin County,8.542000899277978,56.0,38.0,47.0,72.0
48085031508,33.113886,-96.657703,Collin County,8.6856736478706,52.0,22.0,33.0,37.0
48085031509,33.091108,-96.725048,Collin County,8.483000338773472,70.0,20.0,50.0,83.0
48085031510,33.092407,-96.694829,Collin County,8.422791775871815,60.0,6.0,29.0,81.0
48085031511,33.084045,-96.670597,Collin County,8.408383778645245,52.0,59.0,56.0,88.0
48085031512,33.096587,-96.652974,Collin County,8.555969006775543,64.0,74.0,72.0,66.0
48085031611,33.048633,-96.706813,Collin County,8.66478939582402,71.0,59.0,69.0,81.0
48085031613,33.048672,-96.743276,Collin County,8.453735490954722,40.0,3.0,8.0,40.0
48085031621,33.02144,-96.781836,Collin County,8.521048779309726,59.0,55.0,58.0,0.0
48085031622,33.03404,-96.720505,Collin County,8.599852313397099,58.0,37.0,48.0,63.0
48085031623,33.023047,-96.725802,Collin County,8.731693247829153,69.0,46.0,62.0,83.0
48085031624,33.023633,-96.758084,Collin County,8.513656933424706,73.0,63.0,72.0,95.0
48085031625,33.03381,-96.761342,Collin County,8.42281230197547,42.0,12.0,17.0,66.0
48085031626,33.023388,-96.741635,Collin County,8.69263695527081,41.0,8.0,15.0,44.0
48085031627,33.034604,-96.743079,Collin County,8.296799954927582,40.0,25.0,26.0,85.0
48085031628,33.052616,-96.720445,Collin County,8.578238572122189,56.0,28.0,41.0,49.0
48085031629,33.045073,-96.723969,Collin County,8.541983586818555,50.0,21.0,31.0,60.0
48085031630,33.078846,-96.730259,Collin County,8.617186182356745,63.0,19.0,43.0,78.0
48085031631,33.076385,-96.715928,Collin County,8.539674750808592,71.0,47.0,65.0,84.0
48085031632,33.076145,-96.70234,Collin County,8.589924198823894,67.0,41.0,58.0,78.0
48085031633,33.068002,-96.72505,Collin County,8.545704308655518,54.0,4.0,21.0,56.0
48085031634,33.061073,-96.725227,Collin County,8.539864792564668,55.0,15.0,32.0,71.0
48085031635,33.064207,-96.708218,Collin County,8.594479586897119,74.0,41.0,64.0,81.0
48085031636,33.064447,-96.760929,Collin County,8.565457517559697,56.0,7.0,26.0,65.0
48085031639,33.107006,-96.760331,Collin County,8.750379708619644,74.0,11.0,50.0,75.0
48085031641,33.094666,-96.742377,Collin County,8.475583655973248,78.0,6.0,52.0,83.0
48085031642,33.07978,-96.743329,Collin County,8.51203698078813,59.0,11.0,32.0,57.0
48085031643,33.063936,-96.743398,Collin County,8.466920664604604,65.0,39.0,56.0,84.0
48085031645,33.050424,-96.837886,Collin County,8.299338724140766,53.0,3.0,19.0,67.0
48085031646,33.051446,-96.814272,Collin County,8.205212664536925,58.0,1.0,19.0,77.0
48085031647,33.03722,-96.837393,Collin County,8.220694775705892,65.0,15.0,41.0,73.0
48085031649,33.020585,-96.815366,Collin County,8.406163592383436,61.0,11.0,35.0,76.0
48085031654,33.038243,-96.782051,Collin County,8.396801642679085,61.0,2.0,25.0,61.0
48085031655,33.031475,-96.784955,Collin County,8.508819297893007,71.0,22.0,52.0,73.0
48085031657,33.08239,-96.819676,Collin County,8.48969995008655,76.0,14.0,54.0,0.0
48085031659,33.08039,-96.795907,Collin County,8.613437580656194,76.0,39.0,65.0,91.0
48085031660,33.0908,-96.798026,Collin County,8.664549509260251,82.0,11.0,60.0,89.0
48085031661,33.100366,-96.782992,Collin County,8.75474178364225,75.0,6.0,48.0,53.0
48085031662,33.092865,-96.778554,Collin County,8.661373768805731,74.0,14.0,52.0,82.0
48085031663,33.082476,-96.783518,Collin County,8.57029339971284,72.0,2.0,40.0,66.0
48085031664,33.075299,-96.781212,Collin County,8.425047490666264,69.0,10.0,43.0,76.0
48085031665,33.11674,-96.743171,Collin County,8.895839449173913,84.0,24.0,67.0,89.0
48085031666,33.106642,-96.742261,Collin County,8.861991301492425,78.0,42.0,68.0,83.0
48085031667,33.034923,-96.800749,Collin County,8.417023198924564,51.0,41.0,45.0,63.0
48085031668,33.037873,-96.821216,Collin County,8.413550007999936,42.0,2.0,8.0,46.0
48085031669,33.059982,-96.83694,Collin County,8.295088838035518,65.0,7.0,36.0,0.0
48085031670,33.081688,-96.828542,Collin County,8.516609515546678,59.0,10.0,32.0,70.0
48085031671,33.074419,-96.820573,Collin County,8.585460874063019,53.0,33.0,42.0,61.0
48085031672,33.060091,-96.803476,Collin County,8.305111942230523,53.0,12.0,27.0,0.0
48085031673,33.064681,-96.793994,Collin County,8.341068280490855,78.0,5.0,51.0,64.0
48085031674,33.06262,-96.782958,Collin County,8.456796588821899,75.0,2.0,44.0,89.0
48085031675,33.053586,-96.782677,Collin County,8.431216890243796,77.0,8.0,52.0,75.0
48085031676,33.046702,-96.783659,Collin County,8.356328246497442,49.0,8.0,20.0,65.0
48085031677,33.082943,-96.761393,Collin County,8.649273680769994,51.0,6.0,20.0,71.0
48085031678,33.075365,-96.761138,Collin County,8.518351783548635,64.0,28.0,49.0,0.0
48085031679,33.090823,-96.754034,Collin County,8.62790873695882,83.0,8.0,59.0,81.0
48085031680,33.092597,-96.765712,Collin County,8.781932919656766,73.0,5.0,45.0,65.0
48085031681,33.045389,-96.761736,Collin County,8.468394103056237,39.0,9.0,13.0,57.0
48085031682,33.053154,-96.759903,Collin County,8.433788981005348,55.0,21.0,36.0,74.0
48085031704,32.991307,-96.837244,Collin County,8.443769703699294,59.0,18.0,37.0,54.0
48085031706,32.99282,-96.821535,Collin County,8.459164098501377,24.0,4.0,3.0,48.0
48085031708,32.993792,-96.802492,Collin County,8.458761498287508,58.0,26.0,42.0,67.0
48085031709,33.00166,-96.78236,Collin County,8.609275124268954,76.0,61.0,73.0,77.0
48085031711,33.002256,-96.836721,Collin County,8.394616749669902,58.0,25.0,41.0,72.0
48085031713,33.002454,-96.825146,Collin County,8.327003605412509,79.0,60.0,75.0,92.0
48085031715,33.008358,-96.805754,Collin County,8.161784866143023,47.0,22.0,29.0,0.0
48085031716,33.001613,-96.803417,Collin County,8.509369552223953,60.0,39.0,51.0,70.0
48085031717,33.006895,-96.798537,Collin County,8.474191841143934,64.0,52.0,61.0,78.0
48085031718,32.991377,-96.787386,Collin County,8.482524211543177,44.0,39.0,38.0,43.0
48085031719,32.993925,-96.774788,Collin County,8.623055280051465,50.0,27.0,36.0,60.0
48085031720,32.988446,-96.77247,Collin County,8.609388065145504,79.0,90.0,89.0,84.0
48085031721,33.008546,-96.836967,Collin County,8.354996439628486,37.0,18.0,19.0,36.0
48085031722,33.013975,-96.837876,Collin County,8.355905051939542,79.0,31.0,64.0,70.0
48085031723,33.009424,-96.824618,Collin County,8.357409886637146,88.0,85.0,90.0,95.0
48085031724,33.00627,-96.820618,Collin County,8.324081150961215,77.0,64.0,75.0,88.0
48085031806,32.99997,-96.735698,Collin County,8.64903803353172,81.0,37.0,69.0,80.0
48085031807,33.013618,-96.748728,Collin County,8.64750086731516,33.0,22.0,19.0,75.0
48085031808,33.013404,-96.724613,Collin County,8.66484369976943,21.0,5.0,3.0,0.0
48085031809,33.006643,-96.71637,Collin County,8.695652010049136,80.0,82.0,84.0,89.0
48085031810,33.000477,-96.715751,Collin County,8.668295622933059,73.0,24.0,56.0,55.0
48085031811,33.003321,-96.763128,Collin County,8.61960920024738,65.0,39.0,56.0,85.0
48085031812,32.993074,-96.763088,Collin County,8.528068819174331,47.0,8.0,18.0,69.0
48085031813,32.991484,-96.752366,Collin County,8.699231800808493,79.0,99.0,97.0,92.0
48085031814,32.992093,-96.735772,Collin County,8.66759993598054,50.0,17.0,28.0,59.0
48085031815,32.99157,-96.71931,Collin County,8.741373920654754,47.0,14.0,23.0,60.0
48085031816,32.992065,-96.694503,Collin County,8.786958324510351,63.0,25.0,46.0,69.0
48085031901,33.007052,-96.672624,Collin County,8.704877291809836,73.0,62.0,72.0,74.0
48085031902,33.018446,-96.703627,Collin County,8.871474758576017,76.0,71.0,78.0,89.0
48085031903,32.999822,-96.693835,Collin County,8.82532087648646,73.0,20.0,53.0,76.0
48085031904,32.999813,-96.702445,Collin County,8.719882014610475,72.0,37.0,61.0,68.0
48085032003,33.024717,-96.690562,Collin County,8.61964938642291,76.0,94.0,90.0,89.0
48085032008,33.037994,-96.675169,Collin County,8.664197885121501,57.0,27.0,41.0,63.0
48085032010,33.015307,-96.653491,Collin County,8.620997951897335,81.0,72.0,81.0,90.0
48085032012,33.035813,-96.691061,Collin County,8.702652353108085,81.0,89.0,89.0,76.0
48085032013,33.053606,-96.688498,Collin County,8.583879199036357,80.0,57.0,75.0,90.0
48085032014,33.019475,-96.671225,Collin County,8.629063262153409,79.0,80.0,83.0,88.0
48085032015,33.027999,-96.673447,Collin County,8.707169046873233,50.0,38.0,43.0,44.0
48085032016,33.003896,-96.647776,Collin County,8.575302848260534,77.0,2.0,46.0,64.0
48085032017,32.995833,-96.639934,Collin County,8.819072234851518,72.0,15.0,49.0,79.0
48085032018,32.990783,-96.674241,Collin County,8.798475625211209,57.0,13.0,32.0,67.0
48085032019,32.991065,-96.647855,Collin County,8.79137968716333,65.0,2.0,29.0,39.0
48087950300,34.861822,-100.221748,Collingsworth County,7.20880947150328,56.0,70.0,65.0,76.0
48089750100,29.596426,-96.337649,Colorado County,8.82555830142917,79.0,65.0,78.0,63.0
48089750200,29.471912,-96.491598,Colorado County,8.725930102088721,67.0,90.0,83.0,0.0
48089750300,29.666424,-96.746996,Colorado County,9.470342319856325,56.0,56.0,58.0,72.0
48089750400,29.775326,-96.525359,Colorado County,9.406979102969954,42.0,31.0,32.0,55.0
48089750500,29.695341,-96.558622,Colorado County,8.691416312287119,59.0,49.0,56.0,47.0
48091310100,29.696622,-98.123357,Comal County,9.525252089319252,52.0,35.0,42.0,55.0
48091310200,29.716551,-98.119077,Comal County,9.509832600446597,70.0,52.0,66.0,63.0
48091310301,29.703291,-98.151257,Comal County,9.519186423107096,42.0,56.0,48.0,0.0
48091310302,29.716721,-98.138758,Comal County,9.606640474389627,53.0,36.0,44.0,0.0
48091310401,29.686925,-98.140763,Comal County,9.613996872134983,77.0,50.0,70.0,84.0
48091310404,29.682154,-98.114468,Comal County,9.705017541394277,69.0,44.0,61.0,70.0
48091310405,29.676938,-98.12932,Comal County,9.722675604332567,47.0,33.0,37.0,0.0
48091310406,29.671008,-98.14466,Comal County,9.643796286155636,64.0,13.0,39.0,0.0
48091310501,29.710128,-98.099796,Comal County,9.775903665289908,71.0,67.0,73.0,78.0
48091310502,29.703989,-98.081906,Comal County,9.665467448035157,61.0,38.0,52.0,46.0
48091310503,29.730428,-98.09558,Comal County,9.677475345134157,53.0,42.0,48.0,70.0
48091310603,29.958441,-98.297102,Comal County,9.251370967573774,37.0,27.0,25.0,59.0
48091310604,29.879885,-98.273964,Comal County,9.202124841973525,36.0,35.0,30.0,56.0
48091310608,29.851998,-98.307613,Comal County,8.798338053843619,52.0,54.0,53.0,59.0
48091310609,29.925059,-98.310565,Comal County,9.3137678246083,42.0,35.0,35.0,49.0
48091310610,29.918509,-98.387874,Comal County,9.246831774515524,53.0,59.0,57.0,82.0
48091310611,29.893543,-98.174438,Comal County,9.242864845236465,47.0,41.0,42.0,67.0
48091310612,29.900201,-98.216303,Comal County,9.121236580130915,46.0,76.0,63.0,0.0
48091310613,29.853349,-98.244245,Comal County,9.343959953968056,41.0,39.0,36.0,0.0
48091310614,29.843703,-98.190895,Comal County,9.621505700241428,26.0,32.0,21.0,0.0
48091310702,29.844076,-98.44357,Comal County,9.15325947904876,48.0,12.0,23.0,0.0
48091310703,29.793578,-98.401977,Comal County,8.722726080777825,49.0,19.0,29.0,50.0
48091310705,29.771014,-98.446878,Comal County,8.254181550422842,53.0,11.0,26.0,62.0
48091310706,29.767463,-98.554795,Comal County,8.396760721573559,45.0,19.0,25.0,70.0
48091310707,29.732813,-98.22407,Comal County,9.505498282484865,38.0,16.0,18.0,44.0
48091310708,29.75026,-98.362376,Comal County,8.77336909955478,27.0,13.0,10.0,0.0
48091310801,29.658111,-98.310474,Comal County,8.887292540841967,56.0,4.0,23.0,0.0
48091310803,29.692056,-98.198379,Comal County,9.363717227265433,36.0,10.0,12.0,37.0
48091310804,29.650297,-98.195328,Comal County,9.573736292999238,71.0,49.0,65.0,67.0
48091310901,29.76531,-98.211227,Comal County,9.68013836460172,46.0,15.0,23.0,0.0
48091310903,29.814478,-98.084627,Comal County,9.906933578977617,30.0,11.0,10.0,43.0
48091310904,29.747496,-98.063068,Comal County,9.728121845846108,51.0,36.0,42.0,45.0
48091310905,29.786288,-98.119225,Comal County,9.481813356107633,33.0,5.0,7.0,0.0
48093950101,32.10929,-98.537717,Comanche County,6.881914073550557,56.0,69.0,64.0,85.0
48093950102,32.099746,-98.555422,Comanche County,6.912442326164217,27.0,27.0,19.0,0.0
48093950200,31.92841,-98.61353,Comanche County,6.89373776326135,28.0,44.0,32.0,42.0
48093950300,31.902153,-98.601873,Comanche County,6.843561612422114,69.0,79.0,77.0,35.0
48093950400,31.877433,-98.380808,Comanche County,7.011266298912048,48.0,59.0,54.0,66.0
48095950300,31.291192,-99.857069,Concho County,7.898749057803553,62.0,61.0,63.0,75.0
48097000100,33.678161,-97.031526,Cooke County,9.149411043392456,38.0,55.0,45.0,48.0
48097000200,33.665778,-97.316153,Cooke County,8.124218401206686,10.0,23.0,9.0,34.0
48097000400,33.633995,-97.159069,Cooke County,8.646101455762267,62.0,87.0,78.0,61.0
48097000500,33.637319,-97.142503,Cooke County,8.373557381512535,60.0,86.0,76.0,44.0
48097000600,33.63613,-97.124471,Cooke County,8.427716319606791,62.0,73.0,70.0,80.0
48097000701,33.552973,-97.0037,Cooke County,8.668052476197188,11.0,15.0,5.0,0.0
48097000702,33.502606,-97.071456,Cooke County,8.382827931443542,28.0,28.0,20.0,61.0
48097000900,33.505431,-97.226642,Cooke County,8.210079856668404,28.0,25.0,18.0,0.0
48097001100,33.616118,-97.13216,Cooke County,8.387468667781894,58.0,79.0,71.0,83.0
48099010101,31.434796,-97.598704,Coryell County,8.641951106091362,48.0,70.0,60.0,46.0
48099010102,31.425688,-97.933205,Coryell County,8.715862955641125,29.0,57.0,42.0,56.0
48099010201,31.477735,-97.721911,Coryell County,7.952499168699333,75.0,97.0,93.0,0.0
48099010202,31.438722,-97.707629,Coryell County,8.592425869741135,34.0,57.0,45.0,45.0
48099010300,31.441729,-97.763819,Coryell County,8.67366109930894,57.0,55.0,57.0,0.0
48099010400,31.410499,-97.716046,Coryell County,8.636485064715249,35.0,73.0,56.0,54.0
48099010501,31.143367,-97.827676,Coryell County,9.311644504906761,73.0,95.0,90.0,45.0
48099010502,31.139819,-97.807565,Coryell County,9.306209861811894,64.0,92.0,83.0,46.0
48099010503,31.13929,-97.786762,Coryell County,9.301396182666373,64.0,0.0,23.0,0.0
48099010504,31.115323,-97.83472,Coryell County,9.517176047428515,73.0,88.0,84.0,0.0
48099010601,31.128465,-97.89475,Coryell County,9.48402654638538,69.0,69.0,72.0,81.0
48099010603,31.14157,-97.91473,Coryell County,9.504168519914366,59.0,63.0,63.0,32.0
48099010604,31.16812,-97.925731,Coryell County,9.549327065776028,64.0,35.0,52.0,35.0
48099010701,31.125577,-97.92351,Coryell County,9.509170285227622,59.0,69.0,66.0,44.0
48099010702,31.11506,-97.920022,Coryell County,9.522836691776115,51.0,79.0,68.0,55.0
48099010802,31.101034,-97.909852,Coryell County,9.57970724646214,64.0,42.0,56.0,55.0
48099010803,31.106469,-97.889638,Coryell County,9.521889113296334,64.0,13.0,39.0,33.0
48099010804,31.116816,-97.886242,Coryell County,9.499454272503558,59.0,57.0,59.0,80.0
48099980000,31.313801,-97.786298,Coryell County,8.156739953241376,73.0,0.0,35.0,0.0
48101950100,34.02779,-100.30428,Cottle County,6.828379992193774,57.0,84.0,74.0,34.0
48103950100,31.402296,-102.352663,Crane County,6.035891599750063,79.0,69.0,78.0,89.0
48105950100,30.704747,-101.216615,Crockett County,7.005521188917623,71.0,29.0,57.0,0.0
48107950100,33.641928,-101.22299,Crosby County,6.888731070264645,72.0,79.0,79.0,82.0
48107950200,33.678123,-101.380199,Crosby County,6.91863370883832,72.0,72.0,76.0,65.0
48107950300,33.661019,-101.530906,Crosby County,7.578588207847454,76.0,83.0,83.0,68.0
48109950300,31.064217,-104.819502,Culberson County,4.4426000228373335,89.0,76.0,87.0,95.0
48111950100,36.266624,-102.777519,Dallam County,5.119996767394512,26.0,56.0,39.0,87.0
48111950300,36.063086,-102.51466,Dallam County,5.737906670309676,74.0,57.0,71.0,80.0
48113000100,32.815452,-96.737918,Dallas County,8.321144178774519,43.0,3.0,11.0,0.0
48113000201,32.832632,-96.757354,Dallas County,8.482355017804961,17.0,2.0,1.0,0.0
48113000202,32.831048,-96.76574,Dallas County,8.38505001153979,35.0,13.0,14.0,0.0
48113000300,32.830511,-96.775428,Dallas County,8.393261215703014,36.0,17.0,17.0,0.0
48113000401,32.811587,-96.828987,Dallas County,8.364761750889045,78.0,80.0,83.0,87.0
48113000405,32.813998,-96.820217,Dallas County,8.368634834389775,78.0,59.0,74.0,74.0
48113000407,32.819396,-96.830744,Dallas County,8.314549190203588,82.0,74.0,83.0,80.0
48113000408,32.817947,-96.824168,Dallas County,8.359647291871857,66.0,32.0,53.0,40.0
48113000409,32.823774,-96.840762,Dallas County,8.33680424918754,76.0,40.0,66.0,73.0
48113000410,32.834887,-96.855709,Dallas County,8.239281501214192,80.0,83.0,85.0,95.0
48113000501,32.811959,-96.814709,Dallas County,8.362660356759978,73.0,20.0,54.0,70.0
48113000502,32.804986,-96.808512,Dallas County,8.339705469618504,34.0,24.0,21.0,74.0
48113000503,32.808378,-96.815573,Dallas County,8.361918037723697,60.0,25.0,43.0,0.0
48113000605,32.809637,-96.80669,Dallas County,8.339672797658771,55.0,12.0,29.0,71.0
48113000606,32.815137,-96.8023,Dallas County,8.348523466022804,43.0,12.0,19.0,0.0
48113000607,32.820398,-96.806593,Dallas County,8.3388384668068,45.0,8.0,17.0,0.0
48113000608,32.817297,-96.812674,Dallas County,8.276054847961397,56.0,38.0,47.0,50.0
48113000609,32.828595,-96.820635,Dallas County,8.324998975181112,50.0,13.0,25.0,56.0
48113000610,32.825256,-96.825965,Dallas County,8.292099204452418,86.0,94.0,94.0,91.0
48113000611,32.821538,-96.821009,Dallas County,8.339056111396156,64.0,50.0,60.0,75.0
48113000703,32.812038,-96.794475,Dallas County,8.428015064376673,48.0,15.0,25.0,40.0
48113000704,32.807917,-96.797087,Dallas County,8.426521802467958,42.0,12.0,18.0,58.0
48113000705,32.819379,-96.791385,Dallas County,8.357350085406427,39.0,32.0,31.0,75.0
48113000706,32.825669,-96.786792,Dallas County,8.376602126890171,38.0,22.0,22.0,0.0
48113000801,32.80582,-96.782984,Dallas County,8.396985490938219,79.0,72.0,80.0,43.0
48113000802,32.811995,-96.78759,Dallas County,8.428834793263864,71.0,48.0,65.0,43.0
48113000901,32.814787,-96.782929,Dallas County,8.497463744605755,39.0,8.0,12.0,0.0
48113000902,32.810542,-96.778169,Dallas County,8.401592022812729,66.0,72.0,72.0,61.0
48113001001,32.820671,-96.775918,Dallas County,8.4968772981713,32.0,23.0,19.0,59.0
48113001002,32.816109,-96.776081,Dallas County,8.421036560771174,56.0,11.0,30.0,44.0
48113001101,32.814625,-96.766016,Dallas County,8.345639077203911,39.0,25.0,25.0,41.0
48113001102,32.818087,-96.757289,Dallas County,8.409501394776106,21.0,7.0,4.0,38.0
48113001202,32.806025,-96.734095,Dallas County,8.31641167889207,66.0,50.0,62.0,74.0
48113001203,32.802504,-96.744397,Dallas County,8.317922990628924,62.0,48.0,57.0,0.0
48113001204,32.798745,-96.748329,Dallas County,8.29087599931457,90.0,69.0,85.0,96.0
48113001301,32.80628,-96.752777,Dallas County,8.315474845591265,59.0,34.0,47.0,61.0
48113001302,32.800305,-96.762399,Dallas County,8.390192581440258,72.0,73.0,76.0,71.0
48113001400,32.806888,-96.762837,Dallas County,8.390619232378484,71.0,38.0,60.0,53.0
48113001502,32.794219,-96.768263,Dallas County,8.366979279622514,78.0,83.0,84.0,94.0
48113001503,32.80244,-96.77733,Dallas County,8.416311444084888,72.0,70.0,75.0,75.0
48113001504,32.800136,-96.773644,Dallas County,8.409617223321643,72.0,68.0,73.0,58.0
48113001601,32.799433,-96.789013,Dallas County,8.26746800941609,78.0,90.0,88.0,79.0
48113001602,32.793985,-96.788908,Dallas County,8.326273360178506,64.0,13.0,40.0,46.0
48113001703,32.798876,-96.797309,Dallas County,8.316482527009997,40.0,30.0,30.0,0.0
48113001705,32.794661,-96.79993,Dallas County,8.26016903039671,34.0,14.0,14.0,0.0
48113001801,32.803906,-96.801554,Dallas County,8.422876970212918,22.0,43.0,27.0,74.0
48113001802,32.800413,-96.805083,Dallas County,8.326239476747265,48.0,15.0,24.0,53.0
48113001901,32.794116,-96.806993,Dallas County,8.248554973771489,50.0,27.0,35.0,37.0
48113001902,32.790499,-96.81031,Dallas County,8.357674784879718,52.0,10.0,25.0,38.0
48113002001,32.760679,-96.818647,Dallas County,8.49875173352671,74.0,33.0,61.0,0.0
48113002002,32.753759,-96.816005,Dallas County,8.54992359461589,92.0,87.0,93.0,94.0
48113002100,32.783409,-96.80126,Dallas County,8.481859806448318,64.0,37.0,53.0,66.0
48113002200,32.790326,-96.783525,Dallas County,8.386004178244605,67.0,54.0,64.0,35.0
48113002400,32.794898,-96.756618,Dallas County,8.300923543114381,85.0,76.0,85.0,95.0
48113002500,32.786263,-96.747984,Dallas County,8.555589371728221,95.0,86.0,93.0,93.0
48113002703,32.772683,-96.745058,Dallas County,8.629771487222685,97.0,97.0,98.0,88.0
48113003102,32.77924,-96.802493,Dallas County,8.402769046920751,48.0,16.0,26.0,72.0
48113003103,32.780806,-96.795977,Dallas County,8.474345399578883,62.0,35.0,51.0,59.0
48113003700,32.76314,-96.762443,Dallas County,8.674087406161267,85.0,58.0,79.0,80.0
48113004201,32.75492,-96.828706,Dallas County,8.515965006996673,68.0,41.0,59.0,70.0
48113004202,32.751909,-96.847077,Dallas County,8.495514584777832,67.0,37.0,56.0,87.0
48113004300,32.773567,-96.836728,Dallas County,8.41696322861769,78.0,40.0,68.0,75.0
48113004400,32.75964,-96.84463,Dallas County,8.561558778434478,49.0,18.0,28.0,54.0
48113004500,32.744266,-96.866336,Dallas County,8.051600607137647,85.0,89.0,91.0,94.0
48113004600,32.746992,-96.84393,Dallas County,8.484712391939315,69.0,36.0,58.0,54.0
48113004700,32.746577,-96.831908,Dallas County,8.465833517678828,85.0,76.0,85.0,97.0
48113004800,32.744435,-96.817845,Dallas County,8.515200796443022,94.0,87.0,93.0,97.0
48113005000,32.73801,-96.831957,Dallas County,8.55805880700927,91.0,90.0,94.0,91.0
48113005100,32.736502,-96.842793,Dallas County,8.402067574139718,87.0,76.0,86.0,93.0
48113005200,32.740221,-96.850664,Dallas County,8.450569838216751,81.0,64.0,78.0,88.0
48113005300,32.734148,-96.860788,Dallas County,8.167080428382063,87.0,78.0,87.0,90.0
48113005400,32.726093,-96.816962,Dallas County,8.559536751660987,91.0,64.0,84.0,90.0
48113005500,32.722994,-96.802529,Dallas County,8.645486105924268,95.0,82.0,91.0,88.0
48113005600,32.71319,-96.820548,Dallas County,8.687887116827035,97.0,93.0,96.0,96.0
48113005700,32.699675,-96.800292,Dallas County,8.573867504643959,97.0,94.0,97.0,91.0
48113005901,32.694144,-96.807982,Dallas County,8.53318890488542,97.0,88.0,94.0,90.0
48113005902,32.697666,-96.818587,Dallas County,8.493337633853347,95.0,98.0,98.0,64.0
48113006001,32.707999,-96.836191,Dallas County,8.61012997429187,94.0,75.0,89.0,97.0
48113006002,32.697805,-96.831493,Dallas County,8.604453170509457,85.0,98.0,97.0,86.0
48113006100,32.699086,-96.847059,Dallas County,8.414545125301602,91.0,90.0,94.0,86.0
48113006200,32.722879,-96.833754,Dallas County,8.530414930400752,91.0,81.0,90.0,78.0
48113006301,32.714604,-96.846981,Dallas County,8.576885831395064,93.0,70.0,87.0,76.0
48113006302,32.724714,-96.847136,Dallas County,8.50880345643377,83.0,43.0,73.0,96.0
48113006401,32.726452,-96.863626,Dallas County,8.140935955363242,88.0,68.0,84.0,90.0
48113006402,32.726449,-96.873694,Dallas County,8.11277828100758,95.0,79.0,90.0,96.0
48113006501,32.730287,-96.888397,Dallas County,8.079557909761823,92.0,84.0,91.0,90.0
48113006502,32.724916,-96.884554,Dallas County,8.116974560504541,90.0,73.0,87.0,93.0
48113006701,32.745235,-96.887712,Dallas County,8.049875290202491,96.0,93.0,96.0,92.0
48113006702,32.74276,-96.87772,Dallas County,7.961956624572008,92.0,84.0,91.0,97.0
48113006800,32.754434,-96.863996,Dallas County,8.057357603105828,87.0,85.0,90.0,86.0
48113006900,32.760207,-96.868003,Dallas County,8.026697646160953,82.0,68.0,80.0,95.0
48113007101,32.845586,-96.816452,Dallas County,8.31487259732995,35.0,29.0,25.0,65.0
48113007102,32.843689,-96.828853,Dallas County,8.31369199584169,71.0,41.0,62.0,68.0
48113007203,32.85553,-96.875539,Dallas County,8.375124312082104,87.0,91.0,93.0,98.0
48113007204,32.862405,-96.873838,Dallas County,8.379628884530574,89.0,81.0,89.0,98.0
48113007205,32.863016,-96.867579,Dallas County,8.420522833526102,94.0,94.0,96.0,98.0
48113007206,32.861457,-96.864202,Dallas County,8.437154467542436,85.0,91.0,92.0,98.0
48113007301,32.858151,-96.815357,Dallas County,8.53450667969205,19.0,1.0,1.0,0.0
48113007302,32.857427,-96.835473,Dallas County,8.52067595241069,28.0,6.0,6.0,0.0
48113007601,32.887654,-96.832334,Dallas County,8.393052018641612,31.0,7.0,8.0,0.0
48113007604,32.886974,-96.794659,Dallas County,8.516410890561211,15.0,1.0,1.0,38.0
48113007605,32.888098,-96.810267,Dallas County,8.359149007170815,31.0,8.0,8.0,0.0
48113007701,32.868368,-96.790882,Dallas County,8.558236595042526,22.0,29.0,17.0,63.0
48113007702,32.871758,-96.797682,Dallas County,8.552456252636718,5.0,26.0,8.0,0.0
48113007801,32.875294,-96.778233,Dallas County,8.654731882901899,13.0,14.0,5.0,75.0
48113007805,32.902072,-96.755553,Dallas County,8.607255690260747,65.0,72.0,71.0,47.0
48113007809,32.859447,-96.741614,Dallas County,8.58221595958236,66.0,36.0,55.0,83.0
48113007810,32.905933,-96.737844,Dallas County,8.551298560707735,67.0,43.0,59.0,91.0
48113007812,32.892908,-96.744826,Dallas County,8.442447372323159,32.0,4.0,6.0,0.0
48113007815,32.87691,-96.757222,Dallas County,8.401872162754719,89.0,95.0,96.0,97.0
48113007819,32.866189,-96.759906,Dallas County,8.375480818706569,81.0,83.0,86.0,87.0
48113007821,32.872262,-96.755135,Dallas County,8.406400424193096,90.0,86.0,91.0,97.0
48113007822,32.876927,-96.766948,Dallas County,8.47042173609627,72.0,35.0,60.0,49.0
48113007823,32.890109,-96.764838,Dallas County,8.568882784420053,78.0,35.0,65.0,82.0
48113007824,32.878385,-96.737854,Dallas County,8.482793926893965,31.0,9.0,9.0,0.0
48113007825,32.893366,-96.733567,Dallas County,8.51265954904493,66.0,32.0,53.0,48.0
48113007826,32.873469,-96.734219,Dallas County,8.454455384360314,70.0,42.0,61.0,56.0
48113007827,32.88542,-96.730564,Dallas County,8.502937504955225,81.0,76.0,83.0,87.0
48113007828,32.914338,-96.74893,Dallas County,8.620986319243329,87.0,71.0,84.0,76.0
48113007829,32.915752,-96.760246,Dallas County,8.629088674720176,87.0,78.0,87.0,80.0
48113007830,32.869147,-96.759855,Dallas County,8.394831122959127,90.0,97.0,98.0,94.0
48113007831,32.86559,-96.753636,Dallas County,8.373613638574499,92.0,82.0,90.0,96.0
48113007832,32.868682,-96.754583,Dallas County,8.374113854309707,88.0,90.0,93.0,98.0
48113007833,32.866536,-96.747208,Dallas County,8.392560003461872,91.0,98.0,98.0,93.0
48113007834,32.901396,-96.722609,Dallas County,8.631023061493636,85.0,80.0,87.0,74.0
48113007835,32.898024,-96.725425,Dallas County,8.623865187167988,74.0,77.0,79.0,85.0
48113007902,32.849133,-96.743588,Dallas County,8.48853872525971,32.0,9.0,9.0,43.0
48113007903,32.85055,-96.756276,Dallas County,8.508484037945577,38.0,12.0,15.0,69.0
48113007906,32.860115,-96.775799,Dallas County,8.35810081363302,18.0,19.0,9.0,46.0
48113007909,32.853531,-96.764849,Dallas County,8.334932168118584,74.0,50.0,68.0,83.0
48113007910,32.85654,-96.762286,Dallas County,8.487945896063609,68.0,51.0,64.0,81.0
48113007912,32.861408,-96.766141,Dallas County,8.416446429373401,62.0,19.0,41.0,0.0
48113007913,32.848657,-96.765061,Dallas County,8.252747006888766,50.0,33.0,39.0,70.0
48113007914,32.842738,-96.767233,Dallas County,8.30630190329369,64.0,71.0,70.0,70.0
48113007915,32.862859,-96.761455,Dallas County,8.378730807164818,48.0,33.0,38.0,0.0
48113007916,32.859894,-96.757413,Dallas County,8.394687576406794,59.0,37.0,49.0,64.0
48113008000,32.831775,-96.742371,Dallas County,8.380396117152943,21.0,1.0,1.0,51.0
48113008101,32.829932,-96.708818,Dallas County,8.374064386577755,46.0,32.0,35.0,0.0
48113008102,32.818263,-96.71061,Dallas County,8.372970662440324,43.0,6.0,13.0,41.0
48113008200,32.840419,-96.696529,Dallas County,8.471557966378539,61.0,48.0,57.0,79.0
48113008401,32.769077,-96.709251,Dallas County,8.400784923798692,89.0,85.0,90.0,91.0
48113008402,32.777445,-96.714537,Dallas County,8.398204252364698,89.0,81.0,89.0,88.0
48113008500,32.770662,-96.692763,Dallas County,8.412528716353592,86.0,78.0,86.0,90.0
48113008604,32.718376,-96.769527,Dallas County,8.741873918892328,96.0,96.0,98.0,87.0
48113008701,32.703238,-96.763556,Dallas County,8.757912376855176,97.0,98.0,98.0,72.0
48113008703,32.703157,-96.782144,Dallas County,8.747023260417913,93.0,94.0,96.0,95.0
48113008704,32.696107,-96.777473,Dallas County,8.672118195850576,97.0,98.0,99.0,68.0
48113008705,32.687068,-96.777888,Dallas County,8.787196335214501,97.0,95.0,97.0,85.0
48113008801,32.716709,-96.793614,Dallas County,8.64914143165312,96.0,88.0,94.0,64.0
48113008802,32.709902,-96.788336,Dallas County,8.652770333837077,94.0,97.0,98.0,86.0
48113009001,32.764769,-96.677354,Dallas County,8.397062812537287,94.0,74.0,88.0,93.0
48113009002,32.753845,-96.673185,Dallas County,8.33833682004973,94.0,82.0,91.0,94.0
48113009101,32.75552,-96.691314,Dallas County,8.389255610600589,89.0,68.0,84.0,88.0
48113009103,32.739723,-96.7033,Dallas County,8.456301872149888,95.0,87.0,93.0,91.0
48113009104,32.745662,-96.692237,Dallas County,8.359247984257282,92.0,73.0,87.0,85.0
48113009105,32.737983,-96.691901,Dallas County,8.454358272471273,92.0,74.0,88.0,86.0
48113009202,32.72722,-96.67248,Dallas County,8.240308189815911,96.0,94.0,96.0,90.0
48113009203,32.738358,-96.673017,Dallas County,8.38327498414049,91.0,82.0,90.0,93.0
48113009204,32.744663,-96.670294,Dallas County,8.343944210080254,86.0,85.0,89.0,69.0
48113009301,32.728274,-96.693228,Dallas County,8.365599844444228,94.0,84.0,92.0,91.0
48113009303,32.724486,-96.711131,Dallas County,8.756219604987844,97.0,90.0,95.0,95.0
48113009304,32.715988,-96.702438,Dallas County,8.440643588076664,96.0,98.0,99.0,80.0
48113009401,32.870829,-96.851922,Dallas County,8.373506439292738,72.0,48.0,65.0,81.0
48113009402,32.871422,-96.843,Dallas County,8.405038557492313,28.0,4.0,5.0,0.0
48113009500,32.888581,-96.84727,Dallas County,8.440935904437621,44.0,8.0,16.0,0.0
48113009603,32.918042,-96.829313,Dallas County,8.523810684658367,50.0,6.0,19.0,56.0
48113009604,32.919659,-96.810981,Dallas County,8.541705302844457,44.0,56.0,50.0,79.0
48113009605,32.912198,-96.861455,Dallas County,8.456143222624409,90.0,64.0,83.0,84.0
48113009607,32.902247,-96.864816,Dallas County,8.456512729911458,55.0,8.0,26.0,40.0
48113009608,32.915285,-96.847083,Dallas County,8.424810178182419,53.0,25.0,37.0,57.0
48113009609,32.902244,-96.847211,Dallas County,8.51993179594769,35.0,9.0,11.0,0.0
48113009610,32.905113,-96.8832,Dallas County,8.32043477108598,86.0,94.0,94.0,99.0
48113009611,32.901755,-96.87665,Dallas County,8.402958547867128,77.0,33.0,64.0,85.0
48113009701,32.888773,-96.876696,Dallas County,8.420041057855888,77.0,79.0,82.0,86.0
48113009702,32.888582,-96.862743,Dallas County,8.283219080292437,42.0,8.0,15.0,65.0
48113009802,32.871678,-96.860156,Dallas County,8.406703674823651,86.0,82.0,88.0,96.0
48113009803,32.877556,-96.872507,Dallas County,8.447524697242711,80.0,71.0,80.0,90.0
48113009804,32.872163,-96.869234,Dallas County,8.427091962999805,86.0,95.0,95.0,98.0
48113009900,32.891627,-96.911498,Dallas County,8.394396147057908,86.0,34.0,72.0,93.0
48113010001,32.818345,-96.856279,Dallas County,8.142930804837926,82.0,95.0,94.0,64.0
48113010002,32.777328,-96.816411,Dallas County,8.454602430914786,80.0,0.0,46.0,0.0
48113010003,32.797588,-96.829265,Dallas County,8.237286038035002,64.0,56.0,63.0,0.0
48113010101,32.784743,-96.850013,Dallas County,8.154179754888968,97.0,87.0,94.0,87.0
48113010102,32.782779,-96.837545,Dallas County,8.368976958419472,96.0,90.0,95.0,91.0
48113010500,32.786535,-96.879866,Dallas County,7.905530806103633,95.0,88.0,94.0,94.0
48113010601,32.787275,-96.901897,Dallas County,7.962146104004079,96.0,84.0,92.0,96.0
48113010602,32.772381,-96.909964,Dallas County,7.988615081839756,93.0,87.0,93.0,93.0
48113010701,32.755355,-96.90211,Dallas County,8.162274030584655,94.0,90.0,94.0,90.0
48113010704,32.733629,-96.90949,Dallas County,8.116948185143476,95.0,96.0,97.0,91.0
48113010804,32.711888,-96.865248,Dallas County,8.198497257720454,95.0,94.0,97.0,92.0
48113010805,32.709837,-96.881238,Dallas County,8.12244136835509,93.0,91.0,94.0,78.0
48113010806,32.698962,-96.867561,Dallas County,8.197505085483533,79.0,55.0,74.0,74.0
48113010807,32.698197,-96.887581,Dallas County,8.08210394882989,94.0,84.0,92.0,91.0
48113010808,32.717026,-96.907245,Dallas County,8.03786898849703,92.0,86.0,92.0,89.0
48113010809,32.714672,-96.894612,Dallas County,8.137148271059127,90.0,81.0,89.0,88.0
48113010903,32.667931,-96.887858,Dallas County,8.233427750516903,96.0,91.0,95.0,84.0
48113010904,32.671712,-96.878114,Dallas County,8.102378088666535,95.0,90.0,94.0,72.0
48113010905,32.656477,-96.871451,Dallas County,8.277960501777676,95.0,98.0,99.0,65.0
48113010906,32.657622,-96.864799,Dallas County,8.211264940861275,98.0,52.0,83.0,87.0
48113011002,32.682309,-96.833567,Dallas County,8.3982852152337,91.0,55.0,81.0,42.0
48113011003,32.680202,-96.846874,Dallas County,8.258376895542357,87.0,77.0,87.0,66.0
48113011004,32.685087,-96.854298,Dallas County,8.20546880777709,91.0,91.0,94.0,40.0
48113011101,32.657682,-96.847515,Dallas County,8.267100779127384,93.0,71.0,87.0,0.0
48113011103,32.667835,-96.831493,Dallas County,8.284530618020963,91.0,87.0,92.0,91.0
48113011104,32.654824,-96.835516,Dallas County,8.291294775418306,97.0,95.0,97.0,88.0
48113011105,32.652358,-96.826986,Dallas County,8.28255220508952,97.0,91.0,95.0,93.0
48113011201,32.655911,-96.816382,Dallas County,8.241321614899464,91.0,83.0,90.0,52.0
48113011202,32.677801,-96.814074,Dallas County,8.417535325273311,95.0,40.0,79.0,0.0
48113011300,32.671605,-96.798787,Dallas County,8.568451559601282,97.0,82.0,92.0,51.0
48113011401,32.674693,-96.768753,Dallas County,8.778134195444776,96.0,98.0,98.0,64.0
48113011500,32.750241,-96.739681,Dallas County,8.711831256535405,94.0,96.0,98.0,97.0
48113011601,32.70607,-96.691566,Dallas County,8.333010086206523,93.0,89.0,93.0,82.0
48113011603,32.697223,-96.672056,Dallas County,8.307266508430052,92.0,86.0,92.0,94.0
48113011604,32.688551,-96.653984,Dallas County,8.245410959735842,86.0,85.0,89.0,82.0
48113011701,32.710248,-96.658706,Dallas County,8.284758526652446,91.0,86.0,92.0,78.0
48113011702,32.70787,-96.641343,Dallas County,8.236520350141944,90.0,93.0,95.0,89.0
48113011801,32.727591,-96.641245,Dallas County,8.255268784120403,95.0,91.0,95.0,71.0
48113011802,32.727051,-96.654995,Dallas County,8.234619738964966,94.0,85.0,92.0,87.0
48113011901,32.741885,-96.655169,Dallas County,8.354152746940438,92.0,82.0,90.0,91.0
48113011902,32.741759,-96.642171,Dallas County,8.422271199335587,90.0,82.0,89.0,80.0
48113012000,32.755219,-96.656215,Dallas County,8.438002668089663,94.0,86.0,93.0,92.0
48113012101,32.765671,-96.652806,Dallas County,8.644149838286552,95.0,80.0,91.0,80.0
48113012102,32.768894,-96.66155,Dallas County,8.412919436102838,90.0,92.0,95.0,94.0
48113012206,32.786475,-96.708244,Dallas County,8.425945752885267,83.0,38.0,71.0,33.0
48113012207,32.78478,-96.690724,Dallas County,8.435484637646494,92.0,80.0,90.0,89.0
48113012208,32.798546,-96.722186,Dallas County,8.202093982923925,94.0,94.0,96.0,92.0
48113012209,32.811071,-96.705341,Dallas County,8.352193938008254,63.0,38.0,53.0,84.0
48113012210,32.811394,-96.691612,Dallas County,8.405527816858863,86.0,80.0,87.0,80.0
48113012211,32.803379,-96.688664,Dallas County,8.42802739876523,90.0,88.0,92.0,88.0
48113012212,32.797503,-96.70604,Dallas County,8.437662785647898,84.0,93.0,93.0,78.0
48113012213,32.804345,-96.70473,Dallas County,8.367636561291095,56.0,30.0,42.0,0.0
48113012301,32.817145,-96.674436,Dallas County,8.543250469838178,86.0,69.0,83.0,92.0
48113012302,32.809342,-96.674457,Dallas County,8.572235558602605,89.0,97.0,97.0,82.0
48113012400,32.828876,-96.684123,Dallas County,8.42406372619807,63.0,33.0,51.0,65.0
48113012501,32.827788,-96.663141,Dallas County,8.546795200219226,86.0,36.0,73.0,0.0
48113012502,32.831352,-96.669298,Dallas County,8.616089393425392,83.0,90.0,90.0,53.0
48113012601,32.852826,-96.657928,Dallas County,8.585651846145781,89.0,74.0,86.0,93.0
48113012603,32.84079,-96.658222,Dallas County,8.649577226898437,82.0,60.0,77.0,84.0
48113012604,32.849148,-96.645793,Dallas County,8.647860391031967,83.0,81.0,86.0,83.0
48113012701,32.849204,-96.673552,Dallas County,8.534940075090317,81.0,84.0,86.0,95.0
48113012702,32.84002,-96.675919,Dallas County,8.505437232336174,78.0,89.0,88.0,83.0
48113012801,32.86106,-96.688228,Dallas County,8.180336323060219,69.0,26.0,53.0,0.0
48113012802,32.852819,-96.687635,Dallas County,8.489300507831645,60.0,22.0,42.0,65.0
48113012900,32.854213,-96.707802,Dallas County,8.439889814761877,47.0,19.0,27.0,34.0
48113013005,32.874204,-96.70477,Dallas County,8.420592380204722,32.0,16.0,15.0,40.0
48113013007,32.871771,-96.694174,Dallas County,8.491499372340401,69.0,44.0,61.0,93.0
48113013008,32.88396,-96.722134,Dallas County,8.390153447011222,58.0,30.0,44.0,83.0
48113013009,32.888416,-96.714228,Dallas County,8.430500316385466,62.0,37.0,52.0,71.0
48113013010,32.868736,-96.682897,Dallas County,8.517863194831312,87.0,83.0,89.0,93.0
48113013011,32.876046,-96.689779,Dallas County,8.508869879424296,89.0,80.0,89.0,94.0
48113013012,32.871356,-96.71362,Dallas County,8.501813735471268,40.0,12.0,17.0,0.0
48113013013,32.871489,-96.72462,Dallas County,8.423200043579635,18.0,6.0,3.0,0.0
48113013101,32.902311,-96.778561,Dallas County,8.647392177047873,19.0,4.0,2.0,0.0
48113013102,32.887661,-96.781449,Dallas County,8.603399504142821,25.0,10.0,7.0,38.0
48113013104,32.883808,-96.773601,Dallas County,8.651101155195681,42.0,6.0,13.0,51.0
48113013106,32.893673,-96.775148,Dallas County,8.647132802903682,55.0,18.0,34.0,41.0
48113013107,32.892312,-96.772625,Dallas County,8.650363627421541,74.0,61.0,72.0,65.0
48113013201,32.917182,-96.795765,Dallas County,8.457953253409274,58.0,51.0,56.0,0.0
48113013202,32.917097,-96.774417,Dallas County,8.561402301787574,65.0,22.0,46.0,60.0
48113013300,32.90164,-96.796615,Dallas County,8.541915721417885,27.0,2.0,3.0,0.0
48113013400,32.902202,-96.811111,Dallas County,8.292758716808104,36.0,1.0,5.0,0.0
48113013500,32.902167,-96.830072,Dallas County,8.344597393012934,28.0,5.0,5.0,0.0
48113013605,32.969679,-96.777037,Dallas County,8.604266485575684,30.0,2.0,4.0,52.0
48113013606,32.957551,-96.794142,Dallas County,8.536079637307253,51.0,27.0,37.0,70.0
48113013607,32.956496,-96.777391,Dallas County,8.678106505081079,44.0,14.0,20.0,49.0
48113013608,32.938382,-96.79468,Dallas County,8.490901955050143,31.0,12.0,11.0,44.0
48113013609,32.94607,-96.774293,Dallas County,8.706076010878867,68.0,38.0,57.0,78.0
48113013610,32.932784,-96.77538,Dallas County,8.642350859008081,69.0,70.0,73.0,84.0
48113013611,32.977607,-96.815877,Dallas County,8.482582441073864,39.0,3.0,9.0,59.0
48113013615,32.936204,-96.80932,Dallas County,8.428587778295944,86.0,91.0,92.0,91.0
48113013617,32.981336,-96.795845,Dallas County,8.414699893832907,48.0,17.0,26.0,64.0
48113013618,32.983396,-96.776435,Dallas County,8.673053320070087,60.0,38.0,51.0,67.0
48113013619,32.969783,-96.793071,Dallas County,8.499616488377777,42.0,6.0,13.0,72.0
48113013620,32.963676,-96.816162,Dallas County,8.403728211573958,70.0,26.0,54.0,80.0
48113013621,32.959897,-96.806988,Dallas County,8.551252832353839,75.0,25.0,58.0,79.0
48113013622,32.948187,-96.810035,Dallas County,8.39813199982123,69.0,70.0,72.0,69.0
48113013624,32.94587,-96.818309,Dallas County,8.486243338745295,76.0,44.0,67.0,74.0
48113013625,32.943951,-96.820382,Dallas County,8.464822937961083,82.0,50.0,74.0,84.0
48113013626,32.934846,-96.816253,Dallas County,8.430606800318932,82.0,75.0,83.0,89.0
48113013627,32.973067,-96.827591,Dallas County,8.484411901347851,75.0,85.0,84.0,79.0
48113013628,32.953576,-96.823057,Dallas County,8.441146480666138,66.0,41.0,57.0,81.0
48113013629,32.941075,-96.81069,Dallas County,8.472742478151503,79.0,89.0,88.0,0.0
48113013630,32.944508,-96.806844,Dallas County,8.422251587770853,81.0,69.0,80.0,88.0
48113013631,32.940249,-96.80574,Dallas County,8.447455414968701,93.0,87.0,93.0,98.0
48113013715,32.9503,-96.876513,Dallas County,8.382678009983211,86.0,49.0,77.0,79.0
48113013716,32.969026,-96.903272,Dallas County,8.28521834053221,76.0,19.0,57.0,80.0
48113013717,32.959884,-96.902515,Dallas County,8.47513843715375,86.0,88.0,91.0,98.0
48113013718,32.960996,-96.891103,Dallas County,8.455212790759637,86.0,78.0,86.0,97.0
48113013719,32.98332,-96.907272,Dallas County,8.009328451772742,79.0,77.0,82.0,94.0
48113013720,32.980127,-96.886521,Dallas County,8.274961528942992,80.0,41.0,69.0,85.0
48113013721,32.976376,-96.86865,Dallas County,8.494608577333484,59.0,6.0,28.0,63.0
48113013722,32.979939,-96.856354,Dallas County,8.382597006117742,76.0,28.0,61.0,70.0
48113013725,32.9623,-96.850709,Dallas County,8.50975976374588,72.0,45.0,64.0,64.0
48113013726,32.944217,-96.847797,Dallas County,8.43494326960778,66.0,65.0,69.0,81.0
48113013727,32.969316,-96.839198,Dallas County,8.473717621840425,72.0,20.0,53.0,59.0
48113013728,32.942575,-96.883539,Dallas County,8.418944722488344,87.0,73.0,85.0,94.0
48113013729,32.947289,-96.89471,Dallas County,8.43772405601543,84.0,45.0,74.0,94.0
48113013804,32.921182,-96.858415,Dallas County,8.46043301626731,68.0,19.0,48.0,66.0
48113013805,32.936414,-96.852249,Dallas County,8.444578092482738,77.0,48.0,70.0,91.0
48113013806,32.934282,-96.839205,Dallas County,8.406556989350614,73.0,10.0,48.0,68.0
48113013807,32.929223,-96.867181,Dallas County,8.333889390097939,53.0,23.0,35.0,70.0
48113013808,32.944194,-96.864439,Dallas County,8.443780513526011,54.0,15.0,30.0,61.0
48113013901,32.932369,-96.893909,Dallas County,8.331278731828668,84.0,68.0,82.0,84.0
48113013902,32.931653,-96.881047,Dallas County,8.331522984720296,79.0,33.0,65.0,88.0
48113014001,32.919122,-96.88486,Dallas County,8.329614269346335,67.0,38.0,57.0,66.0
48113014002,32.920958,-96.919202,Dallas County,8.275874104907162,74.0,9.0,49.0,75.0
48113014119,32.961541,-96.985305,Dallas County,8.264209869474687,61.0,13.0,36.0,46.0
48113014120,32.962051,-96.966526,Dallas County,8.307493236301555,58.0,6.0,28.0,61.0
48113014121,32.95799,-96.951165,Dallas County,8.466098618240247,70.0,27.0,54.0,64.0
48113014123,32.977992,-96.964303,Dallas County,8.060917738086308,62.0,1.0,22.0,42.0
48113014124,32.91117,-96.974607,Dallas County,7.906206370309589,71.0,17.0,49.0,69.0
48113014126,32.962064,-97.00355,Dallas County,8.21062539771056,67.0,4.0,36.0,46.0
48113014128,32.9334,-96.956256,Dallas County,8.456414113290485,80.0,11.0,58.0,81.0
48113014130,32.91923,-96.949678,Dallas County,8.235368993179256,84.0,27.0,68.0,82.0
48113014132,32.941235,-96.946903,Dallas County,8.462761535478045,82.0,55.0,76.0,81.0
48113014134,32.983675,-96.981892,Dallas County,7.837014999365547,72.0,12.0,48.0,36.0
48113014135,32.973649,-96.980536,Dallas County,8.197528524433064,74.0,11.0,49.0,67.0
48113014138,32.899874,-96.935226,Dallas County,8.30221468169382,83.0,6.0,58.0,62.0
48113014139,32.858574,-97.002363,Dallas County,8.023402996097783,88.0,34.0,73.0,80.0
48113014140,32.862062,-97.000464,Dallas County,8.00266573746819,86.0,50.0,77.0,74.0
48113014141,32.936865,-96.948352,Dallas County,8.449561071624695,80.0,13.0,59.0,77.0
48113014142,32.930419,-96.947932,Dallas County,8.346298599273037,81.0,70.0,80.0,75.0
48113014143,32.900604,-96.947186,Dallas County,8.21702530486052,76.0,10.0,52.0,41.0
48113014144,32.885672,-96.945319,Dallas County,8.301675139056744,84.0,21.0,66.0,62.0
48113014145,32.858842,-96.994539,Dallas County,7.948378561139789,83.0,41.0,72.0,56.0
48113014146,32.862827,-96.993974,Dallas County,7.948438224320501,90.0,79.0,89.0,92.0
48113014147,32.855293,-97.013507,Dallas County,7.986141412761295,90.0,88.0,92.0,91.0
48113014148,32.844732,-97.013991,Dallas County,7.897725891254103,85.0,67.0,82.0,92.0
48113014149,32.92423,-96.958921,Dallas County,8.291913490849517,88.0,21.0,69.0,56.0
48113014150,32.923563,-96.972995,Dallas County,8.253147138203985,94.0,61.0,84.0,0.0
48113014151,32.906329,-96.9825,Dallas County,7.9580677913874664,90.0,19.0,69.0,82.0
48113014152,32.903687,-96.963677,Dallas County,8.03451466091504,90.0,27.0,73.0,73.0
48113014153,32.848015,-96.997728,Dallas County,7.891747968409488,88.0,26.0,71.0,78.0
48113014154,32.849335,-97.00518,Dallas County,8.03194502481241,88.0,17.0,68.0,86.0
48113014155,32.942662,-96.957412,Dallas County,8.396391977073181,86.0,29.0,70.0,85.0
48113014156,32.939246,-96.96385,Dallas County,8.271417690762156,87.0,3.0,60.0,51.0
48113014157,32.932724,-96.983947,Dallas County,8.054251631431784,78.0,9.0,53.0,0.0
48113014158,32.867261,-96.985601,Dallas County,7.987400327239139,87.0,86.0,90.0,85.0
48113014159,32.905374,-96.996451,Dallas County,7.934784254965222,94.0,1.0,61.0,76.0
48113014160,32.872366,-96.997114,Dallas County,7.972706742053034,87.0,26.0,70.0,83.0
48113014161,32.862277,-97.012195,Dallas County,7.976856911981173,85.0,57.0,78.0,82.0
48113014203,32.844879,-96.946005,Dallas County,8.149686013188218,74.0,47.0,66.0,80.0
48113014204,32.842945,-96.928508,Dallas County,8.13597176528991,76.0,78.0,81.0,83.0
48113014205,32.853196,-96.938313,Dallas County,8.269778107056105,55.0,12.0,30.0,64.0
48113014207,32.873263,-96.936173,Dallas County,8.530883863006485,70.0,7.0,41.0,81.0
48113014208,32.864953,-96.93633,Dallas County,8.5059810978128,70.0,25.0,53.0,76.0
48113014209,32.866149,-96.93116,Dallas County,8.576716000404284,68.0,2.0,34.0,0.0
48113014306,32.845705,-96.983083,Dallas County,7.983578963855192,86.0,62.0,81.0,92.0
48113014308,32.842408,-96.955838,Dallas County,8.0820148528439,88.0,81.0,88.0,94.0
48113014309,32.857427,-96.989796,Dallas County,7.967824415193434,93.0,90.0,94.0,96.0
48113014310,32.858734,-96.981669,Dallas County,7.991591603585067,82.0,50.0,74.0,88.0
48113014313,32.875322,-96.956165,Dallas County,8.432494542532421,78.0,10.0,54.0,71.0
48113014314,32.864483,-96.969907,Dallas County,8.156569128193437,67.0,22.0,49.0,46.0
48113014315,32.840184,-96.966121,Dallas County,7.902323464338681,81.0,43.0,71.0,93.0
48113014316,32.848424,-96.970593,Dallas County,8.013439208662524,84.0,71.0,83.0,90.0
48113014317,32.857853,-96.952551,Dallas County,8.493497290539837,80.0,4.0,53.0,61.0
48113014318,32.852658,-96.960883,Dallas County,8.130220392920236,73.0,48.0,66.0,50.0
48113014319,32.882624,-96.967622,Dallas County,8.024854324089993,89.0,35.0,74.0,81.0
48113014320,32.878951,-96.96945,Dallas County,8.047297683153399,90.0,15.0,69.0,66.0
48113014405,32.830631,-96.98636,Dallas County,7.978022020011625,82.0,77.0,84.0,97.0
48113014406,32.823011,-96.982443,Dallas County,7.823889521303604,85.0,75.0,85.0,94.0
48113014407,32.830415,-97.001201,Dallas County,7.840996468394896,88.0,80.0,88.0,95.0
48113014408,32.826144,-97.004839,Dallas County,7.863589397596702,85.0,70.0,83.0,89.0
48113014409,32.828681,-97.021397,Dallas County,7.759347358763079,91.0,91.0,94.0,91.0
48113014410,32.828737,-97.012427,Dallas County,7.75866218708989,87.0,78.0,87.0,62.0
48113014501,32.830985,-96.9686,Dallas County,7.945161507465168,80.0,63.0,77.0,82.0
48113014502,32.822535,-96.956518,Dallas County,7.929036135727937,88.0,66.0,83.0,97.0
48113014601,32.832949,-96.950078,Dallas County,8.081145478911512,82.0,66.0,80.0,86.0
48113014602,32.82678,-96.93857,Dallas County,8.126666008302918,90.0,77.0,88.0,96.0
48113014603,32.824153,-96.946457,Dallas County,7.975428262115204,89.0,84.0,90.0,96.0
48113014701,32.833355,-96.927002,Dallas County,8.111971053548226,90.0,67.0,85.0,97.0
48113014704,32.823468,-96.929637,Dallas County,7.94677306925512,87.0,82.0,88.0,97.0
48113014903,32.810731,-96.943752,Dallas County,8.110283714958753,89.0,62.0,82.0,95.0
48113015001,32.804768,-96.932929,Dallas County,8.100441422708387,88.0,65.0,83.0,97.0
48113015002,32.79661,-96.935055,Dallas County,8.018595696896291,83.0,62.0,79.0,89.0
48113015101,32.793966,-96.948893,Dallas County,8.02506977370359,84.0,89.0,90.0,85.0
48113015102,32.804475,-96.953356,Dallas County,8.035937872387269,86.0,96.0,96.0,98.0
48113015202,32.820931,-96.970729,Dallas County,7.8832422068545425,84.0,54.0,77.0,96.0
48113015205,32.812427,-96.969332,Dallas County,7.884368810200731,85.0,86.0,90.0,98.0
48113015206,32.805152,-96.968141,Dallas County,7.915539789315094,86.0,86.0,89.0,95.0
48113015207,32.793372,-96.966659,Dallas County,7.896278243172053,82.0,44.0,72.0,72.0
48113015208,32.788324,-96.972159,Dallas County,8.015415890865556,84.0,81.0,87.0,42.0
48113015303,32.800172,-97.023738,Dallas County,7.801013085376908,90.0,86.0,91.0,97.0
48113015304,32.807499,-97.00009,Dallas County,7.723494722550685,90.0,89.0,93.0,93.0
48113015305,32.810249,-96.984173,Dallas County,7.788132387977734,77.0,63.0,75.0,80.0
48113015306,32.797812,-96.984511,Dallas County,7.893398760206353,82.0,63.0,78.0,63.0
48113015403,32.755636,-97.024325,Dallas County,7.983128107984843,85.0,74.0,84.0,78.0
48113015404,32.74869,-97.029158,Dallas County,7.935913159988614,88.0,88.0,91.0,88.0
48113015405,32.76743,-97.016049,Dallas County,7.902628294544965,76.0,38.0,65.0,67.0
48113015406,32.767587,-97.030372,Dallas County,7.748203230142546,62.0,11.0,35.0,70.0
48113015500,32.751816,-97.009352,Dallas County,7.899735246825105,82.0,74.0,83.0,93.0
48113015600,32.752759,-96.984192,Dallas County,8.087537970281705,89.0,82.0,89.0,95.0
48113015700,32.753849,-96.969051,Dallas County,7.987776181421347,91.0,73.0,87.0,93.0
48113015900,32.737072,-96.990295,Dallas County,8.127618559455037,87.0,81.0,88.0,91.0
48113016001,32.735925,-97.009907,Dallas County,8.024728076510728,87.0,80.0,88.0,97.0
48113016002,32.737579,-96.999955,Dallas County,8.015705951580244,79.0,91.0,89.0,95.0
48113016100,32.727796,-97.023428,Dallas County,8.062417562753003,87.0,79.0,87.0,88.0
48113016201,32.72454,-97.004879,Dallas County,8.086764395395774,87.0,38.0,74.0,93.0
48113016203,32.711567,-97.011236,Dallas County,8.016613212371274,84.0,94.0,93.0,94.0
48113016204,32.716519,-97.004397,Dallas County,8.024862770837839,88.0,90.0,92.0,95.0
48113016301,32.717333,-96.983123,Dallas County,8.070827264702098,89.0,61.0,82.0,91.0
48113016302,32.715636,-96.989361,Dallas County,8.087235682292015,89.0,97.0,97.0,94.0
48113016406,32.702433,-97.009695,Dallas County,7.919782017908377,89.0,64.0,83.0,92.0
48113016407,32.70448,-96.996326,Dallas County,8.097508352701581,90.0,83.0,90.0,86.0
48113016409,32.680431,-96.9968,Dallas County,8.063276824448469,79.0,15.0,59.0,0.0
48113016410,32.663515,-97.024482,Dallas County,8.068711443639808,79.0,31.0,65.0,36.0
48113016412,32.662065,-96.997913,Dallas County,8.048339481911713,84.0,6.0,59.0,52.0
48113016414,32.670878,-97.010947,Dallas County,8.067547268149877,69.0,41.0,60.0,0.0
48113016415,32.65995,-97.009236,Dallas County,8.028078070712542,80.0,47.0,72.0,0.0
48113016416,32.637631,-97.02963,Dallas County,8.106180040630637,83.0,74.0,83.0,48.0
48113016417,32.651542,-97.025848,Dallas County,8.17189513386791,81.0,48.0,73.0,63.0
48113016418,32.692905,-97.03163,Dallas County,8.115465072148316,84.0,37.0,72.0,67.0
48113016419,32.692558,-97.016692,Dallas County,8.083839996276494,87.0,44.0,76.0,68.0
48113016420,32.691364,-97.010208,Dallas County,8.059343942052505,85.0,44.0,74.0,82.0
48113016421,32.695066,-96.994874,Dallas County,8.088905501354072,69.0,63.0,69.0,65.0
48113016511,32.626614,-96.950429,Dallas County,8.058092128775598,88.0,61.0,82.0,80.0
48113016513,32.632356,-96.935426,Dallas County,8.052321994869088,75.0,9.0,50.0,0.0
48113016516,32.65559,-96.899511,Dallas County,8.2096344221458,80.0,84.0,86.0,91.0
48113016517,32.639747,-96.90194,Dallas County,8.212110360502853,85.0,77.0,85.0,58.0
48113016518,32.654268,-96.917751,Dallas County,7.946880509402561,85.0,75.0,85.0,0.0
48113016519,32.653337,-96.934143,Dallas County,7.931027860288555,75.0,59.0,72.0,74.0
48113016521,32.681278,-96.943909,Dallas County,7.972777416304038,78.0,60.0,75.0,85.0
48113016522,32.599737,-96.959945,Dallas County,8.10079015479861,73.0,80.0,80.0,61.0
48113016524,32.574946,-96.976705,Dallas County,8.161556686338347,67.0,8.0,39.0,44.0
48113016525,32.567384,-97.009763,Dallas County,8.102128468914243,80.0,5.0,53.0,63.0
48113016526,32.639952,-96.94802,Dallas County,7.958390674635792,92.0,93.0,95.0,87.0
48113016527,32.646026,-96.968052,Dallas County,7.873706084462479,92.0,42.0,78.0,80.0
48113016528,32.654794,-96.95576,Dallas County,7.918101320430262,90.0,39.0,77.0,49.0
48113016529,32.618679,-96.954871,Dallas County,8.0865058082015,89.0,59.0,81.0,0.0
48113016530,32.610922,-96.940645,Dallas County,8.092984051381835,84.0,22.0,66.0,73.0
48113016531,32.640076,-96.914499,Dallas County,8.230091292341692,85.0,77.0,86.0,0.0
48113016532,32.627499,-96.916975,Dallas County,8.07123407373128,79.0,61.0,76.0,76.0
48113016533,32.691801,-96.920196,Dallas County,8.022168041800816,88.0,87.0,91.0,95.0
48113016534,32.685673,-96.900349,Dallas County,8.017777318087049,88.0,87.0,91.0,97.0
48113016535,32.66761,-96.915215,Dallas County,7.957520317563785,84.0,42.0,73.0,56.0
48113016536,32.668043,-96.897746,Dallas County,8.061601144721894,86.0,76.0,86.0,62.0
48113016607,32.653074,-96.88472,Dallas County,7.985516123340808,98.0,97.0,98.0,50.0
48113016610,32.610878,-96.832699,Dallas County,8.527189731361405,93.0,59.0,83.0,60.0
48113016615,32.576118,-96.933267,Dallas County,8.075984893086428,90.0,70.0,85.0,57.0
48113016616,32.566561,-96.94859,Dallas County,8.14519707580362,87.0,22.0,69.0,68.0
48113016617,32.613167,-96.886941,Dallas County,8.281030935252383,85.0,41.0,74.0,0.0
48113016618,32.605644,-96.864758,Dallas County,8.286996070722344,87.0,34.0,73.0,0.0
48113016619,32.613048,-96.850522,Dallas County,8.509207702367572,90.0,76.0,87.0,0.0
48113016620,32.596718,-96.840374,Dallas County,8.254651594730891,84.0,32.0,69.0,46.0
48113016621,32.568363,-96.843554,Dallas County,8.11916465189982,91.0,31.0,75.0,80.0
48113016622,32.555028,-96.837206,Dallas County,8.05233321321798,85.0,61.0,80.0,46.0
48113016623,32.562189,-96.874559,Dallas County,8.245754751404801,88.0,30.0,72.0,67.0
48113016624,32.577074,-96.919645,Dallas County,8.151035945261818,88.0,24.0,70.0,58.0
48113016626,32.584658,-96.937456,Dallas County,8.102743117263993,87.0,79.0,87.0,80.0
48113016627,32.585174,-96.833546,Dallas County,8.157500252306667,90.0,54.0,81.0,0.0
48113016628,32.581177,-96.846658,Dallas County,8.167351563338082,89.0,18.0,69.0,44.0
48113016629,32.596513,-96.929922,Dallas County,8.02592576644835,86.0,22.0,68.0,0.0
48113016630,32.601444,-96.918442,Dallas County,8.090417240553853,92.0,32.0,76.0,75.0
48113016631,32.589864,-96.898586,Dallas County,8.150520387527264,93.0,18.0,71.0,0.0
48113016632,32.582802,-96.865696,Dallas County,8.146404313812008,91.0,52.0,80.0,0.0
48113016633,32.585607,-96.883345,Dallas County,8.191811526295304,94.0,9.0,69.0,0.0
48113016634,32.632894,-96.837834,Dallas County,8.572356854382914,94.0,49.0,81.0,79.0
48113016635,32.642901,-96.873754,Dallas County,8.191099660223731,93.0,95.0,97.0,54.0
48113016636,32.626256,-96.900751,Dallas County,8.337906790324729,79.0,45.0,70.0,0.0
48113016637,32.636856,-96.887046,Dallas County,8.036051691892805,95.0,56.0,83.0,89.0
48113016638,32.633709,-96.879119,Dallas County,8.24271960903621,82.0,48.0,74.0,86.0
48113016704,32.618205,-96.774384,Dallas County,8.32046843772348,85.0,58.0,79.0,40.0
48113016706,32.608235,-96.775394,Dallas County,8.297037755806473,94.0,84.0,92.0,89.0
48113016707,32.608565,-96.79356,Dallas County,8.315514665502368,95.0,79.0,90.0,67.0
48113016708,32.624221,-96.794621,Dallas County,8.306663271030494,95.0,34.0,77.0,55.0
48113016709,32.623111,-96.798604,Dallas County,8.318657911818226,88.0,74.0,86.0,85.0
48113016710,32.659813,-96.765093,Dallas County,8.765010946217238,93.0,92.0,95.0,62.0
48113016711,32.660941,-96.772807,Dallas County,8.745451519412784,98.0,66.0,87.0,88.0
48113016802,32.571755,-96.779977,Dallas County,8.270076138668871,86.0,46.0,76.0,0.0
48113016803,32.597817,-96.767248,Dallas County,8.313352520194416,83.0,88.0,89.0,38.0
48113016805,32.599789,-96.813435,Dallas County,8.461170713747984,95.0,39.0,79.0,60.0
48113016806,32.597624,-96.789455,Dallas County,8.547107190849845,95.0,73.0,88.0,72.0
48113016902,32.649615,-96.709738,Dallas County,8.755822113430785,86.0,94.0,94.0,94.0
48113016903,32.595144,-96.686871,Dallas County,8.83675105669114,83.0,78.0,84.0,84.0
48113017005,32.663225,-96.597609,Dallas County,8.296277738815068,83.0,89.0,90.0,68.0
48113017006,32.634874,-96.559343,Dallas County,8.547132720244104,64.0,50.0,60.0,60.0
48113017007,32.662741,-96.564139,Dallas County,8.384265518787345,87.0,95.0,95.0,85.0
48113017008,32.672916,-96.54419,Dallas County,8.498243505463956,85.0,49.0,76.0,48.0
48113017009,32.690748,-96.569635,Dallas County,8.352826188415039,82.0,98.0,97.0,97.0
48113017010,32.681091,-96.582446,Dallas County,8.504312785170015,87.0,81.0,88.0,93.0
48113017101,32.693196,-96.596297,Dallas County,8.317393582494155,84.0,81.0,86.0,92.0
48113017102,32.671548,-96.636222,Dallas County,8.167009687521547,89.0,82.0,89.0,92.0
48113017201,32.725627,-96.622517,Dallas County,8.462052283812147,85.0,91.0,92.0,93.0
48113017203,32.733876,-96.609031,Dallas County,8.226498312101011,84.0,63.0,80.0,88.0
48113017204,32.711609,-96.613858,Dallas County,8.495781396015236,87.0,87.0,91.0,78.0
48113017307,32.754085,-96.55739,Dallas County,8.930940615981608,80.0,32.0,67.0,75.0
48113017308,32.744581,-96.558682,Dallas County,8.972788586276122,81.0,77.0,83.0,64.0
48113017309,32.734734,-96.540392,Dallas County,9.05950032042705,87.0,53.0,78.0,0.0
48113017310,32.740086,-96.548171,Dallas County,8.977044543092136,81.0,31.0,67.0,49.0
48113017311,32.760804,-96.57812,Dallas County,8.587775077325862,79.0,69.0,78.0,86.0
48113017312,32.752058,-96.575163,Dallas County,8.479488440958834,77.0,52.0,71.0,66.0
48113017313,32.721885,-96.534575,Dallas County,8.832074831051012,90.0,4.0,63.0,68.0
48113017314,32.727608,-96.584957,Dallas County,8.244413200987646,87.0,57.0,80.0,81.0
48113017315,32.712088,-96.596644,Dallas County,8.196701347193237,84.0,66.0,81.0,82.0
48113017400,32.753873,-96.58948,Dallas County,8.224387912015024,72.0,59.0,70.0,71.0
48113017500,32.756024,-96.606033,Dallas County,8.172614660180816,70.0,10.0,45.0,77.0
48113017602,32.76894,-96.638583,Dallas County,8.671343342428559,80.0,82.0,85.0,79.0
48113017604,32.741601,-96.618185,Dallas County,8.238212794808556,80.0,89.0,89.0,86.0
48113017605,32.753867,-96.643978,Dallas County,8.610103768156764,95.0,86.0,93.0,89.0
48113017606,32.755651,-96.627508,Dallas County,8.362505730477155,87.0,66.0,83.0,84.0
48113017703,32.78397,-96.616035,Dallas County,8.484409243635344,87.0,82.0,88.0,91.0
48113017704,32.777504,-96.60729,Dallas County,8.6632485468363,83.0,68.0,81.0,78.0
48113017705,32.786926,-96.602198,Dallas County,8.709370720243472,84.0,78.0,85.0,77.0
48113017706,32.774084,-96.588109,Dallas County,8.420168376695031,78.0,27.0,63.0,72.0
48113017805,32.788365,-96.648712,Dallas County,8.443231306380076,84.0,82.0,87.0,88.0
48113017806,32.800941,-96.656217,Dallas County,8.465479266781534,85.0,70.0,83.0,94.0
48113017808,32.829196,-96.605458,Dallas County,8.544386828943148,70.0,56.0,67.0,74.0
48113017811,32.819136,-96.60532,Dallas County,8.592972849506154,66.0,26.0,49.0,84.0
48113017812,32.817821,-96.621108,Dallas County,8.520461154643762,68.0,47.0,62.0,62.0
48113017814,32.802413,-96.604223,Dallas County,8.598894852923012,75.0,39.0,65.0,49.0
48113017815,32.799924,-96.634637,Dallas County,8.480659317243038,71.0,58.0,69.0,0.0
48113017816,32.795558,-96.644561,Dallas County,8.48259951205123,87.0,73.0,85.0,85.0
48113017817,32.803214,-96.619311,Dallas County,8.500080623719915,73.0,70.0,75.0,67.0
48113017818,32.799941,-96.61747,Dallas County,8.490515163774345,87.0,41.0,75.0,91.0
48113017819,32.816528,-96.633411,Dallas County,8.536840321038508,87.0,70.0,84.0,72.0
48113017820,32.809844,-96.64367,Dallas County,8.494463836024295,82.0,31.0,68.0,72.0
48113017900,32.820464,-96.652831,Dallas County,8.63819850316623,85.0,91.0,92.0,68.0
48113018001,32.83343,-96.644425,Dallas County,8.611859841173299,82.0,82.0,86.0,81.0
48113018002,32.824731,-96.63785,Dallas County,8.613431604388404,83.0,53.0,76.0,68.0
48113018105,32.921645,-96.620197,Dallas County,8.572598132112837,88.0,65.0,83.0,85.0
48113018110,32.879175,-96.605923,Dallas County,8.638298938493994,62.0,33.0,49.0,62.0
48113018111,32.865896,-96.618062,Dallas County,8.581935446065383,83.0,81.0,86.0,86.0
48113018120,32.931617,-96.601737,Dallas County,8.521755494537286,79.0,30.0,64.0,93.0
48113018121,32.919415,-96.604695,Dallas County,8.691346334420723,83.0,77.0,84.0,88.0
48113018126,32.858565,-96.631768,Dallas County,8.732917259063878,73.0,24.0,56.0,82.0
48113018127,32.853333,-96.638632,Dallas County,8.606313242439908,84.0,72.0,83.0,82.0
48113018128,32.853394,-96.605577,Dallas County,8.707787705315031,85.0,65.0,81.0,62.0
48113018129,32.844194,-96.61384,Dallas County,8.56911192849163,74.0,70.0,76.0,61.0
48113018130,32.839523,-96.627457,Dallas County,8.640913322670214,83.0,81.0,86.0,52.0
48113018132,32.838797,-96.579337,Dallas County,8.665105088400528,76.0,37.0,64.0,77.0
48113018133,32.898448,-96.571242,Dallas County,8.78454356849287,66.0,36.0,55.0,0.0
48113018134,32.902217,-96.525126,Dallas County,8.93181126532292,61.0,24.0,44.0,74.0
48113018135,32.885777,-96.529269,Dallas County,8.919673903242744,58.0,39.0,49.0,44.0
48113018137,32.859037,-96.563924,Dallas County,8.769646489341639,72.0,61.0,71.0,54.0
48113018138,32.849965,-96.58255,Dallas County,8.76345190193813,79.0,74.0,81.0,55.0
48113018140,32.917436,-96.561998,Dallas County,8.756919252375829,76.0,22.0,58.0,66.0
48113018141,32.858721,-96.546947,Dallas County,8.826964686975385,77.0,82.0,83.0,77.0
48113018142,32.845771,-96.561165,Dallas County,8.60643289693148,75.0,20.0,56.0,74.0
48113018143,32.948818,-96.537978,Dallas County,8.865432137308966,71.0,35.0,59.0,0.0
48113018144,32.937836,-96.524711,Dallas County,8.855833176727904,70.0,30.0,56.0,0.0
48113018145,32.883778,-96.560713,Dallas County,9.070014385468571,56.0,37.0,47.0,44.0
48113018146,32.887777,-96.576955,Dallas County,8.802181856472666,56.0,2.0,19.0,0.0
48113018147,32.864352,-96.586371,Dallas County,8.744001944450192,84.0,23.0,67.0,58.0
48113018148,32.858738,-96.596988,Dallas County,8.708119113255492,86.0,71.0,84.0,84.0
48113018149,32.920212,-96.525544,Dallas County,8.92831939351376,69.0,9.0,42.0,58.0
48113018150,32.92467,-96.533062,Dallas County,8.890551974595025,78.0,17.0,58.0,90.0
48113018151,32.948817,-96.60247,Dallas County,8.756280048886348,78.0,10.0,54.0,76.0
48113018152,32.939478,-96.614867,Dallas County,8.733459563324056,77.0,46.0,69.0,83.0
48113018153,32.964827,-96.591752,Dallas County,8.793421992255606,70.0,9.0,43.0,69.0
48113018154,32.978479,-96.572547,Dallas County,8.796343923663512,46.0,6.0,16.0,78.0
48113018155,32.969717,-96.556995,Dallas County,8.808052807179381,68.0,24.0,50.0,0.0
48113018156,32.915297,-96.579399,Dallas County,8.632815984693265,74.0,28.0,58.0,53.0
48113018157,32.927659,-96.580117,Dallas County,8.613215607645165,79.0,76.0,81.0,73.0
48113018158,32.781415,-96.570536,Dallas County,8.698934345727453,75.0,38.0,64.0,0.0
48113018159,32.8066,-96.571238,Dallas County,8.756154488128155,57.0,4.0,24.0,41.0
48113018203,32.900135,-96.611429,Dallas County,8.591356333014325,90.0,61.0,83.0,88.0
48113018204,32.900343,-96.625515,Dallas County,8.435731031547716,96.0,93.0,96.0,96.0
48113018205,32.88791,-96.617042,Dallas County,8.582482007666574,88.0,82.0,89.0,97.0
48113018206,32.885753,-96.626801,Dallas County,8.510343753294839,88.0,89.0,92.0,91.0
48113018300,32.886407,-96.642239,Dallas County,8.57921475667215,85.0,68.0,82.0,93.0
48113018401,32.872846,-96.654282,Dallas County,8.600056951330714,82.0,54.0,76.0,97.0
48113018402,32.871603,-96.642041,Dallas County,8.541400706437011,75.0,70.0,76.0,70.0
48113018403,32.861522,-96.646193,Dallas County,8.549903571174061,86.0,89.0,91.0,92.0
48113018501,32.887,-96.66029,Dallas County,8.600380500313864,86.0,68.0,83.0,92.0
48113018505,32.906675,-96.714367,Dallas County,8.64731981180138,94.0,93.0,96.0,96.0
48113018506,32.902945,-96.711169,Dallas County,8.632516014082729,91.0,83.0,90.0,90.0
48113018507,32.907145,-96.723324,Dallas County,8.54613034727446,92.0,74.0,88.0,75.0
48113018508,32.902855,-96.718487,Dallas County,8.652153057725199,86.0,96.0,96.0,64.0
48113018600,32.900757,-96.656612,Dallas County,8.490834526849316,76.0,55.0,72.0,64.0
48113018700,32.900868,-96.638723,Dallas County,8.402766906975666,87.0,89.0,92.0,94.0
48113018801,32.924864,-96.641462,Dallas County,8.507109485167012,84.0,68.0,81.0,86.0
48113018802,32.913201,-96.640317,Dallas County,8.488206193695708,77.0,54.0,72.0,66.0
48113018900,32.922519,-96.656018,Dallas County,8.591184472524986,84.0,75.0,84.0,93.0
48113019013,32.914003,-96.676838,Dallas County,8.535636702918564,93.0,97.0,98.0,98.0
48113019016,32.919024,-96.738572,Dallas County,8.545266555089633,79.0,70.0,79.0,93.0
48113019018,32.92453,-96.712628,Dallas County,8.638086611551417,82.0,71.0,81.0,81.0
48113019019,32.915787,-96.710348,Dallas County,8.76223060623214,88.0,94.0,95.0,95.0
48113019020,32.939654,-96.67286,Dallas County,8.604184610685799,81.0,85.0,87.0,86.0
48113019023,32.953647,-96.689898,Dallas County,8.557986607125969,52.0,19.0,31.0,69.0
48113019024,32.938848,-96.689246,Dallas County,8.618465043157304,69.0,45.0,62.0,87.0
48113019025,32.946054,-96.629764,Dallas County,8.619804469997115,72.0,21.0,53.0,85.0
48113019026,32.937796,-96.638129,Dallas County,8.661557872006258,69.0,42.0,60.0,83.0
48113019027,32.954497,-96.651322,Dallas County,8.654074640737203,82.0,76.0,83.0,94.0
48113019028,32.956446,-96.675244,Dallas County,8.6275780189887,83.0,65.0,80.0,90.0
48113019029,32.948662,-96.66602,Dallas County,8.606122533085658,82.0,85.0,87.0,86.0
48113019031,32.972715,-96.674666,Dallas County,8.662630076205849,63.0,24.0,45.0,74.0
48113019032,32.920183,-96.692695,Dallas County,8.491118311638603,89.0,84.0,90.0,86.0
48113019033,32.913584,-96.691891,Dallas County,8.60435931370232,88.0,73.0,86.0,95.0
48113019034,32.918548,-96.72863,Dallas County,8.676926426594434,84.0,90.0,91.0,93.0
48113019035,32.912014,-96.723422,Dallas County,8.561898838348483,87.0,91.0,93.0,90.0
48113019036,32.976493,-96.693204,Dallas County,8.824115828285064,37.0,7.0,11.0,36.0
48113019037,32.965715,-96.690011,Dallas County,8.920164107949175,59.0,29.0,44.0,71.0
48113019039,32.943303,-96.70851,Dallas County,8.817420436951053,65.0,53.0,62.0,79.0
48113019040,32.935073,-96.726841,Dallas County,8.61559466492698,83.0,37.0,71.0,74.0
48113019041,32.928975,-96.726363,Dallas County,8.618752224109464,55.0,9.0,26.0,59.0
48113019042,32.971723,-96.654947,Dallas County,8.554069174470616,73.0,24.0,56.0,70.0
48113019044,32.927883,-96.691528,Dallas County,8.611141147616403,83.0,76.0,84.0,89.0
48113019045,32.9237,-96.703103,Dallas County,8.545980910252764,87.0,75.0,86.0,93.0
48113019046,32.920084,-96.67326,Dallas County,8.4476639113693,82.0,80.0,85.0,88.0
48113019047,32.927668,-96.676896,Dallas County,8.50607542313064,84.0,21.0,66.0,92.0
48113019048,32.934367,-96.656698,Dallas County,8.481277568782266,82.0,52.0,75.0,67.0
48113019049,32.941809,-96.65593,Dallas County,8.585532995696886,81.0,82.0,85.0,90.0
48113019050,32.967665,-96.632268,Dallas County,8.724378153728974,59.0,5.0,28.0,75.0
48113019051,32.974087,-96.611424,Dallas County,8.733889353810579,52.0,3.0,17.0,0.0
48113019052,32.982934,-96.707485,Dallas County,8.720533434937723,72.0,45.0,64.0,53.0
48113019053,32.970482,-96.716007,Dallas County,8.804056070172214,69.0,7.0,41.0,79.0
48113019101,32.942365,-96.73515,Dallas County,8.517370676448447,69.0,31.0,55.0,73.0
48113019102,32.947421,-96.722035,Dallas County,8.59927042540006,67.0,56.0,65.0,71.0
48113019202,32.944904,-96.750076,Dallas County,8.620742996749875,69.0,69.0,72.0,38.0
48113019203,32.956596,-96.74389,Dallas County,8.741251117828206,40.0,10.0,15.0,0.0
48113019205,32.973021,-96.762068,Dallas County,8.690057392011068,42.0,11.0,16.0,41.0
48113019208,32.931218,-96.764824,Dallas County,8.540774890892749,86.0,92.0,93.0,95.0
48113019210,32.981529,-96.731082,Dallas County,8.675044799358705,25.0,12.0,8.0,0.0
48113019211,32.968916,-96.733739,Dallas County,8.78219946604684,66.0,34.0,54.0,71.0
48113019212,32.933554,-96.75982,Dallas County,8.723115237790726,98.0,97.0,98.0,98.0
48113019213,32.937352,-96.75672,Dallas County,8.614805900129982,87.0,91.0,93.0,90.0
48113019214,32.943079,-96.764519,Dallas County,8.633138635414975,82.0,87.0,89.0,96.0
48113019215,32.954828,-96.761919,Dallas County,8.742178583091317,48.0,11.0,22.0,0.0
48113019216,32.970519,-96.749635,Dallas County,8.776567738989517,49.0,39.0,42.0,37.0
48113019301,32.856086,-96.781778,Dallas County,8.453899611981287,19.0,2.0,1.0,32.0
48113019302,32.84362,-96.781652,Dallas County,8.408139183034145,44.0,23.0,28.0,0.0
48113019400,32.846159,-96.790612,Dallas County,8.254210159263296,37.0,27.0,25.0,48.0
48113019501,32.857206,-96.799865,Dallas County,8.39521933904385,12.0,3.0,1.0,0.0
48113019502,32.843772,-96.808175,Dallas County,8.111704195280813,25.0,8.0,6.0,0.0
48113019600,32.831253,-96.787617,Dallas County,8.239717605156086,24.0,34.0,22.0,45.0
48113019700,32.833473,-96.795112,Dallas County,8.35263646316569,25.0,4.0,4.0,0.0
48113019800,32.829234,-96.81231,Dallas County,8.106305597002693,11.0,5.0,1.0,0.0
48113019900,32.738106,-96.888025,Dallas County,8.115658371679888,89.0,78.0,88.0,97.0
48113020000,32.981541,-97.004903,Dallas County,8.02788802184226,78.0,1.0,45.0,65.0
48113020100,32.816397,-96.911268,Dallas County,7.978204910615004,82.0,64.0,79.0,80.0
48113020200,32.680881,-96.749933,Dallas County,8.792917553620786,97.0,92.0,96.0,72.0
48113020300,32.770588,-96.768971,Dallas County,8.562298150883453,86.0,89.0,91.0,57.0
48113020401,32.783375,-96.778553,Dallas County,8.474252124299081,70.0,87.0,82.0,73.0
48113020402,32.774476,-96.790073,Dallas County,8.35537016041495,68.0,65.0,70.0,38.0
48113020500,32.785397,-96.865059,Dallas County,7.873676694010252,95.0,93.0,96.0,88.0
48113020600,32.872536,-96.824412,Dallas County,8.505217664632982,35.0,7.0,9.0,33.0
48113020700,32.966813,-96.866601,Dallas County,8.504883789821282,60.0,28.0,45.0,44.0
48113020800,32.755465,-96.752038,Dallas County,8.648265237028573,97.0,91.0,95.0,87.0
48113020900,32.757314,-96.772767,Dallas County,8.7772753226767,86.0,77.0,86.0,89.0
48113021000,32.739249,-96.805565,Dallas County,8.592900734596872,92.0,92.0,95.0,91.0
48113021100,32.736285,-96.790902,Dallas County,8.518726689952889,95.0,97.0,98.0,54.0
48113021200,32.744539,-96.937148,Dallas County,8.21498372310365,91.0,82.0,90.0,95.0
48113980000,32.886904,-97.018146,Dallas County,8.086549825128474,0.0,0.0,0.0,0.0
48113980100,32.839241,-96.852446,Dallas County,8.341157226751465,0.0,0.0,0.0,0.0
48113980200,32.981732,-96.749408,Dallas County,8.698344261112384,75.0,99.0,96.0,0.0
48115950401,32.74711,-101.955607,Dawson County,6.271035782301788,81.0,83.0,86.0,73.0
48115950402,32.731011,-101.940401,Dawson County,6.358394104209749,83.0,88.0,90.0,37.0
48115950500,32.727713,-101.962784,Dawson County,6.330838499582844,76.0,86.0,85.0,87.0
48115950600,32.726526,-101.924419,Dawson County,6.478478881775986,48.0,55.0,52.0,82.0
48117950300,34.833792,-102.401741,Deaf Smith County,5.734991721693092,84.0,64.0,80.0,82.0
48117950400,34.825909,-102.401429,Deaf Smith County,5.734803540865359,85.0,79.0,86.0,90.0
48117950500,34.815242,-102.402437,Deaf Smith County,5.730131963771775,89.0,88.0,92.0,87.0
48117950600,34.875339,-102.407108,Deaf Smith County,5.734991721693092,69.0,88.0,83.0,86.0
48119950100,33.37787,-95.714999,Delta County,8.604172658153926,38.0,45.0,38.0,35.0
48119950200,33.370672,-95.690577,Delta County,8.546886231204208,33.0,69.0,52.0,36.0
48121020109,33.191797,-96.86448,Denton County,7.974783777380653,65.0,2.0,28.0,36.0
48121020110,33.184769,-96.876599,Denton County,7.977077395594829,69.0,2.0,35.0,35.0
48121020111,33.172248,-96.872803,Denton County,7.978837923836714,58.0,2.0,21.0,43.0
48121020112,33.172724,-96.88769,Denton County,7.983616429135765,53.0,6.0,22.0,58.0
48121020115,33.167532,-96.977206,Denton County,8.316000299583214,61.0,42.0,53.0,64.0
48121020116,33.28379,-96.983811,Denton County,8.124574752793047,49.0,19.0,29.0,42.0
48121020117,33.315865,-96.991161,Denton County,8.313531185363226,34.0,42.0,34.0,0.0
48121020118,33.397362,-96.962269,Denton County,8.630395213400414,54.0,29.0,40.0,82.0
48121020119,33.178117,-96.918759,Denton County,8.23741204344306,69.0,52.0,65.0,36.0
48121020120,33.175027,-96.904646,Denton County,8.110468909119628,65.0,30.0,51.0,62.0
48121020121,33.23784,-96.977583,Denton County,8.566506113409755,41.0,22.0,25.0,49.0
48121020122,33.231202,-96.959275,Denton County,8.817903576352242,58.0,37.0,48.0,66.0
48121020123,33.240559,-96.923214,Denton County,8.917948113998476,60.0,48.0,56.0,70.0
48121020124,33.240095,-96.902013,Denton County,8.69215630990526,62.0,1.0,21.0,0.0
48121020125,33.226162,-96.911436,Denton County,8.867408743212616,59.0,9.0,31.0,0.0
48121020126,33.168251,-96.931679,Denton County,8.1801517990786,74.0,36.0,62.0,83.0
48121020127,33.161616,-96.911979,Denton County,7.898610784905014,78.0,39.0,67.0,80.0
48121020128,33.232224,-96.864116,Denton County,8.535298622922193,63.0,6.0,33.0,36.0
48121020129,33.313506,-96.895167,Denton County,8.39697528741756,49.0,30.0,37.0,62.0
48121020130,33.184346,-96.960953,Denton County,8.250490439137412,54.0,6.0,23.0,42.0
48121020131,33.203647,-96.987443,Denton County,8.574178669300661,55.0,21.0,36.0,58.0
48121020132,33.186134,-96.894189,Denton County,8.272292761570691,70.0,25.0,54.0,45.0
48121020133,33.194134,-96.895029,Denton County,8.355829243442738,70.0,20.0,51.0,60.0
48121020134,33.204353,-96.901529,Denton County,8.706138261464089,82.0,1.0,50.0,0.0
48121020135,33.210733,-96.91849,Denton County,8.631059119062932,68.0,9.0,41.0,62.0
48121020136,33.202717,-96.945688,Denton County,8.608741669584958,83.0,19.0,64.0,86.0
48121020137,33.212356,-96.935484,Denton County,8.853561868139456,71.0,8.0,44.0,86.0
48121020203,33.355747,-97.170233,Denton County,8.259297181959434,44.0,27.0,30.0,0.0
48121020204,33.386384,-97.196606,Denton County,7.7023921076284,40.0,26.0,27.0,59.0
48121020205,33.324773,-97.086008,Denton County,8.209442739576705,44.0,27.0,30.0,35.0
48121020206,33.263905,-97.311049,Denton County,7.601178968569472,38.0,40.0,35.0,0.0
48121020207,33.320531,-97.210159,Denton County,8.047515251161832,26.0,22.0,15.0,0.0
48121020208,33.304304,-97.26363,Denton County,8.056685309728419,46.0,50.0,47.0,0.0
48121020305,33.006138,-97.168,Denton County,8.47196669845593,26.0,1.0,2.0,38.0
48121020310,33.146614,-97.243494,Denton County,7.706246674173833,11.0,12.0,4.0,0.0
48121020311,33.004659,-97.227995,Denton County,8.403790162377396,67.0,6.0,37.0,80.0
48121020312,33.012264,-97.261777,Denton County,8.063506209636007,55.0,32.0,43.0,64.0
48121020313,33.151842,-97.315688,Denton County,7.67006265238611,26.0,35.0,24.0,0.0
48121020314,33.115744,-97.259109,Denton County,7.891530980619558,49.0,17.0,27.0,38.0
48121020315,33.075031,-97.157401,Denton County,7.986150276798344,60.0,61.0,62.0,85.0
48121020316,33.127332,-97.1644,Denton County,8.21527022715987,22.0,8.0,5.0,0.0
48121020317,33.080479,-97.214107,Denton County,7.725571086433577,40.0,32.0,31.0,0.0
48121020318,33.146262,-97.183075,Denton County,7.951210435364318,37.0,8.0,12.0,0.0
48121020319,33.056015,-97.339006,Denton County,7.755075561656277,46.0,2.0,11.0,50.0
48121020320,33.021039,-97.329055,Denton County,7.386056602424108,64.0,29.0,49.0,54.0
48121020321,33.016971,-97.18877,Denton County,8.155390730153695,41.0,3.0,9.0,37.0
48121020322,33.017681,-97.21637,Denton County,8.026891032195353,47.0,27.0,32.0,56.0
48121020402,33.237642,-97.15312,Denton County,8.150233392905212,51.0,44.0,47.0,44.0
48121020403,33.223971,-97.147001,Denton County,8.156182528496242,21.0,62.0,42.0,0.0
48121020404,33.25519,-97.141739,Denton County,8.341045781191223,58.0,64.0,63.0,74.0
48121020405,33.254984,-97.213421,Denton County,8.284324261866713,34.0,33.0,27.0,62.0
48121020504,33.266116,-97.122142,Denton County,8.502706347282064,69.0,57.0,67.0,83.0
48121020505,33.243138,-97.107967,Denton County,8.441513915639048,35.0,16.0,16.0,57.0
48121020506,33.252875,-97.080069,Denton County,8.54117042373052,70.0,72.0,74.0,84.0
48121020507,33.248956,-97.124584,Denton County,8.292117334209918,49.0,72.0,62.0,0.0
48121020508,33.239733,-97.127171,Denton County,8.15021876020077,65.0,76.0,73.0,34.0
48121020601,33.227941,-97.1231,Denton County,8.100678034484204,71.0,94.0,88.0,68.0
48121020603,33.221633,-97.115004,Denton County,8.197812367745497,79.0,72.0,80.0,73.0
48121020604,33.221521,-97.102898,Denton County,8.27749660996073,64.0,45.0,58.0,88.0
48121020605,33.223103,-97.092734,Denton County,8.429953153798134,60.0,76.0,70.0,72.0
48121020700,33.216554,-97.149081,Denton County,8.054180173167344,54.0,92.0,80.0,74.0
48121020800,33.198621,-97.150995,Denton County,8.114717164333596,64.0,74.0,71.0,57.0
48121020900,33.210789,-97.157263,Denton County,8.122292303356463,70.0,97.0,91.0,89.0
48121021000,33.206203,-97.146406,Denton County,8.108610821832709,66.0,90.0,83.0,77.0
48121021100,33.209735,-97.13724,Denton County,8.06928718579952,41.0,90.0,72.0,68.0
48121021202,33.206166,-97.119732,Denton County,8.359909981249649,74.0,51.0,68.0,0.0
48121021203,33.20677,-97.101561,Denton County,8.371609026320183,73.0,92.0,87.0,71.0
48121021204,33.191173,-97.094235,Denton County,8.250637196899302,63.0,98.0,90.0,55.0
48121021301,33.197886,-97.12842,Denton County,8.268949377664141,74.0,96.0,92.0,75.0
48121021304,33.174064,-97.130048,Denton County,8.34708327068804,58.0,62.0,61.0,0.0
48121021305,33.184754,-97.119017,Denton County,8.432536890429951,50.0,34.0,40.0,75.0
48121021306,33.176137,-97.103925,Denton County,8.308108100788377,56.0,18.0,35.0,66.0
48121021307,33.163933,-97.100733,Denton County,8.291855079363529,57.0,17.0,35.0,86.0
48121021410,33.121097,-97.055319,Denton County,8.20184852293685,40.0,6.0,12.0,46.0
48121021411,33.121485,-97.022918,Denton County,8.08820520894162,63.0,62.0,65.0,88.0
48121021412,33.157121,-97.044879,Denton County,8.283569848182237,41.0,15.0,19.0,0.0
48121021413,33.138028,-97.035743,Denton County,8.305883630860777,30.0,8.0,8.0,0.0
48121021414,33.209606,-97.063614,Denton County,8.301177559999598,75.0,77.0,79.0,89.0
48121021415,33.176804,-97.070989,Denton County,8.178497143610855,67.0,4.0,35.0,82.0
48121021416,33.147683,-97.099941,Denton County,8.01458565119906,64.0,54.0,62.0,52.0
48121021417,33.146871,-97.09105,Denton County,8.236097226439488,44.0,11.0,18.0,64.0
48121021418,33.155563,-97.079691,Denton County,8.227449321071074,45.0,4.0,13.0,0.0
48121021419,33.143361,-97.062976,Denton County,8.195821192571438,45.0,3.0,12.0,56.0
48121021420,33.136501,-97.082388,Denton County,8.2492645075491,54.0,43.0,48.0,73.0
48121021421,33.135413,-97.059776,Denton County,8.193954054640454,52.0,30.0,39.0,57.0
48121021422,33.153855,-97.119036,Denton County,8.170342883809878,42.0,10.0,17.0,54.0
48121021423,33.142814,-97.115277,Denton County,8.212133330216457,55.0,11.0,28.0,71.0
48121021502,33.069352,-97.007498,Denton County,8.020550444668226,72.0,60.0,70.0,59.0
48121021505,33.074732,-97.033599,Denton County,7.854584010616783,56.0,7.0,26.0,38.0
48121021512,33.099947,-97.081614,Denton County,7.9873180500041885,22.0,1.0,1.0,0.0
48121021513,33.089807,-97.04517,Denton County,7.73344195598136,18.0,11.0,5.0,0.0
48121021514,33.082331,-97.061211,Denton County,7.625597832229737,36.0,2.0,5.0,56.0
48121021516,33.095826,-96.90511,Denton County,8.565616320871081,63.0,22.0,44.0,54.0
48121021517,33.063414,-96.911409,Denton County,8.72686632183322,80.0,12.0,58.0,62.0
48121021518,33.079767,-96.899485,Denton County,8.74468593516327,59.0,17.0,37.0,61.0
48121021520,33.090265,-96.881586,Denton County,8.56123656848751,69.0,25.0,52.0,42.0
48121021521,33.095236,-96.886502,Denton County,8.25102384773394,68.0,31.0,54.0,63.0
48121021522,33.118118,-96.881323,Denton County,8.261950207847283,74.0,9.0,49.0,61.0
48121021526,33.165129,-96.854918,Denton County,7.977352657688997,52.0,4.0,18.0,64.0
48121021528,33.159488,-96.869435,Denton County,7.858177313199515,46.0,1.0,8.0,0.0
48121021529,33.159928,-96.880935,Denton County,7.80650692029254,56.0,11.0,29.0,66.0
48121021530,33.077549,-96.880054,Denton County,8.646982076671744,64.0,3.0,30.0,66.0
48121021531,33.090851,-96.86932,Denton County,8.63996974927232,63.0,17.0,40.0,75.0
48121021532,33.086081,-96.861861,Denton County,8.611227738359759,67.0,15.0,44.0,71.0
48121021533,33.106477,-96.861826,Denton County,8.606044215118256,67.0,23.0,49.0,62.0
48121021534,33.114207,-96.915335,Denton County,8.26361614753319,62.0,8.0,34.0,73.0
48121021535,33.13789,-96.90661,Denton County,8.062747825327989,10.0,10.0,3.0,0.0
48121021536,33.15502,-96.908111,Denton County,7.783291148449688,63.0,22.0,44.0,32.0
48121021537,33.141894,-96.924624,Denton County,7.845770902424942,62.0,12.0,36.0,68.0
48121021538,33.142943,-96.855653,Denton County,8.14572732723145,69.0,9.0,42.0,57.0
48121021539,33.145478,-96.875495,Denton County,8.09608895702866,70.0,1.0,33.0,0.0
48121021540,33.130373,-96.881169,Denton County,8.073376539933548,74.0,24.0,57.0,59.0
48121021611,32.994477,-96.899766,Denton County,8.292586583983164,71.0,15.0,49.0,69.0
48121021612,33.005219,-96.904772,Denton County,7.92199784335569,66.0,32.0,52.0,77.0
48121021613,33.003559,-96.892348,Denton County,8.228162894241281,84.0,52.0,76.0,94.0
48121021614,33.004797,-96.879602,Denton County,8.213077748357225,69.0,51.0,65.0,73.0
48121021615,32.995437,-96.879005,Denton County,8.228721558373968,77.0,29.0,62.0,84.0
48121021616,33.006886,-96.862693,Denton County,8.190680273891788,77.0,69.0,77.0,88.0
48121021618,33.044184,-96.997433,Denton County,8.353445518403925,64.0,81.0,75.0,81.0
48121021619,33.027181,-96.97913,Denton County,8.450924810731449,85.0,51.0,77.0,93.0
48121021620,33.008987,-96.961655,Denton County,8.160938805837878,76.0,46.0,68.0,51.0
48121021621,32.998517,-96.91549,Denton County,7.977813523809866,58.0,20.0,38.0,43.0
48121021622,33.010584,-96.922318,Denton County,7.911478105527032,68.0,21.0,49.0,65.0
48121021626,33.067277,-96.850598,Denton County,8.53090147511059,44.0,1.0,8.0,52.0
48121021630,33.021086,-96.90791,Denton County,7.997302965737537,72.0,33.0,59.0,50.0
48121021631,33.017494,-96.895937,Denton County,7.959698995794367,65.0,11.0,39.0,39.0
48121021632,33.016266,-96.85984,Denton County,8.313132545320013,52.0,13.0,27.0,55.0
48121021633,33.017865,-96.877706,Denton County,8.292896789539986,58.0,6.0,28.0,69.0
48121021634,33.005932,-96.852502,Denton County,8.284237882434208,76.0,73.0,78.0,82.0
48121021635,33.003559,-96.848165,Denton County,8.318529474592555,77.0,46.0,68.0,51.0
48121021637,32.995461,-96.861753,Denton County,8.303737746715225,81.0,61.0,77.0,69.0
48121021638,32.995732,-96.86923,Denton County,8.237039738598936,78.0,55.0,73.0,86.0
48121021639,33.029178,-96.875459,Denton County,8.110501962466225,49.0,28.0,35.0,81.0
48121021640,33.035542,-96.876672,Denton County,8.121717106356602,78.0,8.0,52.0,86.0
48121021641,32.995137,-96.848197,Denton County,8.28464326658285,74.0,40.0,64.0,79.0
48121021642,32.990251,-96.848098,Denton County,8.27908959549819,82.0,30.0,68.0,79.0
48121021643,33.029982,-96.894523,Denton County,7.989136754593933,71.0,5.0,41.0,63.0
48121021644,33.039718,-96.891731,Denton County,8.687515838709604,63.0,17.0,41.0,86.0
48121021645,33.039789,-96.93635,Denton County,8.620731932111124,88.0,98.0,98.0,85.0
48121021646,33.025366,-96.938917,Denton County,8.576165030407186,69.0,13.0,45.0,64.0
48121021647,33.056021,-96.849699,Denton County,8.231885134602736,58.0,10.0,30.0,62.0
48121021648,33.041337,-96.851139,Denton County,8.248377215684068,30.0,10.0,9.0,43.0
48121021649,33.012152,-96.939481,Denton County,8.251641126286566,77.0,11.0,53.0,83.0
48121021650,33.032796,-96.923483,Denton County,8.533915675743513,78.0,12.0,56.0,91.0
48121021651,33.040032,-96.866325,Denton County,8.14122405245099,70.0,11.0,45.0,33.0
48121021652,33.039774,-96.911647,Denton County,8.676814612739863,63.0,15.0,39.0,65.0
48121021653,33.061807,-96.881816,Denton County,8.614574010407958,71.0,8.0,45.0,0.0
48121021654,33.052451,-96.906422,Denton County,8.765231908044612,79.0,11.0,56.0,85.0
48121021655,33.055684,-96.867082,Denton County,8.702608879616422,43.0,6.0,13.0,66.0
48121021715,33.061866,-97.034967,Denton County,8.054780225079297,66.0,22.0,47.0,37.0
48121021716,33.051606,-97.021142,Denton County,8.403563541573558,64.0,43.0,56.0,69.0
48121021717,33.049739,-97.036062,Denton County,8.361085451576843,57.0,59.0,59.0,62.0
48121021719,33.081662,-97.080993,Denton County,7.669395788800972,38.0,8.0,12.0,0.0
48121021720,33.065658,-97.052617,Denton County,7.766826002388061,55.0,1.0,15.0,0.0
48121021721,33.055682,-97.051968,Denton County,7.971517529529014,50.0,10.0,22.0,0.0
48121021722,33.043089,-97.055102,Denton County,8.242963598577585,49.0,8.0,20.0,39.0
48121021723,33.02401,-97.031819,Denton County,8.282212256030844,64.0,8.0,36.0,76.0
48121021724,33.027417,-97.051647,Denton County,8.229895724722324,42.0,3.0,10.0,0.0
48121021725,33.024979,-97.063077,Denton County,8.098006779867642,42.0,2.0,9.0,36.0
48121021726,33.016741,-97.056771,Denton County,8.108855665885219,40.0,3.0,10.0,0.0
48121021727,33.005822,-97.050068,Denton County,8.175348018407211,64.0,10.0,38.0,45.0
48121021728,32.997899,-97.017449,Denton County,8.349275342689491,71.0,42.0,62.0,94.0
48121021729,33.015138,-97.038807,Denton County,8.33588174463141,51.0,29.0,38.0,71.0
48121021730,33.015286,-97.026329,Denton County,8.32904371762227,44.0,7.0,16.0,55.0
48121021731,33.01104,-97.011906,Denton County,8.343821490743583,57.0,1.0,18.0,79.0
48121021732,33.013757,-96.998321,Denton County,8.145242918696871,77.0,22.0,59.0,81.0
48121021733,33.007131,-96.997893,Denton County,8.36811384361887,73.0,28.0,58.0,61.0
48121021734,33.012089,-96.990295,Denton County,8.456017002453555,77.0,64.0,75.0,59.0
48121021735,33.008523,-96.985543,Denton County,8.3680171634805,68.0,34.0,56.0,63.0
48121021736,33.000683,-96.985462,Denton County,8.44906000201544,79.0,35.0,66.0,75.0
48121021737,32.993678,-96.989281,Denton County,8.12592854313255,73.0,7.0,45.0,61.0
48121021738,32.997243,-96.97427,Denton County,8.069620403081853,70.0,47.0,63.0,52.0
48121021739,33.019536,-96.989131,Denton County,8.459887058846647,82.0,94.0,93.0,87.0
48121021740,33.022926,-96.999849,Denton County,8.163912210861465,76.0,72.0,78.0,64.0
48121021741,33.024114,-97.017229,Denton County,8.351901863652994,72.0,46.0,65.0,88.0
48121021742,33.033109,-97.030933,Denton County,8.237809845460697,70.0,38.0,59.0,82.0
48121021743,33.038851,-97.028042,Denton County,8.123330390582018,66.0,65.0,68.0,66.0
48121021744,33.038531,-97.012086,Denton County,8.392716709533302,85.0,64.0,81.0,94.0
48121021745,33.031731,-97.00873,Denton County,8.374884782196123,77.0,50.0,70.0,85.0
48121021746,33.061652,-97.100734,Denton County,7.7161344174385444,36.0,5.0,9.0,0.0
48121021748,33.044627,-97.079597,Denton County,7.746395451291825,42.0,1.0,6.0,50.0
48121021749,33.054075,-97.101598,Denton County,7.75864482949864,29.0,4.0,5.0,0.0
48121021750,33.027025,-97.09374,Denton County,8.023190269149442,53.0,8.0,24.0,51.0
48121021751,33.029159,-97.097933,Denton County,8.018172784125348,61.0,4.0,28.0,43.0
48121021752,33.025264,-97.08524,Denton County,8.050239403288364,52.0,3.0,17.0,59.0
48121021754,33.097173,-97.1273,Denton County,8.05358640623418,34.0,1.0,3.0,78.0
48121021755,33.094217,-97.116913,Denton County,7.851217926756099,28.0,1.0,2.0,40.0
48121021756,32.99716,-97.070237,Denton County,8.012550867746459,37.0,6.0,10.0,48.0
48121021757,33.010222,-97.086282,Denton County,7.9376417276514335,25.0,2.0,2.0,47.0
48121021758,33.061571,-97.069094,Denton County,7.7539755407981605,35.0,4.0,7.0,0.0
48121021759,33.04233,-97.064093,Denton County,7.666501867367317,34.0,36.0,30.0,80.0
48121021800,33.100448,-96.847414,Denton County,8.6231345325449,38.0,4.0,9.0,38.0
48121021900,33.123382,-96.854441,Denton County,8.435606908937784,47.0,7.0,17.0,71.0
48123970100,29.269778,-97.167871,DeWitt County,9.365934360838851,60.0,75.0,69.0,45.0
48123970201,29.115592,-97.289158,DeWitt County,9.808971943086036,74.0,39.0,64.0,0.0
48123970202,29.109763,-97.323177,DeWitt County,9.805334901809584,76.0,74.0,79.0,78.0
48123970300,29.090545,-97.257143,DeWitt County,9.775995995477242,59.0,60.0,61.0,0.0
48123970400,28.998822,-97.367924,DeWitt County,9.157446434064521,50.0,52.0,51.0,33.0
48123970500,28.98166,-97.543025,DeWitt County,9.603691250508696,58.0,53.0,57.0,49.0
48125950300,33.5467,-100.855931,Dickens County,6.594674893300653,58.0,73.0,67.0,46.0
48127950201,28.526613,-99.862332,Dimmit County,9.593162524846667,91.0,94.0,96.0,91.0
48127950202,28.53368,-99.846711,Dimmit County,9.594456795049771,85.0,97.0,96.0,0.0
48127950400,28.482143,-99.686659,Dimmit County,9.598051287341892,94.0,92.0,95.0,94.0
48129950200,34.936699,-100.893527,Donley County,6.318173873277288,39.0,68.0,55.0,73.0
48129950300,34.954382,-100.81718,Donley County,6.323855168845095,34.0,41.0,33.0,0.0
48131950100,27.758823,-98.250576,Duval County,9.147925389840577,91.0,89.0,93.0,82.0
48131950200,27.878155,-98.608483,Duval County,9.07144289259519,85.0,58.0,79.0,0.0
48131950500,27.53748,-98.4033,Duval County,9.0176451809478,93.0,76.0,89.0,76.0
48133950100,32.465518,-98.675597,Eastland County,7.385786123096515,33.0,89.0,69.0,55.0
48133950201,32.432419,-98.788229,Eastland County,7.483000260607974,22.0,32.0,19.0,86.0
48133950202,32.388777,-98.807741,Eastland County,7.4767513911807715,34.0,52.0,41.0,0.0
48133950301,32.385484,-98.983603,Eastland County,7.605593123202952,45.0,47.0,44.0,0.0
48133950302,32.372319,-99.000618,Eastland County,7.603874245226968,14.0,55.0,32.0,45.0
48133950400,32.133689,-98.992698,Eastland County,7.740241254621494,47.0,83.0,68.0,0.0
48133950500,32.241232,-98.710222,Eastland County,7.677858689323989,45.0,78.0,64.0,41.0
48135000100,31.922286,-102.414053,Ector County,6.081635848942106,64.0,33.0,52.0,0.0
48135000300,31.906414,-102.381245,Ector County,6.056690766159891,71.0,74.0,76.0,0.0
48135000400,31.880065,-102.359516,Ector County,6.073275046078988,79.0,70.0,79.0,83.0
48135000500,31.89115,-102.378462,Ector County,6.056690766159891,78.0,72.0,79.0,77.0
48135000600,31.876665,-102.373662,Ector County,6.065166674689535,84.0,77.0,85.0,79.0
48135000700,31.873796,-102.389688,Ector County,6.069086473809438,84.0,85.0,88.0,82.0
48135000800,31.883237,-102.402919,Ector County,6.088549803531671,81.0,78.0,83.0,87.0
48135001000,31.855988,-102.40241,Ector County,6.088167798135647,81.0,67.0,80.0,78.0
48135001100,31.840508,-102.399854,Ector County,6.099514963060039,88.0,80.0,88.0,83.0
48135001300,31.857528,-102.387485,Ector County,6.06872089997949,82.0,55.0,76.0,77.0
48135001500,31.861651,-102.369215,Ector County,6.0732006912664565,91.0,88.0,92.0,95.0
48135001600,31.86512,-102.355888,Ector County,6.073102408918261,81.0,46.0,72.0,77.0
48135001700,31.870148,-102.33596,Ector County,6.067472234325949,69.0,45.0,61.0,78.0
48135001800,31.84131,-102.347351,Ector County,6.076148265783973,85.0,80.0,87.0,62.0
48135001900,31.835553,-102.360824,Ector County,6.078265407728813,98.0,83.0,92.0,88.0
48135002000,31.832496,-102.376662,Ector County,6.099194570249904,94.0,79.0,90.0,91.0
48135002200,31.734971,-102.402105,Ector County,6.071214713757776,78.0,54.0,73.0,88.0
48135002300,31.875853,-102.321777,Ector County,6.0672705966058755,74.0,29.0,59.0,84.0
48135002400,31.884422,-102.339891,Ector County,6.06757217941887,68.0,11.0,43.0,53.0
48135002501,31.942449,-102.391473,Ector County,6.059717244609752,83.0,55.0,77.0,77.0
48135002502,31.896962,-102.362942,Ector County,6.05383600718675,71.0,16.0,49.0,52.0
48135002503,31.899897,-102.346168,Ector County,6.050481235270114,77.0,82.0,83.0,83.0
48135002701,31.865042,-102.476847,Ector County,6.073548443970498,76.0,35.0,64.0,83.0
48135002702,31.851826,-102.515228,Ector County,6.03920187794024,75.0,67.0,75.0,93.0
48135002801,31.803856,-102.50818,Ector County,6.039590282786399,88.0,81.0,88.0,91.0
48135002803,31.836291,-102.441433,Ector County,6.090401812386279,78.0,81.0,83.0,91.0
48135002804,31.826326,-102.475417,Ector County,6.076322785220009,76.0,92.0,89.0,93.0
48135002900,31.887158,-102.307051,Ector County,6.067256584253293,53.0,23.0,35.0,45.0
48135003001,32.030934,-102.363509,Ector County,6.207336023162965,21.0,21.0,12.0,0.0
48135003002,31.962381,-102.320605,Ector County,6.202118570826215,69.0,11.0,45.0,0.0
48135003003,31.762712,-102.340103,Ector County,6.10017227843837,83.0,55.0,77.0,93.0
48135003004,31.89915,-102.297122,Ector County,6.100444883117076,50.0,16.0,27.0,74.0
48135003100,31.845307,-102.381815,Ector County,6.080591082487686,86.0,77.0,86.0,88.0
48137950300,29.985934,-100.202797,Edwards County,8.67166120023287,66.0,84.0,78.0,87.0
48139060103,32.524674,-96.726123,Ellis County,8.226377924963204,69.0,33.0,57.0,39.0
48139060104,32.529111,-96.647975,Ellis County,8.682539771885104,81.0,84.0,87.0,82.0
48139060105,32.454255,-96.62861,Ellis County,8.588708325471663,60.0,48.0,56.0,45.0
48139060106,32.466316,-96.701699,Ellis County,8.373950786935609,66.0,63.0,67.0,85.0
48139060206,32.525736,-96.810974,Ellis County,8.206610949878153,65.0,41.0,56.0,77.0
48139060207,32.523825,-96.779092,Ellis County,8.653574225494172,65.0,30.0,51.0,69.0
48139060209,32.484994,-96.873852,Ellis County,8.097333158225874,45.0,5.0,14.0,0.0
48139060211,32.447173,-96.903877,Ellis County,8.209004447102089,50.0,32.0,38.0,49.0
48139060212,32.435321,-96.825633,Ellis County,8.407932097715031,55.0,32.0,43.0,55.0
48139060215,32.521678,-96.839633,Ellis County,8.201397893645037,60.0,14.0,35.0,46.0
48139060216,32.539391,-96.860344,Ellis County,8.162544573857012,74.0,13.0,51.0,64.0
48139060217,32.415127,-96.803575,Ellis County,7.965100497571725,51.0,7.0,21.0,55.0
48139060218,32.479518,-96.776221,Ellis County,8.2136800597803,56.0,23.0,38.0,0.0
48139060219,32.471551,-96.812879,Ellis County,8.177597527142355,54.0,13.0,29.0,0.0
48139060220,32.492023,-96.955172,Ellis County,8.426195567300024,48.0,33.0,38.0,0.0
48139060221,32.506549,-96.912981,Ellis County,8.323233663696813,44.0,2.0,9.0,0.0
48139060300,32.396992,-96.83234,Ellis County,7.9697294316720555,66.0,66.0,69.0,0.0
48139060400,32.377652,-96.832522,Ellis County,7.828627898014412,78.0,91.0,89.0,51.0
48139060500,32.386258,-96.858235,Ellis County,8.18250851391685,71.0,84.0,80.0,80.0
48139060601,32.412742,-96.845872,Ellis County,8.366830399748093,57.0,31.0,44.0,52.0
48139060602,32.405693,-96.854054,Ellis County,8.373515193211146,56.0,43.0,50.0,76.0
48139060702,32.493615,-96.965531,Ellis County,8.326839598324227,59.0,43.0,53.0,0.0
48139060704,32.511102,-97.009735,Ellis County,8.205755181873897,69.0,39.0,59.0,69.0
48139060801,32.442218,-96.975659,Ellis County,8.1961728793575,47.0,5.0,15.0,48.0
48139060802,32.445085,-97.00778,Ellis County,8.248139332988673,33.0,12.0,12.0,40.0
48139060803,32.475645,-97.059874,Ellis County,8.171457349117428,60.0,66.0,65.0,69.0
48139060900,32.339129,-96.996395,Ellis County,8.317502048552115,42.0,9.0,15.0,70.0
48139061000,32.172869,-96.907452,Ellis County,8.176580998426306,56.0,62.0,60.0,46.0
48139061100,32.328629,-96.859481,Ellis County,7.848954544118666,58.0,34.0,46.0,52.0
48139061200,32.241684,-96.727165,Ellis County,8.317534816559856,63.0,57.0,63.0,72.0
48139061300,32.34031,-96.716411,Ellis County,8.410394622220837,57.0,34.0,46.0,67.0
48139061401,32.327819,-96.647134,Ellis County,8.378781419177514,53.0,27.0,38.0,0.0
48139061402,32.342265,-96.647261,Ellis County,8.355306615420083,63.0,42.0,55.0,0.0
48139061500,32.314352,-96.628325,Ellis County,8.348767289452418,82.0,60.0,77.0,81.0
48139061600,32.338179,-96.620798,Ellis County,8.357921936233087,77.0,66.0,76.0,58.0
48139061700,32.339492,-96.54939,Ellis County,8.671975980713004,38.0,47.0,40.0,65.0
48141000106,31.92095,-106.429499,El Paso County,3.6685631808341657,83.0,61.0,78.0,80.0
48141000107,31.920745,-106.413585,El Paso County,3.6612621849832725,85.0,77.0,86.0,96.0
48141000108,31.918914,-106.403173,El Paso County,3.6629453476326383,83.0,89.0,90.0,78.0
48141000109,31.910087,-106.415608,El Paso County,3.7402822341985695,86.0,82.0,88.0,96.0
48141000110,31.903011,-106.414974,El Paso County,3.741759435016345,88.0,85.0,90.0,91.0
48141000111,31.906693,-106.437693,El Paso County,3.629953428622134,79.0,68.0,78.0,93.0
48141000112,31.905829,-106.428909,El Paso County,3.654565544329863,89.0,77.0,87.0,93.0
48141000113,31.8912,-106.419687,El Paso County,3.652453400039754,80.0,64.0,77.0,86.0
48141000114,31.878541,-106.432376,El Paso County,3.619955483776546,82.0,54.0,76.0,91.0
48141000204,31.891032,-106.401722,El Paso County,3.6534093104771492,86.0,88.0,90.0,88.0
48141000205,31.885952,-106.412056,El Paso County,3.664717360335272,87.0,88.0,91.0,95.0
48141000206,31.874232,-106.414064,El Paso County,3.6424204948187855,94.0,89.0,94.0,90.0
48141000207,31.904767,-106.39582,El Paso County,3.7002505203367573,89.0,85.0,90.0,96.0
48141000208,31.921609,-106.384508,El Paso County,3.6256697382558305,89.0,78.0,88.0,92.0
48141000301,31.855929,-106.430151,El Paso County,3.348780108572185,92.0,99.0,99.0,95.0
48141000302,31.861824,-106.418459,El Paso County,3.323675438636962,93.0,92.0,95.0,96.0
48141000401,31.85157,-106.459089,El Paso County,3.3810781534584438,80.0,46.0,71.0,71.0
48141000403,31.859809,-106.445807,El Paso County,3.3590888063065374,92.0,78.0,89.0,91.0
48141000404,31.8641,-106.43646,El Paso County,3.3654792654001016,91.0,98.0,98.0,94.0
48141000600,31.830824,-106.448162,El Paso County,3.2905592190241086,94.0,92.0,95.0,92.0
48141000800,31.817213,-106.451891,El Paso County,3.307864438799526,93.0,99.0,99.0,93.0
48141000901,31.808977,-106.453033,El Paso County,3.2660826555296496,94.0,85.0,92.0,92.0
48141000902,31.80571,-106.471054,El Paso County,3.360671034224345,86.0,91.0,92.0,91.0
48141001001,31.800096,-106.461656,El Paso County,3.3508120356948017,95.0,82.0,91.0,97.0
48141001002,31.800711,-106.450681,El Paso County,3.3357428871120516,93.0,95.0,97.0,95.0
48141001107,31.856076,-106.54485,El Paso County,3.7219609544647327,79.0,49.0,71.0,86.0
48141001109,31.848394,-106.528123,El Paso County,3.7674058676240554,80.0,42.0,70.0,57.0
48141001110,31.833653,-106.518795,El Paso County,3.833257820886161,82.0,31.0,68.0,96.0
48141001111,31.817222,-106.505888,El Paso County,3.704091859531919,84.0,67.0,81.0,95.0
48141001112,31.847828,-106.549754,El Paso County,3.7245751061046475,79.0,50.0,72.0,89.0
48141001114,31.819699,-106.530864,El Paso County,3.730872707208249,88.0,94.0,95.0,95.0
48141001115,31.812465,-106.521559,El Paso County,3.690880035560605,89.0,93.0,95.0,98.0
48141001116,31.832669,-106.556759,El Paso County,3.5598941473821895,86.0,85.0,89.0,94.0
48141001117,31.825989,-106.54345,El Paso County,3.718938715947172,85.0,51.0,77.0,96.0
48141001118,31.835274,-106.531724,El Paso County,3.7670754461906886,81.0,93.0,92.0,97.0
48141001119,31.841216,-106.546524,El Paso County,3.723221130670265,85.0,94.0,94.0,92.0
48141001202,31.85253,-106.56709,El Paso County,3.688401827206656,90.0,69.0,85.0,96.0
48141001204,31.848495,-106.577368,El Paso County,3.5180451684883676,95.0,93.0,96.0,98.0
48141001301,31.853611,-106.594666,El Paso County,3.285715579018641,75.0,39.0,65.0,85.0
48141001302,31.825744,-106.582343,El Paso County,3.419347733800378,79.0,25.0,63.0,70.0
48141001400,31.789269,-106.514352,El Paso County,3.5363578095369337,90.0,93.0,95.0,88.0
48141001501,31.794649,-106.502642,El Paso County,3.484484077044324,82.0,31.0,67.0,92.0
48141001502,31.77643,-106.499151,El Paso County,3.693922832682002,71.0,44.0,63.0,56.0
48141001600,31.764053,-106.496656,El Paso County,3.8052554359779025,93.0,92.0,95.0,95.0
48141001700,31.759208,-106.485819,El Paso County,3.7721071847988026,89.0,97.0,97.0,98.0
48141001800,31.752125,-106.487263,El Paso County,3.7469203705536356,94.0,99.0,99.0,99.0
48141001900,31.753635,-106.481206,El Paso County,3.739065043618204,94.0,99.0,99.0,99.0
48141002000,31.755187,-106.476011,El Paso County,3.6912546231763623,96.0,99.0,99.0,98.0
48141002100,31.763575,-106.475361,El Paso County,3.7134633403384,92.0,98.0,98.0,98.0
48141002201,31.778245,-106.479637,El Paso County,3.663792937520746,90.0,92.0,94.0,95.0
48141002202,31.770447,-106.485149,El Paso County,3.727985468872957,88.0,92.0,94.0,96.0
48141002300,31.786541,-106.467347,El Paso County,3.4940994557955225,92.0,92.0,95.0,88.0
48141002400,31.78952,-106.454651,El Paso County,3.3254610220444865,91.0,92.0,95.0,94.0
48141002500,31.791682,-106.440992,El Paso County,3.3366599008374926,91.0,90.0,94.0,97.0
48141002600,31.781424,-106.449838,El Paso County,3.354292467429364,96.0,92.0,96.0,94.0
48141002800,31.770632,-106.459869,El Paso County,3.661530198747566,98.0,99.0,99.0,98.0
48141002900,31.77159,-106.448462,El Paso County,3.4614496239854438,94.0,97.0,98.0,98.0
48141003000,31.765226,-106.435716,El Paso County,3.3425796668188674,96.0,98.0,98.0,98.0
48141003100,31.761442,-106.427288,El Paso County,3.3570589647708733,97.0,97.0,98.0,96.0
48141003200,31.774943,-106.4181,El Paso County,3.3413833308136853,97.0,98.0,99.0,98.0
48141003300,31.784579,-106.427707,El Paso County,3.2908491006466574,95.0,94.0,96.0,96.0
48141003402,31.785169,-106.404963,El Paso County,3.467543256547468,91.0,92.0,95.0,97.0
48141003403,31.783775,-106.384794,El Paso County,3.7102932547930028,88.0,78.0,87.0,93.0
48141003404,31.783035,-106.368763,El Paso County,3.7734797951693744,86.0,53.0,78.0,84.0
48141003501,31.754279,-106.381875,El Paso County,3.506803414438716,92.0,85.0,92.0,98.0
48141003502,31.735093,-106.359175,El Paso County,3.8309174862392896,94.0,95.0,97.0,97.0
48141003601,31.762153,-106.417113,El Paso County,3.395396758691843,96.0,94.0,97.0,97.0
48141003602,31.76289,-106.408314,El Paso County,3.3855546690705585,96.0,99.0,99.0,98.0
48141003701,31.749494,-106.394707,El Paso County,3.3637928883420156,92.0,94.0,96.0,96.0
48141003702,31.741241,-106.383905,El Paso County,3.321458711109691,97.0,96.0,97.0,98.0
48141003801,31.725515,-106.370047,El Paso County,3.4850718019767526,97.0,89.0,94.0,96.0
48141003803,31.715339,-106.35921,El Paso County,3.5261760275056275,95.0,76.0,89.0,97.0
48141003804,31.712206,-106.349688,El Paso County,3.511591601060205,98.0,96.0,98.0,97.0
48141003901,31.701531,-106.334909,El Paso County,3.557583214356137,94.0,87.0,93.0,97.0
48141003902,31.688162,-106.323209,El Paso County,3.4580689976516616,96.0,96.0,98.0,95.0
48141003904,31.697617,-106.344584,El Paso County,3.488056323478548,94.0,76.0,89.0,97.0
48141003905,31.687828,-106.336044,El Paso County,3.4587801325169663,97.0,94.0,97.0,97.0
48141004004,31.695911,-106.309831,El Paso County,3.479060070611203,91.0,74.0,87.0,98.0
48141004005,31.671422,-106.311064,El Paso County,3.4169135384357805,93.0,86.0,92.0,98.0
48141004006,31.672755,-106.296228,El Paso County,3.4237318706299553,98.0,98.0,98.0,98.0
48141004007,31.700828,-106.305169,El Paso County,3.4863956763605106,98.0,81.0,92.0,98.0
48141004008,31.706326,-106.305019,El Paso County,3.499113664146487,97.0,82.0,92.0,97.0
48141004103,31.721852,-106.325473,El Paso County,3.6887760946953128,93.0,95.0,97.0,97.0
48141004104,31.714203,-106.335471,El Paso County,3.6501983613339384,95.0,87.0,93.0,93.0
48141004105,31.739399,-106.34873,El Paso County,4.017900193331296,97.0,95.0,97.0,98.0
48141004106,31.738529,-106.339326,El Paso County,4.018543699956592,94.0,96.0,97.0,97.0
48141004107,31.73485,-106.330364,El Paso County,3.9790677757672985,88.0,64.0,82.0,96.0
48141004201,31.747246,-106.35777,El Paso County,3.863269765679868,95.0,94.0,96.0,97.0
48141004202,31.759334,-106.365768,El Paso County,3.7050426511006402,97.0,91.0,95.0,94.0
48141004303,31.777543,-106.350962,El Paso County,3.7659016958402067,86.0,75.0,85.0,91.0
48141004307,31.76073,-106.309129,El Paso County,4.003298365550013,88.0,63.0,82.0,70.0
48141004309,31.741316,-106.306557,El Paso County,3.82410705689147,93.0,84.0,91.0,90.0
48141004310,31.793087,-106.34277,El Paso County,3.8838084620811157,88.0,81.0,88.0,94.0
48141004311,31.785989,-106.344471,El Paso County,3.9248104840115627,86.0,63.0,81.0,87.0
48141004312,31.760216,-106.33483,El Paso County,4.12198746879177,89.0,79.0,88.0,80.0
48141004313,31.761774,-106.32415,El Paso County,4.116421468032763,85.0,73.0,84.0,81.0
48141004314,31.759195,-106.296448,El Paso County,3.8035246820847677,90.0,83.0,90.0,86.0
48141004316,31.743271,-106.295657,El Paso County,3.757723942642982,92.0,91.0,94.0,93.0
48141004317,31.768001,-106.36029,El Paso County,3.755951640982492,85.0,57.0,78.0,58.0
48141004318,31.76453,-106.347098,El Paso County,4.080869535121605,89.0,31.0,73.0,94.0
48141004319,31.76033,-106.28422,El Paso County,3.6092270224897676,88.0,71.0,85.0,90.0
48141004320,31.752206,-106.28695,El Paso County,3.6111714238982073,96.0,84.0,92.0,92.0
48141010101,31.855967,-106.356155,El Paso County,3.2128750852109347,66.0,93.0,85.0,84.0
48141010102,31.814361,-106.419367,El Paso County,3.2912909567931883,64.0,94.0,85.0,88.0
48141010103,31.798863,-106.424995,El Paso County,3.290450056709052,67.0,82.0,77.0,0.0
48141010203,31.994803,-106.597901,El Paso County,3.088576024035191,93.0,90.0,94.0,98.0
48141010210,31.935079,-106.432887,El Paso County,3.4785076091002134,81.0,33.0,68.0,66.0
48141010211,31.942748,-106.448777,El Paso County,3.3308811014753914,76.0,15.0,54.0,59.0
48141010212,31.935153,-106.416268,El Paso County,3.613453594017866,88.0,52.0,79.0,80.0
48141010213,31.878019,-106.538409,El Paso County,3.773759667701806,83.0,12.0,60.0,79.0
48141010214,31.863728,-106.52755,El Paso County,3.723292866911852,75.0,16.0,54.0,86.0
48141010217,31.872012,-106.553552,El Paso County,3.7998753371808736,81.0,15.0,61.0,94.0
48141010218,31.886841,-106.617511,El Paso County,3.224309965046808,83.0,11.0,61.0,90.0
48141010220,31.951364,-106.574909,El Paso County,3.074643680285863,89.0,83.0,90.0,98.0
48141010222,31.932652,-106.612502,El Paso County,3.0596970074980168,83.0,81.0,86.0,97.0
48141010223,31.936971,-106.393221,El Paso County,3.5801267003253385,88.0,78.0,87.0,92.0
48141010224,31.958337,-106.367285,El Paso County,3.272188534142119,82.0,55.0,76.0,78.0
48141010225,31.870607,-106.567741,El Paso County,3.71462285613851,89.0,46.0,78.0,91.0
48141010226,31.885398,-106.564532,El Paso County,3.5722944868946342,78.0,6.0,52.0,58.0
48141010227,31.875158,-106.586468,El Paso County,3.4483458600834176,86.0,62.0,81.0,91.0
48141010228,31.893604,-106.59038,El Paso County,3.357315922359306,88.0,60.0,81.0,97.0
48141010229,31.866035,-106.617211,El Paso County,3.2248798470909694,82.0,7.0,57.0,84.0
48141010230,31.866606,-106.595543,El Paso County,3.393485743396717,83.0,37.0,70.0,94.0
48141010231,31.951201,-106.594854,El Paso County,3.0685716359649264,89.0,72.0,86.0,97.0
48141010232,31.917128,-106.595202,El Paso County,3.1985363642107663,95.0,86.0,93.0,96.0
48141010303,31.791171,-106.327625,El Paso County,4.005366088773842,87.0,75.0,86.0,89.0
48141010307,31.776604,-106.331341,El Paso County,4.039506906173409,92.0,66.0,85.0,85.0
48141010311,31.795433,-106.313383,El Paso County,3.8000530603340037,90.0,91.0,94.0,94.0
48141010312,31.787315,-106.313172,El Paso County,3.9827958763481894,86.0,44.0,76.0,87.0
48141010316,31.777196,-106.316994,El Paso County,4.017161354787545,89.0,84.0,90.0,84.0
48141010317,31.777475,-106.307707,El Paso County,3.986590229661902,92.0,60.0,83.0,83.0
48141010322,31.797538,-106.292379,El Paso County,3.6591555280493724,90.0,70.0,85.0,87.0
48141010323,31.786925,-106.292922,El Paso County,3.632256904665265,89.0,51.0,79.0,76.0
48141010326,31.772264,-106.293702,El Paso County,3.8195053489494866,90.0,46.0,78.0,90.0
48141010327,31.779472,-106.293934,El Paso County,3.7552957737093497,88.0,66.0,83.0,79.0
48141010328,31.772291,-106.277696,El Paso County,3.674411286610837,92.0,78.0,89.0,90.0
48141010329,31.774508,-106.259654,El Paso County,3.5066848768901497,96.0,81.0,91.0,83.0
48141010333,31.663686,-106.176413,El Paso County,3.559816149243133,100.0,91.0,96.0,98.0
48141010334,31.639323,-106.198814,El Paso County,3.556531176924432,98.0,83.0,92.0,96.0
48141010335,31.661546,-106.132424,El Paso County,3.5838052587490457,100.0,83.0,92.0,98.0
48141010336,31.746096,-106.275436,El Paso County,3.5983252778609622,96.0,48.0,81.0,86.0
48141010337,31.734753,-106.27758,El Paso County,3.596355648643998,94.0,49.0,81.0,88.0
48141010338,31.722045,-106.280808,El Paso County,3.4963762736531314,93.0,22.0,72.0,84.0
48141010344,31.804693,-106.152799,El Paso County,3.5174743901717895,96.0,94.0,97.0,96.0
48141010346,31.66664,-106.265696,El Paso County,3.3634225984286754,97.0,74.0,89.0,96.0
48141010347,31.628375,-106.235551,El Paso County,3.523167934628476,96.0,83.0,92.0,97.0
48141010348,31.784508,-106.272385,El Paso County,3.5631337774451173,97.0,76.0,90.0,94.0
48141010349,31.787024,-106.280488,El Paso County,3.64932672565347,86.0,31.0,71.0,92.0
48141010350,31.795211,-106.276672,El Paso County,3.562507675677884,93.0,85.0,92.0,91.0
48141010351,31.80153,-106.27791,El Paso County,3.5025217255288723,94.0,83.0,91.0,83.0
48141010352,31.784249,-106.260658,El Paso County,3.4904437303566938,87.0,49.0,78.0,70.0
48141010353,31.791512,-106.245333,El Paso County,3.416791184335875,91.0,46.0,79.0,66.0
48141010354,31.803013,-106.238017,El Paso County,3.419195097947555,85.0,65.0,81.0,89.0
48141010355,31.79864,-106.261302,El Paso County,3.4652168491857065,85.0,81.0,87.0,89.0
48141010356,31.676823,-106.187329,El Paso County,3.360383565244338,95.0,93.0,96.0,97.0
48141010357,31.665157,-106.199875,El Paso County,3.3556675756953274,95.0,87.0,93.0,83.0
48141010358,31.81834,-106.24063,El Paso County,3.565144519778662,88.0,74.0,86.0,84.0
48141010359,31.855331,-106.181943,El Paso County,3.5162240832410556,92.0,83.0,91.0,66.0
48141010360,31.693226,-106.206222,El Paso County,3.478199806703686,86.0,53.0,78.0,82.0
48141010361,31.688343,-106.194625,El Paso County,3.432105027052826,93.0,72.0,87.0,92.0
48141010362,31.679909,-106.243591,El Paso County,3.4607878925628612,96.0,85.0,93.0,94.0
48141010363,31.693725,-106.227247,El Paso County,3.460804905617302,91.0,68.0,85.0,61.0
48141010364,31.851378,-106.13334,El Paso County,3.5665358890194083,89.0,97.0,97.0,77.0
48141010365,31.807133,-106.1779,El Paso County,3.4259071190783215,98.0,76.0,90.0,94.0
48141010366,31.760765,-106.256457,El Paso County,3.4854853171254816,89.0,74.0,86.0,93.0
48141010367,31.791671,-106.226261,El Paso County,3.6501224809614707,87.0,30.0,71.0,70.0
48141010368,31.774827,-106.232883,El Paso County,3.419982301694302,89.0,57.0,81.0,90.0
48141010369,31.785228,-106.21205,El Paso County,3.609289293152342,86.0,60.0,80.0,82.0
48141010370,31.714585,-106.247998,El Paso County,3.418402072836601,89.0,49.0,79.0,85.0
48141010371,31.698825,-106.181329,El Paso County,3.434453232822584,89.0,50.0,79.0,91.0
48141010372,31.708423,-106.209856,El Paso County,3.4514051119194966,95.0,60.0,84.0,87.0
48141010401,31.644587,-106.29319,El Paso County,3.36171657683037,96.0,91.0,95.0,98.0
48141010404,31.607919,-106.244811,El Paso County,3.559154210143983,94.0,93.0,96.0,97.0
48141010406,31.577636,-106.276998,El Paso County,3.5620111450333054,91.0,90.0,93.0,97.0
48141010408,31.642489,-106.269184,El Paso County,3.34438650921277,97.0,84.0,92.0,98.0
48141010409,31.662757,-106.283176,El Paso County,3.3614435419938418,94.0,77.0,89.0,95.0
48141010410,31.614898,-106.272149,El Paso County,3.523167934628476,95.0,56.0,83.0,95.0
48141010411,31.611304,-106.288535,El Paso County,3.4387402571959127,94.0,94.0,96.0,93.0
48141010412,31.585625,-106.261436,El Paso County,3.5620645471654693,100.0,92.0,96.0,98.0
48141010413,31.595926,-106.263256,El Paso County,3.559154210143983,98.0,89.0,94.0,99.0
48141010501,31.561056,-106.232257,El Paso County,3.6157924265533308,94.0,91.0,95.0,95.0
48141010502,31.523409,-106.160545,El Paso County,3.5501180348308314,92.0,92.0,95.0,98.0
48141010504,31.442565,-106.088368,El Paso County,4.456477612797034,98.0,79.0,91.0,98.0
48141010505,31.500942,-106.15075,El Paso County,3.5535797388332506,93.0,86.0,92.0,98.0
48141010506,31.47585,-106.116048,El Paso County,3.6097251609276935,100.0,77.0,90.0,98.0
48141010601,31.822909,-106.4473,El Paso County,3.28859197347114,58.0,87.0,77.0,0.0
48141010602,31.842539,-106.443646,El Paso County,3.2670781617455966,61.0,75.0,70.0,54.0
48141980000,31.809399,-106.395072,El Paso County,3.468515246690824,0.0,0.0,0.0,0.0
48143950100,32.38401,-98.147351,Erath County,8.216555863613229,12.0,23.0,9.0,0.0
48143950201,32.246755,-98.15021,Erath County,8.580930220181672,16.0,27.0,13.0,56.0
48143950203,32.183829,-98.254804,Erath County,7.492517344441579,42.0,56.0,48.0,89.0
48143950204,32.272481,-98.296371,Erath County,8.154013809208271,38.0,64.0,51.0,0.0
48143950301,32.122045,-98.368369,Erath County,7.0303302859493595,55.0,67.0,63.0,70.0
48143950302,32.073978,-98.329045,Erath County,7.090697283866327,69.0,76.0,76.0,67.0
48143950401,32.214747,-98.224523,Erath County,8.594410341216513,41.0,88.0,71.0,83.0
48143950402,32.216251,-98.236041,Erath County,8.53997072731034,17.0,36.0,20.0,36.0
48143950501,32.231986,-98.211737,Erath County,8.591928948164028,50.0,74.0,64.0,0.0
48143950502,32.222212,-98.214489,Erath County,8.595140168606124,51.0,92.0,78.0,0.0
48143950600,32.21382,-98.199668,Erath County,8.504237010115395,51.0,85.0,72.0,75.0
48143950700,32.075773,-98.069132,Erath County,7.873017946117984,50.0,67.0,60.0,0.0
48145000200,31.3103,-97.095817,Falls County,7.765978372582802,62.0,63.0,65.0,72.0
48145000300,31.314155,-96.892289,Falls County,7.281888438878815,82.0,98.0,96.0,39.0
48145000400,31.299134,-96.886679,Falls County,7.340551492719528,87.0,80.0,88.0,78.0
48145000500,31.194737,-97.06781,Falls County,7.721868624634807,43.0,34.0,35.0,64.0
48145000700,31.096425,-96.971687,Falls County,7.206241221204625,55.0,82.0,72.0,45.0
48145000800,31.298615,-96.852965,Falls County,7.345355725041396,47.0,41.0,42.0,0.0
48147950100,33.606477,-95.909525,Fannin County,10.041388816870896,36.0,84.0,65.0,34.0
48147950300,33.597513,-96.321637,Fannin County,10.418808933104671,25.0,67.0,47.0,33.0
48147950401,33.587036,-96.205829,Fannin County,10.496805949403123,69.0,92.0,85.0,68.0
48147950402,33.600789,-96.175994,Fannin County,10.479701443135111,38.0,64.0,51.0,72.0
48147950500,33.518092,-96.01645,Fannin County,9.220440838784514,32.0,36.0,28.0,34.0
48147950600,33.535023,-96.203339,Fannin County,9.826029964123599,30.0,78.0,58.0,0.0
48147950701,33.401114,-96.22822,Fannin County,9.995271654464263,34.0,51.0,40.0,33.0
48147950702,33.424315,-96.339405,Fannin County,10.182804958118352,24.0,48.0,32.0,0.0
48147950800,33.720215,-96.131821,Fannin County,10.543985098612309,13.0,49.0,27.0,0.0
48149970100,30.074357,-96.728886,Fayette County,8.573319349592905,36.0,43.0,36.0,0.0
48149970200,29.975935,-96.880018,Fayette County,9.020163830494512,28.0,27.0,20.0,0.0
48149970301,29.901693,-96.883544,Fayette County,8.887065107035838,15.0,17.0,7.0,0.0
48149970302,29.909913,-96.871981,Fayette County,8.856881431850084,60.0,50.0,57.0,0.0
48149970400,29.890784,-96.957011,Fayette County,9.117489778941922,43.0,44.0,41.0,0.0
48149970500,29.723228,-97.10555,Fayette County,9.15728285025845,55.0,50.0,54.0,56.0
48149970601,29.762379,-96.828727,Fayette County,9.244223844294336,34.0,32.0,27.0,0.0
48149970602,29.688049,-96.909411,Fayette County,9.19032155947399,54.0,48.0,52.0,34.0
48149970700,29.912142,-96.67757,Fayette County,9.461093061266128,19.0,20.0,10.0,0.0
48151950300,32.682143,-100.383491,Fisher County,6.897468094545962,42.0,42.0,39.0,53.0
48151950400,32.849172,-100.440915,Fisher County,6.600955388506786,66.0,75.0,74.0,75.0
48153950500,34.138315,-101.429323,Floyd County,6.640927271725649,69.0,71.0,73.0,78.0
48153950600,33.976866,-101.339418,Floyd County,6.997590358001559,78.0,84.0,84.0,82.0
48155950100,33.99161,-99.705226,Foard County,7.91643594455741,49.0,70.0,60.0,68.0
48157670101,29.590412,-95.457032,Fort Bend County,7.627399654971635,95.0,87.0,93.0,89.0
48157670102,29.584797,-95.464434,Fort Bend County,8.018357430652475,98.0,72.0,89.0,45.0
48157670201,29.586847,-95.478028,Fort Bend County,8.40547870417172,100.0,17.0,73.0,0.0
48157670202,29.597202,-95.475396,Fort Bend County,8.434136580642612,94.0,82.0,91.0,97.0
48157670300,29.599415,-95.487733,Fort Bend County,8.368966899281778,95.0,80.0,91.0,70.0
48157670400,29.607212,-95.500148,Fort Bend County,8.075378461434468,95.0,69.0,87.0,74.0
48157670500,29.607831,-95.520465,Fort Bend County,8.557333031730748,93.0,54.0,82.0,58.0
48157670602,29.59558,-95.49887,Fort Bend County,8.388193375972769,96.0,84.0,92.0,88.0
48157670603,29.58723,-95.518096,Fort Bend County,7.872604435726214,92.0,43.0,79.0,38.0
48157670604,29.59632,-95.514788,Fort Bend County,7.934617121152355,97.0,34.0,78.0,0.0
48157670700,29.564678,-95.453828,Fort Bend County,8.215798176075262,82.0,30.0,67.0,56.0
48157670801,29.519261,-95.448168,Fort Bend County,8.176687114943528,98.0,82.0,92.0,91.0
48157670802,29.519988,-95.468425,Fort Bend County,8.585118903335056,88.0,42.0,76.0,41.0
48157670803,29.530641,-95.471563,Fort Bend County,8.621643549966985,96.0,9.0,69.0,90.0
48157670804,29.529669,-95.487569,Fort Bend County,8.468331221811285,95.0,7.0,68.0,0.0
48157670902,29.543718,-95.48371,Fort Bend County,8.552070044910549,93.0,25.0,73.0,72.0
48157670903,29.547394,-95.515345,Fort Bend County,8.585631380879406,82.0,25.0,65.0,72.0
48157670904,29.555837,-95.537375,Fort Bend County,8.840041882535687,80.0,4.0,53.0,38.0
48157671001,29.572924,-95.552266,Fort Bend County,8.877132229831004,62.0,9.0,33.0,58.0
48157671002,29.574237,-95.53353,Fort Bend County,9.086349594843513,79.0,32.0,65.0,68.0
48157671101,29.589744,-95.534084,Fort Bend County,8.760925228932471,86.0,33.0,72.0,66.0
48157671102,29.59341,-95.552436,Fort Bend County,8.834505300807653,87.0,82.0,89.0,85.0
48157671200,29.604309,-95.536135,Fort Bend County,8.670604983193316,93.0,79.0,90.0,84.0
48157671300,29.61018,-95.554448,Fort Bend County,8.782347450635411,90.0,81.0,89.0,84.0
48157671401,29.619365,-95.574233,Fort Bend County,8.976926208217312,87.0,66.0,83.0,72.0
48157671402,29.610971,-95.574467,Fort Bend County,8.858499512638648,89.0,59.0,81.0,81.0
48157671501,29.594738,-95.573199,Fort Bend County,8.889052518948375,83.0,17.0,64.0,88.0
48157671502,29.577654,-95.569302,Fort Bend County,8.875642308828946,87.0,6.0,62.0,75.0
48157671601,29.598472,-95.604721,Fort Bend County,8.906740507052708,72.0,13.0,49.0,82.0
48157671602,29.592864,-95.587617,Fort Bend County,8.82809770672484,66.0,6.0,36.0,75.0
48157671700,29.613956,-95.592566,Fort Bend County,8.834995301781701,59.0,25.0,42.0,42.0
48157671800,29.633708,-95.55687,Fort Bend County,8.690189393826838,87.0,43.0,76.0,90.0
48157671900,29.652554,-95.589286,Fort Bend County,8.844780862488502,66.0,22.0,47.0,73.0
48157672002,29.642152,-95.59023,Fort Bend County,8.866596446844852,82.0,45.0,73.0,82.0
48157672003,29.649718,-95.60626,Fort Bend County,8.834254522145423,73.0,54.0,69.0,91.0
48157672004,29.659303,-95.610404,Fort Bend County,8.871668125169812,88.0,57.0,80.0,86.0
48157672100,29.613214,-95.624863,Fort Bend County,8.803484813070456,57.0,20.0,37.0,78.0
48157672201,29.629751,-95.642839,Fort Bend County,8.799145627639424,83.0,8.0,59.0,75.0
48157672202,29.628592,-95.628268,Fort Bend County,8.772119114144829,62.0,46.0,57.0,58.0
48157672303,29.656552,-95.643684,Fort Bend County,8.831692537012126,86.0,25.0,69.0,94.0
48157672304,29.657183,-95.631351,Fort Bend County,8.83120031258529,88.0,63.0,82.0,46.0
48157672305,29.646148,-95.636085,Fort Bend County,8.798675423648396,74.0,25.0,57.0,75.0
48157672306,29.639557,-95.626656,Fort Bend County,8.815633712533028,56.0,16.0,33.0,53.0
48157672401,29.676788,-95.637996,Fort Bend County,8.868487253389397,88.0,34.0,73.0,86.0
48157672402,29.668973,-95.631386,Fort Bend County,8.842455456922915,89.0,28.0,72.0,88.0
48157672500,29.68605,-95.655181,Fort Bend County,8.807779241197377,85.0,72.0,84.0,90.0
48157672602,29.685366,-95.674383,Fort Bend County,8.844370865284338,92.0,60.0,84.0,82.0
48157672603,29.700351,-95.68095,Fort Bend County,8.870994393110593,94.0,82.0,91.0,96.0
48157672604,29.694599,-95.673916,Fort Bend County,8.804653782805143,90.0,67.0,85.0,77.0
48157672701,29.676443,-95.667525,Fort Bend County,8.856164620229341,97.0,78.0,90.0,89.0
48157672702,29.642437,-95.668424,Fort Bend County,8.797544723744515,75.0,38.0,64.0,60.0
48157672703,29.663047,-95.655572,Fort Bend County,8.822668954603602,86.0,54.0,79.0,90.0
48157672801,29.632709,-95.669681,Fort Bend County,8.7646767520854,76.0,17.0,56.0,0.0
48157672802,29.612248,-95.679048,Fort Bend County,8.76437179242809,88.0,68.0,84.0,73.0
48157672901,29.647959,-95.69113,Fort Bend County,8.750988527005607,84.0,25.0,67.0,81.0
48157672902,29.693406,-95.75359,Fort Bend County,8.898624400468806,88.0,19.0,68.0,56.0
48157672903,29.673247,-95.733707,Fort Bend County,8.98897993521183,81.0,42.0,71.0,71.0
48157672904,29.676231,-95.6956,Fort Bend County,8.79663241756465,93.0,35.0,77.0,91.0
48157672905,29.696323,-95.694305,Fort Bend County,8.746747118297185,82.0,2.0,53.0,94.0
48157672906,29.697961,-95.731508,Fort Bend County,9.06882443637625,80.0,22.0,63.0,78.0
48157672907,29.691558,-95.717272,Fort Bend County,9.08454508502398,78.0,65.0,77.0,75.0
48157673004,29.742821,-95.753728,Fort Bend County,8.968298565830326,50.0,6.0,19.0,65.0
48157673005,29.743755,-95.766169,Fort Bend County,8.845086029500095,65.0,4.0,34.0,60.0
48157673006,29.728289,-95.744558,Fort Bend County,9.151448548667474,65.0,22.0,47.0,77.0
48157673007,29.709218,-95.733968,Fort Bend County,9.286348356435107,75.0,28.0,59.0,77.0
48157673008,29.724511,-95.759175,Fort Bend County,9.061025566034148,53.0,7.0,23.0,76.0
48157673009,29.710406,-95.753809,Fort Bend County,9.043053846290695,68.0,34.0,56.0,79.0
48157673010,29.709259,-95.768443,Fort Bend County,9.052159853607284,68.0,5.0,38.0,77.0
48157673103,29.762765,-95.804845,Fort Bend County,8.648195856015652,39.0,2.0,8.0,71.0
48157673104,29.707747,-95.786954,Fort Bend County,8.964035218452041,70.0,36.0,59.0,87.0
48157673105,29.719087,-95.80134,Fort Bend County,8.90616336807539,76.0,10.0,52.0,89.0
48157673106,29.727564,-95.781889,Fort Bend County,8.94503074835215,63.0,7.0,34.0,66.0
48157673107,29.751779,-95.786303,Fort Bend County,8.80188912959299,54.0,8.0,24.0,77.0
48157673108,29.750017,-95.836566,Fort Bend County,8.617209243671308,73.0,16.0,52.0,58.0
48157673109,29.701999,-95.823019,Fort Bend County,8.665462328743162,76.0,24.0,60.0,84.0
48157673110,29.710485,-95.828472,Fort Bend County,8.939988941333667,72.0,2.0,40.0,79.0
48157673111,29.725071,-95.834229,Fort Bend County,8.85541681932928,77.0,1.0,45.0,59.0
48157673112,29.729301,-95.814399,Fort Bend County,8.957356285697252,69.0,18.0,48.0,70.0
48157673113,29.737871,-95.796973,Fort Bend County,8.692899477272826,74.0,35.0,62.0,58.0
48157673201,29.757643,-95.865087,Fort Bend County,8.641160028830578,61.0,11.0,35.0,50.0
48157673202,29.721372,-95.873931,Fort Bend County,8.601461893272512,70.0,8.0,42.0,76.0
48157673300,29.665527,-95.913118,Fort Bend County,8.868675352248768,36.0,6.0,10.0,47.0
48157673401,29.603441,-95.769674,Fort Bend County,8.249681870443746,75.0,20.0,56.0,57.0
48157673402,29.685176,-95.823998,Fort Bend County,8.632637418672708,78.0,30.0,63.0,83.0
48157673403,29.691501,-95.792124,Fort Bend County,9.155117692355772,73.0,11.0,49.0,48.0
48157673404,29.651309,-95.760213,Fort Bend County,8.687865003063989,70.0,4.0,39.0,76.0
48157673501,29.646568,-95.727964,Fort Bend County,9.326897006036763,77.0,29.0,62.0,49.0
48157673502,29.632056,-95.734492,Fort Bend County,8.939831410957014,42.0,2.0,9.0,0.0
48157673600,29.615256,-95.731039,Fort Bend County,8.88587247912414,53.0,23.0,34.0,32.0
48157673700,29.621332,-95.70133,Fort Bend County,8.948057500132618,77.0,0.0,41.0,0.0
48157673801,29.58428,-95.707233,Fort Bend County,8.261893758416129,68.0,41.0,59.0,87.0
48157673802,29.592851,-95.688899,Fort Bend County,8.960346131085757,84.0,10.0,61.0,74.0
48157673902,29.59258,-95.649446,Fort Bend County,8.78157435718646,90.0,8.0,66.0,83.0
48157673903,29.586591,-95.666696,Fort Bend County,9.07532014374004,76.0,14.0,54.0,77.0
48157673904,29.598382,-95.66912,Fort Bend County,8.786703335783947,78.0,19.0,59.0,64.0
48157674001,29.58032,-95.623451,Fort Bend County,8.784399327146163,76.0,2.0,45.0,86.0
48157674002,29.588178,-95.61515,Fort Bend County,8.849543862484241,72.0,67.0,73.0,86.0
48157674100,29.579977,-95.599963,Fort Bend County,8.802949566554663,64.0,31.0,51.0,77.0
48157674200,29.572047,-95.625079,Fort Bend County,8.811799956745782,63.0,3.0,30.0,74.0
48157674301,29.56851,-95.58687,Fort Bend County,9.128233682840852,78.0,1.0,46.0,88.0
48157674302,29.56272,-95.573879,Fort Bend County,8.799149343748866,78.0,11.0,55.0,84.0
48157674401,29.560368,-95.620648,Fort Bend County,8.75991305312306,77.0,1.0,44.0,83.0
48157674402,29.545076,-95.610415,Fort Bend County,8.163210377226417,88.0,6.0,63.0,80.0
48157674403,29.542139,-95.587445,Fort Bend County,8.139912543106503,86.0,23.0,69.0,69.0
48157674404,29.538612,-95.56895,Fort Bend County,8.819391040804915,86.0,5.0,60.0,70.0
48157674503,29.507308,-95.53775,Fort Bend County,8.444453030400249,63.0,4.0,29.0,62.0
48157674504,29.486532,-95.527071,Fort Bend County,8.743181263756407,65.0,9.0,37.0,0.0
48157674505,29.493265,-95.504837,Fort Bend County,8.431314509835865,56.0,2.0,21.0,61.0
48157674506,29.478721,-95.469519,Fort Bend County,9.123113054536962,79.0,28.0,64.0,80.0
48157674507,29.530201,-95.550551,Fort Bend County,8.87267379968741,83.0,10.0,60.0,74.0
48157674508,29.523225,-95.512154,Fort Bend County,8.584490507370448,77.0,10.0,53.0,0.0
48157674601,29.555739,-95.680598,Fort Bend County,8.852183326326514,45.0,10.0,19.0,74.0
48157674602,29.548282,-95.664708,Fort Bend County,8.695702971712185,60.0,4.0,26.0,74.0
48157674603,29.542989,-95.691626,Fort Bend County,8.579234183296094,65.0,25.0,48.0,35.0
48157674604,29.54915,-95.707578,Fort Bend County,8.80736600159723,83.0,4.0,57.0,71.0
48157674701,29.571048,-95.682956,Fort Bend County,8.49222722580162,82.0,39.0,71.0,59.0
48157674702,29.563969,-95.732182,Fort Bend County,8.670275109054236,74.0,24.0,57.0,39.0
48157674800,29.566284,-95.770864,Fort Bend County,8.594174942268708,81.0,80.0,84.0,67.0
48157674900,29.588558,-95.772634,Fort Bend County,8.672752659703958,90.0,88.0,92.0,86.0
48157675000,29.565901,-95.793562,Fort Bend County,8.728473412598085,94.0,94.0,96.0,90.0
48157675101,29.55085,-95.76873,Fort Bend County,8.698854347643524,83.0,68.0,81.0,84.0
48157675102,29.549852,-95.787973,Fort Bend County,8.644141297145957,83.0,29.0,68.0,87.0
48157675200,29.548561,-95.800181,Fort Bend County,8.882820435708954,86.0,85.0,89.0,89.0
48157675300,29.548446,-95.819271,Fort Bend County,8.513609157716491,86.0,78.0,86.0,92.0
48157675401,29.505451,-95.830926,Fort Bend County,8.549758668955644,75.0,64.0,74.0,76.0
48157675402,29.525188,-95.90085,Fort Bend County,8.547625584725145,82.0,63.0,78.0,88.0
48157675501,29.500879,-95.783618,Fort Bend County,8.924692913031214,73.0,42.0,64.0,32.0
48157675502,29.530554,-95.732698,Fort Bend County,8.744994177488602,83.0,10.0,60.0,77.0
48157675503,29.507254,-95.712068,Fort Bend County,8.636228539458488,81.0,17.0,61.0,75.0
48157675600,29.397383,-95.747454,Fort Bend County,8.605623881578735,63.0,60.0,64.0,68.0
48157675701,29.403904,-95.858579,Fort Bend County,8.618217781724313,69.0,70.0,72.0,91.0
48157675702,29.395225,-95.840518,Fort Bend County,8.719244198716646,62.0,48.0,57.0,54.0
48157675800,29.525636,-95.988938,Fort Bend County,8.888941217772864,76.0,88.0,86.0,40.0
48159950101,33.094048,-95.21612,Franklin County,9.11245831083085,40.0,43.0,38.0,57.0
48159950102,33.241837,-95.217318,Franklin County,9.889760832800338,19.0,31.0,17.0,80.0
48159950200,33.179547,-95.223423,Franklin County,9.75211217630372,62.0,63.0,64.0,73.0
48159950300,32.999691,-95.239887,Franklin County,8.863875861457045,24.0,41.0,27.0,0.0
48161000101,31.797937,-96.193016,Freestone County,8.784551185240312,28.0,57.0,41.0,0.0
48161000102,31.723904,-96.117407,Freestone County,8.870352800725904,37.0,59.0,48.0,0.0
48161000200,31.724779,-96.152546,Freestone County,8.78495399795804,53.0,34.0,43.0,0.0
48161000300,31.72323,-96.167922,Freestone County,8.78495399795804,69.0,83.0,79.0,87.0
48161000400,31.802631,-96.391384,Freestone County,8.303221415868137,51.0,55.0,53.0,0.0
48161000600,31.626845,-96.242589,Freestone County,8.738617617454414,56.0,66.0,62.0,37.0
48161000700,31.62788,-96.280705,Freestone County,7.912747089541016,73.0,86.0,83.0,0.0
48161000900,31.644136,-95.948204,Freestone County,9.047665693121123,37.0,56.0,46.0,0.0
48163950101,28.990116,-99.001872,Frio County,10.261890157564594,82.0,62.0,78.0,91.0
48163950102,28.877888,-99.073066,Frio County,10.288455306323081,88.0,73.0,86.0,78.0
48163950201,28.893085,-99.122156,Frio County,10.281572343794155,87.0,51.0,78.0,94.0
48163950202,28.905659,-99.104662,Frio County,10.278299184023663,90.0,84.0,90.0,95.0
48163950301,28.667831,-99.193102,Frio County,10.318592773865415,83.0,41.0,72.0,61.0
48163950302,28.669768,-99.161909,Frio County,10.270157830330612,96.0,62.0,85.0,93.0
48165950100,32.931187,-102.575684,Gaines County,6.260668324459179,79.0,68.0,78.0,69.0
48165950201,32.725244,-102.620831,Gaines County,5.8301388009553765,38.0,53.0,44.0,95.0
48165950202,32.714426,-102.739738,Gaines County,5.711761031194499,55.0,75.0,67.0,93.0
48165950300,32.717555,-102.651831,Gaines County,5.830869683507337,71.0,64.0,71.0,89.0
48167720100,29.542245,-95.212228,Galveston County,9.396681992775582,48.0,16.0,26.0,0.0
48167720200,29.514263,-95.183937,Galveston County,9.258569399701715,35.0,20.0,19.0,0.0
48167720301,29.519534,-95.19958,Galveston County,9.261333512464365,38.0,22.0,22.0,0.0
48167720302,29.499211,-95.213622,Galveston County,9.116993856202917,39.0,10.0,15.0,40.0
48167720400,29.489395,-95.194683,Galveston County,9.29099478446684,44.0,3.0,11.0,33.0
48167720501,29.498768,-95.142361,Galveston County,8.849392319797236,48.0,15.0,24.0,0.0
48167720504,29.480639,-95.168938,Galveston County,9.262029732064024,64.0,9.0,37.0,36.0
48167720505,29.476125,-95.162248,Galveston County,9.195323256112758,64.0,8.0,36.0,0.0
48167720506,29.487068,-95.145502,Galveston County,8.803559606909934,49.0,7.0,19.0,72.0
48167720507,29.474608,-95.138107,Galveston County,8.992484254360686,49.0,9.0,21.0,92.0
48167720508,29.49072,-95.130928,Galveston County,8.886567168948142,68.0,5.0,38.0,90.0
48167720509,29.495077,-95.119116,Galveston County,8.908631221106225,36.0,23.0,21.0,0.0
48167720510,29.489747,-95.120568,Galveston County,8.868768131071407,62.0,41.0,53.0,0.0
48167720511,29.474994,-95.114606,Galveston County,8.74907062803451,53.0,7.0,23.0,87.0
48167720512,29.478439,-95.12283,Galveston County,8.7566710371751,39.0,10.0,14.0,0.0
48167720601,29.440344,-95.093348,Galveston County,9.002955776600537,24.0,5.0,4.0,0.0
48167720602,29.453207,-95.089226,Galveston County,8.620542267325945,65.0,38.0,55.0,0.0
48167720603,29.44439,-95.101667,Galveston County,8.753823690698217,65.0,17.0,43.0,53.0
48167720604,29.461291,-95.102406,Galveston County,8.722804568364436,63.0,20.0,43.0,0.0
48167720605,29.440767,-95.150929,Galveston County,9.304174450498119,55.0,7.0,25.0,0.0
48167720701,29.500744,-95.089996,Galveston County,8.853441961900973,65.0,22.0,46.0,0.0
48167720702,29.499404,-95.103489,Galveston County,8.806308851824985,64.0,19.0,43.0,52.0
48167720703,29.481436,-95.088824,Galveston County,8.797465675168015,57.0,18.0,36.0,0.0
48167720800,29.467745,-95.070238,Galveston County,8.719547659768747,71.0,39.0,60.0,54.0
48167720900,29.456335,-95.060281,Galveston County,8.775287789009152,58.0,66.0,64.0,60.0
48167721000,29.460658,-95.02568,Galveston County,8.805814973610557,67.0,53.0,64.0,68.0
48167721101,29.474063,-95.050488,Galveston County,8.724302646370619,76.0,55.0,71.0,69.0
48167721102,29.474051,-95.038585,Galveston County,8.634727601438954,78.0,90.0,88.0,87.0
48167721103,29.474532,-95.02454,Galveston County,8.639478892806627,66.0,45.0,60.0,51.0
48167721203,29.498405,-95.063187,Galveston County,8.758094163888911,66.0,6.0,36.0,0.0
48167721204,29.514304,-95.06964,Galveston County,8.650125177816033,56.0,13.0,31.0,0.0
48167721205,29.519932,-95.054502,Galveston County,8.855596429603798,47.0,25.0,32.0,51.0
48167721206,29.508463,-95.051511,Galveston County,8.794454186134724,32.0,1.0,3.0,0.0
48167721207,29.516924,-95.039912,Galveston County,8.869509943517478,46.0,24.0,30.0,47.0
48167721208,29.527673,-95.022898,Galveston County,8.960185705954865,61.0,36.0,51.0,50.0
48167721209,29.496136,-95.051686,Galveston County,8.65576746443799,71.0,4.0,41.0,0.0
48167721210,29.513313,-95.019211,Galveston County,8.776004859950403,58.0,12.0,32.0,52.0
48167721211,29.499445,-95.021875,Galveston County,8.675512558062312,52.0,1.0,13.0,35.0
48167721301,29.514295,-95.084665,Galveston County,8.669297698126153,42.0,35.0,34.0,72.0
48167721302,29.529778,-95.078312,Galveston County,9.125006126179738,30.0,38.0,29.0,68.0
48167721401,29.529822,-95.060249,Galveston County,8.571708237364717,24.0,2.0,2.0,0.0
48167721402,29.538237,-95.03261,Galveston County,8.882809628497032,52.0,90.0,77.0,0.0
48167721403,29.537021,-95.046845,Galveston County,8.876618272430948,39.0,16.0,19.0,0.0
48167721501,29.540096,-95.068747,Galveston County,8.530546194663337,51.0,10.0,23.0,0.0
48167721502,29.54718,-95.051091,Galveston County,8.865429337683757,31.0,20.0,16.0,36.0
48167721503,29.545503,-95.031178,Galveston County,8.85460671746341,36.0,35.0,30.0,0.0
48167721600,29.522329,-95.003981,Galveston County,8.75686030998667,65.0,66.0,68.0,85.0
48167721701,29.508685,-94.985815,Galveston County,8.826799777409414,70.0,94.0,88.0,60.0
48167721702,29.505436,-94.993678,Galveston County,8.748038519590466,81.0,92.0,91.0,0.0
48167721703,29.499334,-94.979458,Galveston County,8.820258293686244,64.0,84.0,77.0,62.0
48167721800,29.489025,-94.930841,Galveston County,8.35078029741782,57.0,53.0,56.0,79.0
48167721901,29.408486,-95.018001,Galveston County,8.467236310898132,64.0,67.0,68.0,85.0
48167721902,29.406326,-94.966948,Galveston County,8.61336290245997,74.0,82.0,81.0,70.0
48167722001,29.415756,-94.921228,Galveston County,8.716559915799799,63.0,41.0,55.0,0.0
48167722002,29.401507,-94.930793,Galveston County,8.719922610912443,67.0,58.0,66.0,0.0
48167722100,29.402252,-94.908857,Galveston County,8.77383215151563,67.0,60.0,67.0,56.0
48167722200,29.391325,-94.900869,Galveston County,8.72971706114552,76.0,84.0,84.0,37.0
48167722300,29.389789,-94.923693,Galveston County,8.732176298334105,81.0,89.0,89.0,91.0
48167722600,29.387696,-94.963685,Galveston County,8.90459526538425,78.0,70.0,78.0,74.0
48167722700,29.386097,-94.991114,Galveston County,8.62320812932179,89.0,73.0,86.0,0.0
48167722800,29.364644,-94.964866,Galveston County,8.838536403677244,81.0,89.0,89.0,45.0
48167722900,29.3632,-94.979424,Galveston County,8.857664000556179,68.0,89.0,82.0,74.0
48167723000,29.373637,-94.985195,Galveston County,8.828688207056866,78.0,81.0,83.0,63.0
48167723100,29.389697,-95.008951,Galveston County,8.33790672339317,76.0,71.0,78.0,56.0
48167723200,29.370131,-95.022272,Galveston County,8.760949435178354,76.0,46.0,68.0,57.0
48167723300,29.398295,-95.066367,Galveston County,8.292285214940271,63.0,34.0,51.0,42.0
48167723401,29.410516,-95.169673,Galveston County,8.724036178569174,55.0,80.0,70.0,0.0
48167723402,29.414701,-95.114421,Galveston County,8.469128613726513,19.0,29.0,16.0,0.0
48167723403,29.386625,-95.10634,Galveston County,8.300433725480843,25.0,30.0,20.0,32.0
48167723501,29.360803,-95.08171,Galveston County,8.677139906719066,35.0,20.0,19.0,35.0
48167723503,29.380315,-95.154603,Galveston County,8.820061867674736,59.0,73.0,68.0,0.0
48167723504,29.370276,-95.116285,Galveston County,8.547922364348489,48.0,41.0,43.0,0.0
48167723505,29.339479,-95.101861,Galveston County,8.694181788206572,32.0,52.0,39.0,0.0
48167723600,29.339001,-95.034721,Galveston County,8.70948502165756,52.0,41.0,46.0,0.0
48167723700,29.343888,-94.992444,Galveston County,8.52338382208579,77.0,86.0,85.0,52.0
48167723800,29.326481,-94.940454,Galveston County,8.78122311887403,38.0,12.0,15.0,34.0
48167723900,29.453612,-94.631559,Galveston County,9.372511729121234,32.0,49.0,38.0,66.0
48167724000,29.300791,-94.82722,Galveston County,8.835518149642322,68.0,97.0,90.0,49.0
48167724101,29.296293,-94.782596,Galveston County,8.597776080601399,53.0,73.0,65.0,65.0
48167724200,29.31641,-94.770784,Galveston County,8.609665459918414,63.0,66.0,67.0,81.0
48167724300,29.30685,-94.781016,Galveston County,8.599504660095707,54.0,77.0,68.0,67.0
48167724400,29.299064,-94.78405,Galveston County,8.60436448903162,66.0,75.0,73.0,62.0
48167724500,29.304055,-94.79372,Galveston County,8.604313391047537,46.0,83.0,69.0,53.0
48167724600,29.2978,-94.808719,Galveston County,8.597397080962095,85.0,97.0,97.0,86.0
48167724700,29.294517,-94.800002,Galveston County,8.597254252134594,78.0,91.0,89.0,52.0
48167724800,29.291771,-94.79259,Galveston County,8.597724982617315,65.0,48.0,60.0,59.0
48167724900,29.286848,-94.801213,Galveston County,8.597385748918636,67.0,73.0,72.0,65.0
48167725000,29.283143,-94.808415,Galveston County,8.60047584863705,78.0,92.0,90.0,75.0
48167725100,29.291132,-94.80923,Galveston County,8.600487180680512,83.0,90.0,90.0,87.0
48167725200,29.289559,-94.823275,Galveston County,8.596300801300975,84.0,90.0,91.0,91.0
48167725300,29.287144,-94.824807,Galveston County,8.607142071228983,65.0,72.0,71.0,81.0
48167725400,29.281699,-94.821062,Galveston County,8.616220679468666,66.0,73.0,72.0,79.0
48167725500,29.276489,-94.817619,Galveston County,8.616220679468666,39.0,49.0,41.0,44.0
48167725600,29.267249,-94.833953,Galveston County,8.160362430593418,66.0,81.0,76.0,69.0
48167725700,29.264894,-94.843029,Galveston County,8.148797639620208,51.0,15.0,28.0,53.0
48167725800,29.276808,-94.844253,Galveston County,8.15270668137241,71.0,77.0,77.0,69.0
48167725900,29.253278,-94.863215,Galveston County,8.157860452986249,60.0,46.0,55.0,52.0
48167726000,29.243957,-94.895876,Galveston County,7.971370369082858,31.0,21.0,17.0,0.0
48167726101,29.19562,-94.962212,Galveston County,8.210044042839971,31.0,23.0,19.0,0.0
48167726102,29.141899,-95.045019,Galveston County,8.06132194458964,20.0,39.0,23.0,0.0
48167726200,29.373022,-94.949879,Galveston County,8.670410409167983,76.0,67.0,76.0,80.0
48167990000,29.317409,-94.727419,Galveston County,8.577588740662675,0.0,0.0,0.0,0.0
48167990100,29.465967,-94.762437,Galveston County,9.494596120108007,0.0,0.0,0.0,0.0
48169950101,33.19301,-101.374998,Garza County,6.63995445686187,82.0,76.0,83.0,81.0
48169950102,33.196992,-101.386745,Garza County,6.63995445686187,53.0,45.0,49.0,46.0
48169980000,33.201384,-101.374036,Garza County,6.639997803685088,92.0,0.0,60.0,0.0
48171950100,30.27646,-98.745901,Gillespie County,8.89225635062677,45.0,35.0,36.0,62.0
48171950200,30.2544,-99.168287,Gillespie County,8.845318863219113,28.0,42.0,30.0,0.0
48171950301,30.296667,-98.911882,Gillespie County,8.512300554613226,40.0,48.0,42.0,85.0
48171950302,30.312223,-98.882114,Gillespie County,8.575291600581068,47.0,21.0,28.0,0.0
48171950401,30.290187,-98.850078,Gillespie County,8.517882734230067,30.0,52.0,39.0,0.0
48171950402,30.258196,-98.849691,Gillespie County,8.815966111605391,50.0,85.0,71.0,64.0
48171950500,30.238212,-98.911805,Gillespie County,8.982227751662359,49.0,54.0,52.0,60.0
48173950100,31.8426,-101.525278,Glasscock County,6.404052192933695,53.0,26.0,37.0,77.0
48175960100,28.742779,-97.305247,Goliad County,8.443621258633318,55.0,69.0,64.0,44.0
48175960200,28.666447,-97.440378,Goliad County,8.622154050148396,65.0,50.0,61.0,77.0
48177000100,29.646854,-97.395003,Gonzales County,9.462303519357379,72.0,73.0,76.0,88.0
48177000200,29.52164,-97.43729,Gonzales County,9.512710252443046,60.0,62.0,63.0,70.0
48177000300,29.50875,-97.441788,Gonzales County,9.510934146217132,78.0,91.0,89.0,80.0
48177000400,29.509519,-97.455529,Gonzales County,9.576348695330724,81.0,84.0,86.0,85.0
48177000500,29.311762,-97.748915,Gonzales County,9.465434464190967,79.0,53.0,73.0,87.0
48177000600,29.349864,-97.533775,Gonzales County,9.549334331239534,60.0,72.0,68.0,74.0
48179950100,35.463287,-100.839001,Gray County,6.153373620757898,49.0,43.0,45.0,42.0
48179950300,35.560143,-100.960277,Gray County,6.02873134559396,27.0,29.0,20.0,0.0
48179950400,35.553865,-100.975912,Gray County,6.02873134559396,51.0,67.0,60.0,83.0
48179950500,35.545968,-100.956444,Gray County,6.02873134559396,67.0,85.0,79.0,77.0
48179950600,35.535915,-100.949738,Gray County,6.087434105330164,74.0,87.0,84.0,79.0
48179950700,35.535388,-100.976736,Gray County,6.02873134559396,58.0,90.0,79.0,78.0
48179950800,35.523071,-100.970044,Gray County,6.02873134559396,76.0,91.0,88.0,80.0
48181000101,33.661694,-96.444989,Grayson County,9.736495714275028,33.0,53.0,41.0,50.0
48181000102,33.554391,-96.433572,Grayson County,10.552372485602842,22.0,30.0,18.0,45.0
48181000200,33.75743,-96.512665,Grayson County,10.257909927132403,42.0,77.0,62.0,53.0
48181000302,33.776669,-96.654405,Grayson County,9.973077569946334,19.0,21.0,11.0,0.0
48181000304,33.805341,-96.849953,Grayson County,9.619857661857516,19.0,52.0,32.0,71.0
48181000305,33.809243,-96.750656,Grayson County,9.757777024132611,30.0,45.0,33.0,0.0
48181000306,33.847738,-96.671542,Grayson County,9.921709068336208,23.0,79.0,56.0,0.0
48181000400,33.765696,-96.569078,Grayson County,10.280330598234197,47.0,91.0,76.0,0.0
48181000501,33.763994,-96.546681,Grayson County,10.038185420870532,42.0,82.0,66.0,0.0
48181000502,33.753448,-96.546675,Grayson County,10.128664520314487,38.0,81.0,64.0,38.0
48181000600,33.722619,-96.521336,Grayson County,10.04535773600557,12.0,53.0,30.0,39.0
48181000700,33.738814,-96.545947,Grayson County,10.16902334973289,51.0,84.0,71.0,67.0
48181000800,33.7471,-96.574926,Grayson County,10.297815196320705,28.0,48.0,35.0,0.0
48181000901,33.721952,-96.597591,Grayson County,10.623395976088617,31.0,41.0,31.0,40.0
48181000903,33.675583,-96.595301,Grayson County,10.606659002009705,50.0,90.0,76.0,0.0
48181000904,33.673308,-96.626908,Grayson County,10.582614049026036,37.0,29.0,26.0,44.0
48181001101,33.644447,-96.674468,Grayson County,10.889738728697681,35.0,39.0,32.0,60.0
48181001103,33.660105,-96.904162,Grayson County,9.28954540863155,23.0,48.0,32.0,0.0
48181001104,33.659425,-96.875962,Grayson County,9.140083314305256,21.0,18.0,10.0,0.0
48181001200,33.651174,-96.627044,Grayson County,10.8938525997346,41.0,56.0,48.0,0.0
48181001300,33.637278,-96.629493,Grayson County,10.906793054164597,40.0,75.0,60.0,60.0
48181001400,33.655773,-96.586543,Grayson County,10.73956441995519,75.0,83.0,82.0,89.0
48181001500,33.626467,-96.591791,Grayson County,10.773495831283848,69.0,79.0,77.0,76.0
48181001700,33.619079,-96.626578,Grayson County,11.004139320407253,52.0,51.0,52.0,46.0
48181001801,33.529782,-96.588779,Grayson County,11.1397433226153,52.0,55.0,54.0,48.0
48181001802,33.478229,-96.465013,Grayson County,10.509679869907862,27.0,18.0,13.0,34.0
48181001803,33.426107,-96.586314,Grayson County,10.808858523828851,35.0,37.0,31.0,61.0
48181001901,33.512234,-96.705933,Grayson County,10.43273656361609,42.0,20.0,23.0,39.0
48181001902,33.523929,-96.896874,Grayson County,9.009578341162447,32.0,40.0,31.0,33.0
48181002000,33.635423,-96.605582,Grayson County,10.80691066480873,72.0,87.0,83.0,86.0
48183000201,32.518359,-94.711124,Gregg County,12.565949658404717,63.0,86.0,78.0,46.0
48183000202,32.554446,-94.721987,Gregg County,12.45522808992834,40.0,27.0,27.0,0.0
48183000300,32.523987,-94.728566,Gregg County,12.465471192298853,38.0,51.0,42.0,51.0
48183000401,32.553141,-94.749466,Gregg County,12.36800292264189,53.0,71.0,63.0,55.0
48183000402,32.523451,-94.746998,Gregg County,12.431790929175179,48.0,73.0,62.0,0.0
48183000501,32.524746,-94.766974,Gregg County,12.346204284830522,44.0,20.0,25.0,38.0
48183000502,32.510311,-94.766864,Gregg County,12.382840792143904,59.0,42.0,52.0,38.0
48183000601,32.538172,-94.781587,Gregg County,12.228196124471719,30.0,16.0,13.0,0.0
48183000602,32.550835,-94.779545,Gregg County,12.227423799039844,55.0,67.0,63.0,39.0
48183000700,32.530212,-94.798825,Gregg County,12.254538707601146,52.0,74.0,65.0,38.0
48183000800,32.520482,-94.811425,Gregg County,12.255736089753636,66.0,75.0,73.0,42.0
48183000900,32.49883,-94.784781,Gregg County,12.255408150176526,73.0,82.0,81.0,81.0
48183001000,32.508058,-94.727082,Gregg County,12.521008621615458,77.0,82.0,83.0,86.0
48183001100,32.493105,-94.725713,Gregg County,12.705867882105792,75.0,87.0,85.0,64.0
48183001200,32.478796,-94.722161,Gregg County,12.661882278428,92.0,93.0,95.0,81.0
48183001300,32.47749,-94.736586,Gregg County,12.608570767638684,84.0,95.0,94.0,74.0
48183001400,32.470431,-94.743507,Gregg County,12.668264661068207,91.0,89.0,93.0,70.0
48183001500,32.462955,-94.719687,Gregg County,12.716311482535003,85.0,58.0,79.0,75.0
48183010100,32.589847,-94.775276,Gregg County,11.850874736830589,40.0,29.0,28.0,66.0
48183010201,32.526495,-94.932438,Gregg County,11.064614683025402,58.0,93.0,82.0,0.0
48183010202,32.54314,-94.890454,Gregg County,11.266326161832003,56.0,63.0,61.0,59.0
48183010301,32.553502,-94.814072,Gregg County,11.884521162317172,44.0,75.0,62.0,34.0
48183010302,32.526609,-94.84683,Gregg County,11.743268114363264,59.0,61.0,62.0,80.0
48183010401,32.411718,-94.902284,Gregg County,11.463722364359864,65.0,87.0,79.0,61.0
48183010402,32.440269,-94.943715,Gregg County,11.498841638476051,24.0,25.0,15.0,45.0
48183010501,32.383288,-94.646064,Gregg County,12.717374414630717,65.0,60.0,65.0,41.0
48183010502,32.396873,-94.741235,Gregg County,12.580982475958173,70.0,60.0,69.0,42.0
48183010600,32.386683,-94.844079,Gregg County,11.94487174979449,56.0,35.0,45.0,0.0
48183010700,32.389714,-94.873476,Gregg County,11.940062287935854,72.0,94.0,89.0,79.0
48183980000,32.38162,-94.713441,Gregg County,12.707185959791094,81.0,0.0,47.0,0.0
48185180101,30.357829,-96.074403,Grimes County,11.205073252780542,75.0,70.0,77.0,69.0
48185180102,30.280108,-95.878829,Grimes County,11.991163578654456,43.0,67.0,56.0,48.0
48185180201,30.393015,-96.082377,Grimes County,11.39840038335784,70.0,87.0,82.0,91.0
48185180202,30.403498,-95.954485,Grimes County,12.53340718216896,61.0,28.0,45.0,0.0
48185180302,30.703656,-95.907818,Grimes County,11.490216928430272,42.0,59.0,50.0,32.0
48185180303,30.60821,-96.0999,Grimes County,11.855062741526838,25.0,23.0,15.0,47.0
48185180304,30.645007,-96.016304,Grimes County,12.48925431797451,36.0,35.0,31.0,50.0
48185180400,30.284032,-96.081223,Grimes County,10.71799643191548,74.0,93.0,88.0,0.0
48187210100,29.582859,-97.957094,Guadalupe County,9.750231433766983,75.0,75.0,78.0,85.0
48187210200,29.582376,-97.972718,Guadalupe County,9.8703478528371,91.0,95.0,96.0,91.0
48187210300,29.566919,-97.974994,Guadalupe County,9.651314557574777,84.0,77.0,85.0,68.0
48187210400,29.570701,-97.943944,Guadalupe County,9.848810619773456,65.0,68.0,69.0,76.0
48187210505,29.815653,-97.906927,Guadalupe County,9.813738360295158,84.0,44.0,74.0,0.0
48187210506,29.726853,-97.869715,Guadalupe County,9.710906594218653,58.0,51.0,56.0,34.0
48187210508,29.705478,-97.980572,Guadalupe County,10.025749206163614,66.0,54.0,63.0,58.0
48187210509,29.679412,-98.050706,Guadalupe County,9.979096365225294,64.0,37.0,53.0,0.0
48187210510,29.653221,-98.053477,Guadalupe County,9.609112582301169,70.0,64.0,71.0,81.0
48187210511,29.633426,-97.927552,Guadalupe County,9.979311619207339,65.0,43.0,57.0,54.0
48187210512,29.609527,-97.995951,Guadalupe County,10.102629834876655,68.0,63.0,69.0,47.0
48187210513,29.59864,-98.023659,Guadalupe County,10.536164627554024,40.0,14.0,17.0,85.0
48187210603,29.575917,-98.141991,Guadalupe County,9.758159637216062,73.0,56.0,69.0,83.0
48187210606,29.614974,-98.048426,Guadalupe County,9.735203239386049,50.0,51.0,50.0,63.0
48187210608,29.652335,-98.092794,Guadalupe County,9.759438427454397,54.0,41.0,47.0,56.0
48187210609,29.672075,-98.10016,Guadalupe County,9.682511890342306,45.0,5.0,14.0,44.0
48187210610,29.665155,-98.109388,Guadalupe County,9.688364936594242,61.0,8.0,32.0,47.0
48187210611,29.65829,-98.12098,Guadalupe County,9.866906099454347,49.0,17.0,27.0,60.0
48187210612,29.598024,-98.197262,Guadalupe County,9.513854233882949,68.0,22.0,50.0,41.0
48187210613,29.614756,-98.225099,Guadalupe County,9.49619441960206,75.0,44.0,66.0,0.0
48187210614,29.625468,-98.215749,Guadalupe County,9.49635198119171,66.0,36.0,55.0,46.0
48187210705,29.561688,-98.260576,Guadalupe County,9.473618582345289,58.0,51.0,56.0,56.0
48187210706,29.561651,-98.275752,Guadalupe County,9.74593568507596,74.0,57.0,71.0,67.0
48187210707,29.578534,-98.292412,Guadalupe County,9.484890066831474,73.0,19.0,53.0,0.0
48187210709,29.586868,-98.277967,Guadalupe County,9.332627586972192,58.0,20.0,38.0,39.0
48187210710,29.577105,-98.270684,Guadalupe County,9.423235823722537,68.0,10.0,42.0,0.0
48187210711,29.595871,-98.263176,Guadalupe County,9.318926263225046,70.0,13.0,46.0,0.0
48187210712,29.587596,-98.252124,Guadalupe County,9.297699455283853,56.0,3.0,21.0,0.0
48187210713,29.607754,-98.244567,Guadalupe County,9.343678378811164,72.0,18.0,52.0,51.0
48187210715,29.571492,-98.25153,Guadalupe County,9.509648973145215,63.0,34.0,51.0,75.0
48187210716,29.578674,-98.250688,Guadalupe County,9.352344340938783,46.0,13.0,22.0,0.0
48187210717,29.570166,-98.238675,Guadalupe County,9.330213894308498,52.0,12.0,26.0,62.0
48187210718,29.582791,-98.222882,Guadalupe County,9.27371819842553,70.0,31.0,57.0,0.0
48187210803,29.447616,-98.039223,Guadalupe County,10.445043146827828,53.0,46.0,50.0,65.0
48187210804,29.538292,-98.125264,Guadalupe County,9.62321829222505,48.0,31.0,36.0,0.0
48187210805,29.533136,-97.997674,Guadalupe County,9.96394209922098,65.0,57.0,64.0,53.0
48187210806,29.545911,-97.97326,Guadalupe County,9.941925395445022,76.0,48.0,69.0,54.0
48187210902,29.557686,-97.922014,Guadalupe County,9.935970863082273,63.0,61.0,64.0,71.0
48187210903,29.621744,-97.756044,Guadalupe County,10.107844770039836,48.0,80.0,67.0,89.0
48187210904,29.482687,-97.927958,Guadalupe County,10.000318101911867,80.0,86.0,87.0,0.0
48187210905,29.480198,-97.857311,Guadalupe County,9.912499501632617,50.0,50.0,50.0,48.0
48189950100,34.194681,-101.696602,Hale County,6.606996076120327,85.0,91.0,92.0,78.0
48189950200,34.205814,-101.716349,Hale County,6.606996076120327,90.0,90.0,93.0,88.0
48189950300,34.196543,-101.742205,Hale County,6.606996076120327,64.0,66.0,67.0,59.0
48189950400,34.191077,-101.728842,Hale County,6.606100600629593,82.0,95.0,94.0,66.0
48189950500,34.187952,-101.712198,Hale County,6.606100600629593,85.0,82.0,87.0,86.0
48189950600,34.19043,-101.735433,Hale County,6.606100600629593,72.0,62.0,71.0,83.0
48189950700,34.066056,-101.862258,Hale County,6.54552252804365,78.0,74.0,80.0,44.0
48189950800,33.876486,-101.604823,Hale County,6.989161174331113,72.0,76.0,77.0,87.0
48189950900,33.84861,-101.858719,Hale County,7.395581414999398,60.0,56.0,59.0,73.0
48191950500,34.664744,-100.592641,Hall County,6.645103912823458,62.0,85.0,77.0,62.0
48193950100,31.946048,-98.041165,Hamilton County,7.519278197414181,23.0,73.0,50.0,44.0
48193950200,31.6431,-98.123544,Hamilton County,7.636350387110493,28.0,61.0,44.0,39.0
48193950300,31.703122,-98.119117,Hamilton County,7.76846076848771,33.0,70.0,53.0,0.0
48195950100,36.277213,-101.411125,Hansford County,6.266014446275188,66.0,63.0,67.0,89.0
48195950300,36.184982,-101.208162,Hansford County,6.2668196143741355,66.0,52.0,63.0,86.0
48197950100,34.285182,-99.701429,Hardeman County,7.45051279424286,53.0,54.0,54.0,75.0
48199030100,30.301856,-94.591608,Hardin County,12.580810817235726,11.0,78.0,51.0,0.0
48199030200,30.155108,-94.363957,Hardin County,11.851635811958364,21.0,28.0,16.0,34.0
48199030301,30.40873,-94.349426,Hardin County,12.308269458902602,23.0,76.0,53.0,88.0
48199030302,30.269573,-94.255571,Hardin County,11.570414838177935,20.0,53.0,33.0,0.0
48199030400,30.376426,-94.313674,Hardin County,12.324364470590282,37.0,70.0,55.0,0.0
48199030501,30.282002,-94.213057,Hardin County,11.623011577005792,36.0,30.0,27.0,0.0
48199030503,30.217114,-94.202478,Hardin County,11.684153211420035,18.0,20.0,10.0,0.0
48199030504,30.255357,-94.20282,Hardin County,11.66414856676856,12.0,25.0,11.0,0.0
48199030600,30.223302,-94.175719,Hardin County,11.441026711269197,13.0,78.0,51.0,0.0
48199030700,30.338404,-94.166321,Hardin County,12.202568469582673,54.0,70.0,63.0,0.0
48199030800,30.349454,-94.192495,Hardin County,12.10385648355437,57.0,83.0,73.0,52.0
48199030900,30.3961,-94.191536,Hardin County,12.059978833627538,10.0,53.0,29.0,0.0
48199031000,30.434275,-94.19416,Hardin County,12.092086836470562,19.0,58.0,37.0,0.0
48201100001,29.75559,-95.361859,Harris County,9.141524978193317,64.0,37.0,54.0,51.0
48201210400,29.786235,-95.360054,Harris County,9.517468752674946,90.0,88.0,92.0,91.0
48201210500,29.79584,-95.359072,Harris County,9.952764405578778,90.0,89.0,93.0,94.0
48201210600,29.806643,-95.364764,Harris County,10.035824956272597,80.0,43.0,70.0,92.0
48201210700,29.806789,-95.354432,Harris County,10.144438680684543,93.0,86.0,92.0,89.0
48201210800,29.789021,-95.344961,Harris County,10.139383630372674,98.0,89.0,94.0,93.0
48201210900,29.803528,-95.330865,Harris County,9.848923323528282,96.0,95.0,97.0,89.0
48201211000,29.796838,-95.331464,Harris County,10.156154137134306,96.0,89.0,94.0,78.0
48201211101,29.787019,-95.335197,Harris County,9.717255446404097,90.0,96.0,97.0,98.0
48201211102,29.787235,-95.329001,Harris County,9.958361285315025,100.0,95.0,97.0,79.0
48201211200,29.797048,-95.32077,Harris County,10.014969457894283,99.0,92.0,96.0,69.0
48201211301,29.775065,-95.33453,Harris County,9.027993216970975,98.0,89.0,94.0,57.0
48201211302,29.777063,-95.324009,Harris County,9.699945233155036,95.0,91.0,95.0,88.0
48201211400,29.768281,-95.327281,Harris County,9.29499889068748,89.0,83.0,90.0,87.0
48201211501,29.766703,-95.294359,Harris County,10.66358974419202,92.0,89.0,94.0,96.0
48201211502,29.771425,-95.304938,Harris County,9.379955592414586,96.0,91.0,95.0,94.0
48201211600,29.781215,-95.311052,Harris County,10.036355973656732,93.0,89.0,93.0,75.0
48201211700,29.798717,-95.310958,Harris County,10.172073519609208,93.0,94.0,96.0,65.0
48201211900,29.783685,-95.300008,Harris County,10.348734121916516,96.0,92.0,96.0,92.0
48201212300,29.777568,-95.356505,Harris County,9.589197842242601,90.0,83.0,90.0,96.0
48201212400,29.78057,-95.296751,Harris County,10.30248069536228,98.0,93.0,96.0,96.0
48201212500,29.760984,-95.273443,Harris County,10.996453058190237,97.0,75.0,89.0,78.0
48201220100,29.816488,-95.344053,Harris County,10.16689875245371,96.0,91.0,95.0,90.0
48201220200,29.816872,-95.364453,Harris County,10.188888014853532,91.0,88.0,93.0,87.0
48201220300,29.824667,-95.366326,Harris County,9.782148702224836,90.0,88.0,92.0,85.0
48201220400,29.83326,-95.366743,Harris County,10.2125375009802,95.0,96.0,97.0,98.0
48201220500,29.837928,-95.381013,Harris County,10.195679995281926,90.0,98.0,98.0,89.0
48201220600,29.841376,-95.367188,Harris County,10.19288207033602,97.0,91.0,95.0,95.0
48201220701,29.841573,-95.350313,Harris County,10.39564637934223,94.0,92.0,95.0,97.0
48201220702,29.827526,-95.347693,Harris County,10.399771288760508,95.0,99.0,99.0,98.0
48201220800,29.829982,-95.338853,Harris County,10.33588212474835,94.0,98.0,98.0,94.0
48201220900,29.846974,-95.338155,Harris County,10.395753478966672,89.0,92.0,94.0,86.0
48201221000,29.858789,-95.345296,Harris County,10.279919070543231,93.0,97.0,98.0,98.0
48201221100,29.85844,-95.355517,Harris County,10.165936042608726,93.0,90.0,94.0,98.0
48201221200,29.864387,-95.37258,Harris County,10.209189369736254,89.0,96.0,96.0,97.0
48201221301,29.853103,-95.377554,Harris County,10.126905711005332,93.0,90.0,94.0,98.0
48201221302,29.852424,-95.367055,Harris County,10.195462339893968,94.0,92.0,95.0,98.0
48201221400,29.853705,-95.392387,Harris County,10.06208915433191,93.0,97.0,98.0,98.0
48201221501,29.86389,-95.39337,Harris County,10.049908811394724,90.0,94.0,95.0,98.0
48201221502,29.867238,-95.401956,Harris County,10.017979433889629,100.0,98.0,99.0,94.0
48201221601,29.892536,-95.404502,Harris County,9.983988751725388,88.0,93.0,94.0,98.0
48201221602,29.879245,-95.398047,Harris County,9.991247705926082,94.0,82.0,91.0,98.0
48201221701,29.877565,-95.375886,Harris County,10.063086499679486,97.0,88.0,94.0,98.0
48201221702,29.887963,-95.382532,Harris County,10.040678997165026,92.0,98.0,98.0,99.0
48201221800,29.883374,-95.359571,Harris County,10.110166228097127,90.0,97.0,98.0,99.0
48201221900,29.880064,-95.348905,Harris County,10.227366986245118,95.0,90.0,94.0,98.0
48201222000,29.869237,-95.337473,Harris County,10.398782364359185,87.0,93.0,94.0,95.0
48201222100,29.87998,-95.336109,Harris County,10.372582779879059,92.0,93.0,95.0,98.0
48201222200,29.892307,-95.323093,Harris County,10.310234555198969,90.0,82.0,90.0,97.0
48201222300,29.896595,-95.345427,Harris County,10.261964982516034,91.0,95.0,96.0,98.0
48201222401,29.900708,-95.397341,Harris County,9.989610902070089,88.0,92.0,94.0,99.0
48201222402,29.909247,-95.389538,Harris County,10.003727766016867,86.0,97.0,96.0,98.0
48201222501,29.927727,-95.404974,Harris County,10.28913275195185,98.0,99.0,99.0,99.0
48201222502,29.923439,-95.391097,Harris County,10.364421768711331,92.0,91.0,94.0,98.0
48201222504,29.923018,-95.405145,Harris County,10.116779585859117,92.0,98.0,99.0,98.0
48201222505,29.920648,-95.39925,Harris County,10.16196199130349,87.0,85.0,90.0,96.0
48201222601,29.934127,-95.396242,Harris County,10.300102318840148,95.0,98.0,99.0,99.0
48201222602,29.93621,-95.405052,Harris County,9.999951365254224,97.0,96.0,98.0,95.0
48201222701,29.932711,-95.305872,Harris County,10.465199564054739,89.0,93.0,94.0,35.0
48201222702,29.935106,-95.322381,Harris County,10.367799264069522,94.0,96.0,97.0,56.0
48201222800,29.912114,-95.364146,Harris County,10.029831267704752,96.0,93.0,96.0,98.0
48201222900,29.911614,-95.342445,Harris County,10.354624624983453,94.0,89.0,94.0,98.0
48201223001,29.90601,-95.318294,Harris County,10.37395153697357,93.0,77.0,89.0,99.0
48201223002,29.905732,-95.328515,Harris County,10.34470983179608,95.0,87.0,93.0,98.0
48201223100,29.924519,-95.310517,Harris County,10.378380882946946,84.0,63.0,80.0,94.0
48201230100,29.816266,-95.32996,Harris County,10.16414536410593,96.0,88.0,94.0,90.0
48201230200,29.821969,-95.307683,Harris County,10.193101397077367,94.0,93.0,96.0,79.0
48201230300,29.835108,-95.312153,Harris County,10.35384501594763,98.0,89.0,94.0,83.0
48201230400,29.830049,-95.326236,Harris County,10.267347101344427,98.0,87.0,94.0,94.0
48201230500,29.849071,-95.32832,Harris County,10.383189409718955,96.0,84.0,92.0,96.0
48201230600,29.844758,-95.310127,Harris County,10.37851834960355,97.0,91.0,95.0,90.0
48201230700,29.852538,-95.309111,Harris County,10.405832960056964,98.0,90.0,95.0,88.0
48201230800,29.838723,-95.293968,Harris County,11.698531569903908,98.0,92.0,96.0,76.0
48201230900,29.820475,-95.281129,Harris County,11.338778946742503,97.0,97.0,98.0,78.0
48201231000,29.840372,-95.277896,Harris County,11.154375613842564,96.0,90.0,94.0,88.0
48201231100,29.839216,-95.256954,Harris County,11.32022416949028,97.0,96.0,97.0,90.0
48201231200,29.852872,-95.247335,Harris County,11.369483725248667,90.0,94.0,96.0,76.0
48201231300,29.853984,-95.274598,Harris County,11.314050197007838,95.0,88.0,93.0,86.0
48201231400,29.86337,-95.28926,Harris County,11.163748636315212,97.0,75.0,89.0,85.0
48201231500,29.859638,-95.296795,Harris County,10.49757444452919,98.0,96.0,98.0,0.0
48201231600,29.862771,-95.30663,Harris County,10.49388014287188,99.0,95.0,97.0,67.0
48201231700,29.878338,-95.318328,Harris County,10.41630519172263,97.0,97.0,98.0,99.0
48201231800,29.877436,-95.306541,Harris County,10.484217535476356,97.0,87.0,93.0,91.0
48201231900,29.882025,-95.286105,Harris County,11.197100806962315,98.0,96.0,98.0,85.0
48201232000,29.899193,-95.284761,Harris County,11.23201482712275,97.0,96.0,98.0,94.0
48201232100,29.904405,-95.305841,Harris County,10.506390386139612,90.0,93.0,95.0,97.0
48201232201,29.930778,-95.287812,Harris County,11.124495155684661,92.0,82.0,90.0,90.0
48201232202,29.925869,-95.273446,Harris County,11.135213125489392,75.0,17.0,54.0,71.0
48201232203,29.930726,-95.253148,Harris County,11.146216161901119,76.0,7.0,49.0,0.0
48201232303,29.89504,-95.218921,Harris County,11.184768751670765,91.0,89.0,93.0,77.0
48201232304,29.854355,-95.218843,Harris County,11.342996039796995,84.0,89.0,90.0,90.0
48201232305,29.866035,-95.202829,Harris County,11.261457278098366,95.0,78.0,90.0,84.0
48201232306,29.847414,-95.199109,Harris County,11.220157050423534,94.0,69.0,87.0,93.0
48201232402,29.811658,-95.188594,Harris County,11.250792108204744,93.0,80.0,90.0,82.0
48201232403,29.81193,-95.200121,Harris County,11.380763017659445,93.0,77.0,89.0,90.0
48201232404,29.833523,-95.194673,Harris County,11.356168561099743,83.0,68.0,81.0,79.0
48201232405,29.818603,-95.188428,Harris County,11.197965917430341,96.0,35.0,78.0,88.0
48201232500,29.803776,-95.241281,Harris County,11.086023808136314,87.0,91.0,93.0,96.0
48201232600,29.778624,-95.242596,Harris County,11.121362001926784,90.0,65.0,84.0,93.0
48201232701,29.781603,-95.223725,Harris County,11.053661211265077,95.0,95.0,97.0,98.0
48201232703,29.773998,-95.221493,Harris County,10.729192806079604,94.0,86.0,92.0,94.0
48201232704,29.788059,-95.212359,Harris County,11.142520721845269,90.0,77.0,88.0,94.0
48201232801,29.788265,-95.198779,Harris County,11.306971207607104,93.0,49.0,81.0,94.0
48201232802,29.785579,-95.207492,Harris County,11.206157127033508,97.0,81.0,91.0,82.0
48201232901,29.797076,-95.198155,Harris County,11.281435934968979,93.0,55.0,83.0,72.0
48201232902,29.800025,-95.187511,Harris County,11.283619757596753,95.0,74.0,89.0,91.0
48201233001,29.796775,-95.183261,Harris County,11.278776243872327,89.0,92.0,94.0,94.0
48201233002,29.800339,-95.170478,Harris County,11.305718104326841,90.0,29.0,73.0,0.0
48201233003,29.793875,-95.171556,Harris County,11.397320792398933,83.0,67.0,80.0,88.0
48201233101,29.786373,-95.177598,Harris County,11.41438679957436,94.0,96.0,97.0,96.0
48201233103,29.776963,-95.176192,Harris County,11.797455127290835,93.0,92.0,95.0,98.0
48201233104,29.777244,-95.166223,Harris County,11.793053654534166,92.0,96.0,97.0,96.0
48201233105,29.783805,-95.164239,Harris County,11.335296258072876,93.0,96.0,97.0,93.0
48201233200,29.780685,-95.191611,Harris County,11.311728272011264,88.0,84.0,90.0,92.0
48201233300,29.763945,-95.21078,Harris County,10.936614194050103,95.0,62.0,85.0,85.0
48201233400,29.77043,-95.242614,Harris County,10.608036320633307,91.0,91.0,94.0,89.0
48201233501,29.764088,-95.234742,Harris County,10.859744192219091,86.0,38.0,73.0,86.0
48201233502,29.762427,-95.244824,Harris County,10.807978815535764,92.0,54.0,81.0,94.0
48201233600,29.741677,-95.25777,Harris County,11.343067950193397,95.0,98.0,98.0,87.0
48201233701,29.738862,-95.245674,Harris County,11.313680100551203,92.0,84.0,91.0,92.0
48201233702,29.739177,-95.235905,Harris County,11.37449186230735,96.0,91.0,95.0,96.0
48201233703,29.746032,-95.22409,Harris County,10.700934650014077,94.0,76.0,89.0,91.0
48201240101,29.945242,-95.398393,Harris County,9.979918778333028,91.0,98.0,98.0,99.0
48201240102,29.949666,-95.407857,Harris County,9.895494865889226,87.0,95.0,95.0,80.0
48201240400,29.983803,-95.376312,Harris County,9.963833839317989,89.0,79.0,88.0,82.0
48201240503,29.949574,-95.390623,Harris County,9.979885198954838,98.0,90.0,95.0,93.0
48201240504,29.948111,-95.395161,Harris County,9.979909803900117,94.0,96.0,97.0,95.0
48201240505,29.951874,-95.396467,Harris County,9.89756080453179,97.0,99.0,99.0,91.0
48201240506,29.957445,-95.394313,Harris County,9.895613702616235,96.0,94.0,97.0,94.0
48201240600,29.949261,-95.400311,Harris County,9.89835670476486,97.0,99.0,99.0,97.0
48201240703,30.000829,-95.412653,Harris County,10.306416217166355,93.0,67.0,86.0,71.0
48201240704,30.009631,-95.419275,Harris County,10.433179063380807,90.0,54.0,80.0,86.0
48201240705,30.009941,-95.408753,Harris County,10.256542530325108,89.0,33.0,74.0,89.0
48201240706,29.981352,-95.402112,Harris County,9.97923144309596,94.0,72.0,88.0,90.0
48201240707,29.973477,-95.41161,Harris County,9.979422639413352,88.0,54.0,79.0,62.0
48201240802,30.029293,-95.38158,Harris County,10.497224388197518,88.0,75.0,86.0,85.0
48201240803,30.030827,-95.414069,Harris County,10.36656881008228,79.0,79.0,83.0,77.0
48201240804,30.027972,-95.424118,Harris County,10.370352173543516,92.0,86.0,92.0,96.0
48201240903,30.020622,-95.297363,Harris County,10.30998958997843,85.0,30.0,70.0,72.0
48201240904,30.011423,-95.291724,Harris County,10.852704843719012,83.0,49.0,75.0,81.0
48201240905,30.0124,-95.314633,Harris County,10.45543823434029,89.0,57.0,81.0,65.0
48201240906,30.02223,-95.316081,Harris County,10.536499854266607,92.0,63.0,84.0,46.0
48201241001,30.038072,-95.343489,Harris County,10.675624969170556,83.0,50.0,75.0,35.0
48201241002,30.047517,-95.339253,Harris County,10.927608451296114,84.0,62.0,79.0,80.0
48201241101,30.062914,-95.386715,Harris County,9.961262715104874,74.0,66.0,74.0,78.0
48201241103,30.047785,-95.380844,Harris County,10.218575233176939,72.0,60.0,71.0,61.0
48201241104,30.056932,-95.365675,Harris County,10.30059169837205,78.0,51.0,71.0,68.0
48201241105,30.044771,-95.366384,Harris County,10.26119409397988,72.0,75.0,76.0,63.0
48201241201,30.042173,-95.392136,Harris County,10.330318673320514,84.0,84.0,88.0,87.0
48201241202,30.048144,-95.398633,Harris County,9.945368112741239,81.0,41.0,71.0,47.0
48201241301,30.086601,-95.426119,Harris County,10.17314782479502,77.0,45.0,68.0,50.0
48201241302,30.053943,-95.422128,Harris County,9.950620663210099,75.0,10.0,50.0,79.0
48201241400,30.081601,-95.402483,Harris County,10.060025093651248,70.0,11.0,46.0,62.0
48201241501,29.98462,-95.288363,Harris County,10.805647583994098,91.0,68.0,85.0,93.0
48201241502,29.949092,-95.297375,Harris County,10.887172319141646,94.0,85.0,92.0,35.0
48201241503,29.946507,-95.328753,Harris County,10.651046002719001,92.0,92.0,94.0,84.0
48201250101,29.962567,-95.274343,Harris County,11.227953169681822,84.0,41.0,73.0,0.0
48201250102,29.974134,-95.241739,Harris County,11.121398971442568,82.0,36.0,70.0,81.0
48201250201,29.948127,-95.257105,Harris County,11.534794531277015,86.0,79.0,87.0,94.0
48201250202,29.945831,-95.270044,Harris County,11.264514116026383,93.0,91.0,94.0,75.0
48201250303,29.941198,-95.243933,Harris County,11.474645120948278,86.0,18.0,67.0,61.0
48201250304,29.955041,-95.228325,Harris County,11.177007330554872,86.0,36.0,72.0,66.0
48201250305,29.975395,-95.210312,Harris County,11.04194199303781,76.0,20.0,57.0,78.0
48201250306,29.974255,-95.205177,Harris County,11.042164375105283,80.0,41.0,70.0,75.0
48201250403,30.001369,-95.145648,Harris County,11.561757251209059,60.0,43.0,53.0,0.0
48201250404,29.988938,-95.151153,Harris County,11.709320566346005,50.0,2.0,14.0,0.0
48201250405,29.988931,-95.170104,Harris County,11.591421889521415,78.0,32.0,64.0,37.0
48201250406,29.985139,-95.187599,Harris County,11.411618595678785,65.0,14.0,42.0,44.0
48201250407,29.970406,-95.190466,Harris County,11.11349010719211,53.0,2.0,16.0,50.0
48201250408,29.950573,-95.203284,Harris County,11.202813272589674,83.0,14.0,63.0,67.0
48201250500,29.993072,-95.19212,Harris County,11.432730927164338,66.0,33.0,53.0,50.0
48201250601,29.994735,-95.265561,Harris County,10.89063021403105,75.0,84.0,83.0,0.0
48201250602,29.988127,-95.250248,Harris County,10.954624824579488,83.0,73.0,83.0,71.0
48201250701,30.009333,-95.200856,Harris County,11.425378950820404,77.0,47.0,70.0,43.0
48201250702,30.003944,-95.180642,Harris County,11.694804585772156,64.0,21.0,45.0,45.0
48201250801,30.009896,-95.155675,Harris County,11.599782553476464,55.0,7.0,25.0,40.0
48201250802,30.016867,-95.168926,Harris County,11.675194681270796,48.0,7.0,18.0,0.0
48201250901,30.043914,-95.1725,Harris County,11.675231594692933,42.0,4.0,12.0,79.0
48201250902,30.050932,-95.148179,Harris County,11.085463619780056,19.0,3.0,2.0,0.0
48201251000,30.038488,-95.194023,Harris County,11.489972025325224,41.0,51.0,44.0,46.0
48201251100,30.039955,-95.232451,Harris County,11.302294243647667,43.0,26.0,29.0,39.0
48201251200,30.058219,-95.221269,Harris County,11.002991977909666,57.0,46.0,52.0,0.0
48201251300,30.05862,-95.200555,Harris County,10.758419527232109,45.0,11.0,19.0,54.0
48201251401,30.081121,-95.191382,Harris County,11.071985432305842,60.0,39.0,51.0,0.0
48201251402,30.073252,-95.200803,Harris County,10.221657578576867,68.0,78.0,76.0,45.0
48201251501,30.080016,-95.171783,Harris County,11.07363470695289,43.0,2.0,9.0,60.0
48201251503,30.073505,-95.185089,Harris County,11.072285971017841,50.0,9.0,21.0,0.0
48201251504,30.065945,-95.175415,Harris County,11.137971421941797,36.0,9.0,12.0,51.0
48201251505,30.057486,-95.171604,Harris County,11.135279592293282,24.0,3.0,3.0,0.0
48201251600,30.09767,-95.116909,Harris County,10.99148503533162,40.0,61.0,50.0,0.0
48201251701,30.030035,-95.105976,Harris County,11.097143384943102,39.0,47.0,41.0,81.0
48201251702,30.028009,-95.091289,Harris County,11.065973136703294,49.0,66.0,59.0,43.0
48201251800,29.966175,-95.0262,Harris County,10.516216825693022,54.0,32.0,42.0,69.0
48201251902,29.915471,-95.084058,Harris County,11.475408164501516,53.0,21.0,34.0,0.0
48201251903,29.970996,-95.102989,Harris County,10.996155004568847,54.0,57.0,56.0,72.0
48201251904,29.93405,-95.090606,Harris County,11.387687090385908,43.0,29.0,31.0,59.0
48201252001,29.941711,-95.183482,Harris County,11.099880169589367,82.0,7.0,58.0,85.0
48201252002,29.909442,-95.180928,Harris County,11.590077466297506,78.0,27.0,62.0,0.0
48201252003,29.949461,-95.163121,Harris County,11.104006710901011,75.0,3.0,46.0,37.0
48201252100,29.878426,-95.139778,Harris County,11.115326114114486,86.0,76.0,85.0,83.0
48201252201,29.825711,-95.163385,Harris County,11.415872470562933,89.0,41.0,76.0,86.0
48201252202,29.839093,-95.153571,Harris County,11.482729794138432,85.0,83.0,88.0,87.0
48201252303,29.793586,-95.147768,Harris County,11.194451241723236,92.0,56.0,82.0,89.0
48201252304,29.797318,-95.158121,Harris County,11.35926618476379,92.0,63.0,84.0,75.0
48201252305,29.805638,-95.149093,Harris County,11.312040877802767,95.0,48.0,81.0,87.0
48201252306,29.803395,-95.135117,Harris County,11.313881890515106,95.0,80.0,90.0,88.0
48201252400,29.784434,-95.142534,Harris County,11.180412691088652,75.0,71.0,77.0,90.0
48201252500,29.774315,-95.120677,Harris County,10.614990067727193,83.0,85.0,88.0,94.0
48201252601,29.791783,-95.115168,Harris County,10.80328189681016,85.0,91.0,92.0,96.0
48201252602,29.805461,-95.106121,Harris County,11.13630093361763,84.0,75.0,85.0,95.0
48201252700,29.91015,-95.041694,Harris County,10.921725801593183,68.0,62.0,68.0,74.0
48201252800,29.867783,-95.045932,Harris County,11.108133062543205,82.0,44.0,72.0,0.0
48201252901,29.816521,-95.064177,Harris County,11.3256437222778,52.0,57.0,56.0,86.0
48201252902,29.813322,-95.046006,Harris County,10.93385281145377,76.0,42.0,66.0,78.0
48201253000,29.813965,-95.021125,Harris County,10.823128950253867,81.0,86.0,87.0,80.0
48201253101,29.813018,-94.991512,Harris County,10.826835757244591,81.0,20.0,63.0,55.0
48201253102,29.818859,-94.976049,Harris County,10.594067399166638,78.0,20.0,59.0,70.0
48201253201,29.785293,-94.929747,Harris County,10.039340082045815,56.0,18.0,34.0,63.0
48201253202,29.791564,-94.996017,Harris County,10.649610172885271,84.0,82.0,87.0,94.0
48201253300,29.774641,-95.040675,Harris County,10.32479377520077,68.0,31.0,54.0,70.0
48201253501,29.774489,-94.98925,Harris County,9.648935185056905,83.0,65.0,80.0,87.0
48201253502,29.776573,-95.012099,Harris County,10.69882724407907,78.0,81.0,83.0,83.0
48201253601,29.765873,-94.994162,Harris County,9.466511493676787,76.0,35.0,64.0,68.0
48201253602,29.757365,-94.98801,Harris County,9.711140733167335,85.0,92.0,93.0,89.0
48201253700,29.760785,-94.970835,Harris County,10.279662394211087,85.0,62.0,80.0,83.0
48201253800,29.764054,-94.947703,Harris County,9.517894970044907,83.0,87.0,89.0,88.0
48201253900,29.746797,-94.939779,Harris County,9.82979235775497,64.0,63.0,66.0,63.0
48201254000,29.734273,-94.943775,Harris County,9.679572560648765,68.0,86.0,80.0,53.0
48201254100,29.74427,-94.957321,Harris County,9.509589101497491,82.0,83.0,87.0,93.0
48201254200,29.729196,-94.964242,Harris County,9.582536613914094,82.0,76.0,84.0,88.0
48201254300,29.742425,-94.971696,Harris County,9.480129019283963,87.0,82.0,89.0,75.0
48201254400,29.725222,-94.976195,Harris County,9.310424436950612,88.0,90.0,92.0,93.0
48201254600,29.722284,-94.9967,Harris County,9.665095981410838,80.0,83.0,85.0,87.0
48201254700,29.717408,-94.95086,Harris County,9.56127761338494,78.0,56.0,73.0,79.0
48201254800,29.739126,-95.006457,Harris County,9.824306144701763,79.0,90.0,89.0,80.0
48201310101,29.751865,-95.345567,Harris County,9.227201492217734,69.0,57.0,67.0,66.0
48201310102,29.760107,-95.344617,Harris County,9.390072336837154,85.0,71.0,83.0,0.0
48201310200,29.743259,-95.351062,Harris County,9.133262865935162,75.0,5.0,47.0,45.0
48201310300,29.73805,-95.335737,Harris County,9.427636602534523,81.0,77.0,83.0,89.0
48201310400,29.749275,-95.330576,Harris County,8.955305942627763,88.0,82.0,89.0,96.0
48201310500,29.744267,-95.320143,Harris County,9.34124924200207,92.0,87.0,92.0,98.0
48201310600,29.731618,-95.32601,Harris County,9.574851101293028,86.0,76.0,86.0,92.0
48201310700,29.720521,-95.314696,Harris County,9.756776166455058,82.0,72.0,82.0,95.0
48201310800,29.729714,-95.313586,Harris County,9.356806896632543,90.0,72.0,86.0,97.0
48201310900,29.735941,-95.300993,Harris County,9.834361159892916,92.0,88.0,93.0,97.0
48201311001,29.745187,-95.304312,Harris County,9.961183832755296,96.0,81.0,91.0,95.0
48201311002,29.742779,-95.296038,Harris County,9.971040140773919,92.0,75.0,88.0,95.0
48201311100,29.731183,-95.286178,Harris County,10.70267970535225,96.0,80.0,91.0,98.0
48201311200,29.719606,-95.296491,Harris County,9.74053920878769,84.0,85.0,88.0,91.0
48201311300,29.709472,-95.295025,Harris County,10.64746796939703,97.0,63.0,86.0,94.0
48201311400,29.717464,-95.276875,Harris County,10.67033274338743,100.0,84.0,93.0,97.0
48201311501,29.706142,-95.285492,Harris County,10.640781356423894,92.0,89.0,93.0,98.0
48201311502,29.709444,-95.281185,Harris County,10.673519680197009,96.0,85.0,92.0,97.0
48201311600,29.702328,-95.287105,Harris County,10.467875854903758,97.0,94.0,97.0,98.0
48201311701,29.700016,-95.30835,Harris County,9.497243295242868,97.0,84.0,92.0,97.0
48201311702,29.700862,-95.301096,Harris County,9.728763876296313,97.0,97.0,98.0,92.0
48201311800,29.706047,-95.317363,Harris County,9.505013302235824,92.0,92.0,95.0,97.0
48201311900,29.715215,-95.322794,Harris County,9.419509653795874,87.0,59.0,81.0,93.0
48201312000,29.715438,-95.34862,Harris County,9.32384474269313,78.0,26.0,62.0,0.0
48201312200,29.731344,-95.350363,Harris County,9.235542530246944,93.0,96.0,97.0,61.0
48201312300,29.737909,-95.36002,Harris County,9.18276721773664,86.0,71.0,84.0,0.0
48201312400,29.729683,-95.361089,Harris County,9.148278721079315,96.0,96.0,98.0,0.0
48201312501,29.742024,-95.369937,Harris County,9.063008166753585,61.0,29.0,47.0,40.0
48201312502,29.73675,-95.376981,Harris County,9.012173627021193,75.0,55.0,70.0,84.0
48201312601,29.720237,-95.383479,Harris County,9.132886859495985,71.0,58.0,68.0,71.0
48201312602,29.725658,-95.383572,Harris County,9.08509995592909,40.0,4.0,10.0,0.0
48201312603,29.723574,-95.379324,Harris County,9.076154440726343,78.0,73.0,80.0,84.0
48201312700,29.72692,-95.368023,Harris County,9.141841321701145,85.0,43.0,74.0,56.0
48201312800,29.721322,-95.357239,Harris County,9.113834501220254,91.0,99.0,99.0,43.0
48201312901,29.713721,-95.358115,Harris County,9.068661440546917,88.0,95.0,96.0,82.0
48201312902,29.715245,-95.3648,Harris County,9.116430946899111,90.0,55.0,81.0,37.0
48201313000,29.719505,-95.372423,Harris County,9.099672773761695,86.0,57.0,79.0,71.0
48201313101,29.709491,-95.381074,Harris County,9.15740631847809,57.0,22.0,38.0,0.0
48201313102,29.706132,-95.389374,Harris County,9.052771167001481,60.0,17.0,38.0,0.0
48201313201,29.706725,-95.351051,Harris County,9.41671314472417,84.0,56.0,78.0,0.0
48201313202,29.706616,-95.368862,Harris County,9.004671361882732,89.0,34.0,74.0,79.0
48201313300,29.701703,-95.334579,Harris County,9.05559654631767,89.0,75.0,87.0,67.0
48201313400,29.694762,-95.339107,Harris County,9.242788877803259,96.0,78.0,90.0,83.0
48201313500,29.690029,-95.346914,Harris County,9.255468444861428,95.0,90.0,94.0,65.0
48201313600,29.690461,-95.358658,Harris County,9.241872293424123,95.0,96.0,97.0,69.0
48201313700,29.696633,-95.365716,Harris County,8.99948506056677,91.0,80.0,89.0,0.0
48201313801,29.688153,-95.367849,Harris County,9.244291991085662,98.0,91.0,95.0,53.0
48201313802,29.688659,-95.374518,Harris County,9.048171979467268,98.0,96.0,98.0,59.0
48201313901,29.694821,-95.383431,Harris County,8.966352715102936,78.0,55.0,73.0,0.0
48201313902,29.683573,-95.385609,Harris County,8.951351872362473,78.0,23.0,61.0,0.0
48201314001,29.695639,-95.390845,Harris County,8.945185680714502,72.0,66.0,73.0,95.0
48201314003,29.690251,-95.398375,Harris County,9.000695717850013,80.0,65.0,78.0,90.0
48201314004,29.687306,-95.397535,Harris County,9.043607988113196,84.0,80.0,86.0,84.0
48201314005,29.684974,-95.396101,Harris County,9.04312645224467,81.0,43.0,72.0,63.0
48201314301,29.680684,-95.416379,Harris County,8.884850997772867,93.0,90.0,94.0,0.0
48201314302,29.681966,-95.420436,Harris County,8.938942561869286,93.0,72.0,87.0,79.0
48201314401,29.698882,-95.4039,Harris County,9.073243393460755,77.0,84.0,84.0,82.0
48201314402,29.694163,-95.410908,Harris County,9.037536600098612,76.0,34.0,63.0,86.0
48201320100,29.695582,-95.281127,Harris County,10.624170030329195,95.0,81.0,91.0,97.0
48201320201,29.69784,-95.270554,Harris County,10.571618606712331,93.0,88.0,93.0,91.0
48201320202,29.691698,-95.270839,Harris County,10.574646800713706,87.0,87.0,90.0,89.0
48201320500,29.694654,-95.246126,Harris County,10.599727068534282,92.0,72.0,87.0,96.0
48201320601,29.682356,-95.262902,Harris County,10.503878018170987,95.0,92.0,95.0,97.0
48201320602,29.676659,-95.25972,Harris County,10.508939283241624,97.0,93.0,96.0,97.0
48201320700,29.675331,-95.249174,Harris County,10.527883991280662,91.0,81.0,89.0,84.0
48201320800,29.660361,-95.240662,Harris County,10.460980966912443,94.0,93.0,96.0,94.0
48201320901,29.646742,-95.242438,Harris County,10.370873572156261,92.0,88.0,93.0,94.0
48201320902,29.649185,-95.231539,Harris County,10.418037898584911,94.0,42.0,79.0,97.0
48201321001,29.635715,-95.231195,Harris County,10.017809670151758,93.0,88.0,93.0,89.0
48201321002,29.640855,-95.228648,Harris County,10.011786648870444,89.0,75.0,87.0,95.0
48201321101,29.618706,-95.206729,Harris County,9.668213066739652,89.0,13.0,67.0,93.0
48201321102,29.627353,-95.210848,Harris County,9.71037980839267,92.0,71.0,87.0,86.0
48201321200,29.641057,-95.202316,Harris County,9.715016149114767,94.0,94.0,96.0,97.0
48201321301,29.649276,-95.218941,Harris County,10.03928247974504,94.0,97.0,98.0,96.0
48201321302,29.647079,-95.211811,Harris County,9.847488940860766,86.0,63.0,81.0,70.0
48201321401,29.665269,-95.225433,Harris County,10.360614537275529,92.0,90.0,94.0,88.0
48201321402,29.65673,-95.219127,Harris County,10.34502013382055,93.0,37.0,77.0,44.0
48201321500,29.664778,-95.211939,Harris County,10.282246113577951,96.0,88.0,94.0,95.0
48201321600,29.67667,-95.217855,Harris County,10.951677387429106,89.0,53.0,80.0,93.0
48201321700,29.67971,-95.23622,Harris County,10.481120519589657,85.0,64.0,81.0,81.0
48201321800,29.688234,-95.237936,Harris County,10.577003746621957,94.0,73.0,88.0,95.0
48201321900,29.694441,-95.225408,Harris County,10.56502928613113,91.0,88.0,92.0,91.0
48201322000,29.702652,-95.218069,Harris County,10.52940739839346,89.0,93.0,95.0,94.0
48201322100,29.690358,-95.209966,Harris County,10.55251331972547,86.0,91.0,92.0,88.0
48201322200,29.70239,-95.212651,Harris County,10.535719955732711,90.0,79.0,88.0,91.0
48201322600,29.697283,-95.157603,Harris County,10.19215392418424,85.0,79.0,86.0,87.0
48201322701,29.694497,-95.166203,Harris County,10.679890564637233,80.0,19.0,61.0,88.0
48201322702,29.705374,-95.167107,Harris County,10.579026753442925,81.0,59.0,76.0,80.0
48201322800,29.705253,-95.179559,Harris County,10.836530692496364,92.0,82.0,90.0,86.0
48201322900,29.702841,-95.192075,Harris County,10.46317678822757,94.0,94.0,96.0,88.0
48201323000,29.695769,-95.187929,Harris County,10.481717953462464,91.0,91.0,94.0,96.0
48201323100,29.691413,-95.173372,Harris County,11.129010688206415,94.0,94.0,96.0,89.0
48201323200,29.686745,-95.182565,Harris County,10.489770344060762,87.0,77.0,86.0,96.0
48201323300,29.686083,-95.200182,Harris County,10.479774536532146,88.0,93.0,94.0,76.0
48201323400,29.677442,-95.200057,Harris County,10.395509793150527,92.0,79.0,89.0,96.0
48201323500,29.663874,-95.202221,Harris County,9.98832767251166,87.0,95.0,95.0,93.0
48201323601,29.652932,-95.191774,Harris County,9.704675478334716,72.0,88.0,84.0,93.0
48201323602,29.641502,-95.186888,Harris County,9.63766259388873,70.0,53.0,66.0,74.0
48201323701,29.657016,-95.179003,Harris County,9.807586750644393,74.0,47.0,66.0,58.0
48201323702,29.64539,-95.176885,Harris County,9.468180191889878,75.0,49.0,68.0,82.0
48201323801,29.675038,-95.188904,Harris County,10.00201960517333,86.0,61.0,81.0,68.0
48201323802,29.674116,-95.178279,Harris County,9.664954247088739,85.0,90.0,91.0,93.0
48201323900,29.675247,-95.164898,Harris County,9.328552496560231,78.0,88.0,87.0,91.0
48201324000,29.648287,-95.168974,Harris County,9.416798915191745,76.0,50.0,69.0,55.0
48201324101,29.70682,-95.207306,Harris County,10.698115456347715,91.0,90.0,94.0,88.0
48201324102,29.731364,-95.179085,Harris County,10.86538540480574,0.0,0.0,0.0,0.0
48201324200,29.718236,-95.260942,Harris County,10.678840296403783,93.0,66.0,86.0,95.0
48201330101,29.634554,-95.425941,Harris County,8.71173157175156,97.0,69.0,88.0,74.0
48201330102,29.632578,-95.416961,Harris County,8.856922197818397,94.0,91.0,95.0,77.0
48201330200,29.636688,-95.457153,Harris County,8.58760345503131,93.0,71.0,87.0,80.0
48201330301,29.634965,-95.472496,Harris County,8.673659580480804,95.0,61.0,85.0,93.0
48201330302,29.615399,-95.474508,Harris County,8.583504307525804,93.0,72.0,87.0,92.0
48201330303,29.626377,-95.496659,Harris County,8.018430042604077,88.0,73.0,86.0,77.0
48201330400,29.617345,-95.454691,Harris County,8.401385526066361,94.0,95.0,97.0,86.0
48201330500,29.62408,-95.430236,Harris County,8.65565327172196,96.0,83.0,92.0,94.0
48201330600,29.61366,-95.434231,Harris County,8.697382791716159,93.0,67.0,86.0,88.0
48201330700,29.600383,-95.44726,Harris County,8.036985301988478,97.0,83.0,92.0,95.0
48201330801,29.610042,-95.326407,Harris County,9.5783666002818,95.0,63.0,85.0,91.0
48201330802,29.603077,-95.369164,Harris County,8.979834090636434,94.0,34.0,77.0,68.0
48201330901,29.621272,-95.39988,Harris County,8.848176224372416,92.0,39.0,77.0,62.0
48201330902,29.605648,-95.409263,Harris County,8.809333766677252,91.0,96.0,97.0,87.0
48201331100,29.673566,-95.368933,Harris County,9.214487855982718,95.0,87.0,93.0,72.0
48201331200,29.663193,-95.368456,Harris County,9.112327555256124,93.0,96.0,97.0,59.0
48201331300,29.648513,-95.376185,Harris County,9.091557322217605,94.0,88.0,93.0,0.0
48201331400,29.653052,-95.364306,Harris County,9.090723391771627,98.0,99.0,99.0,78.0
48201331501,29.635114,-95.360108,Harris County,9.156490880477579,96.0,60.0,85.0,60.0
48201331502,29.627426,-95.372563,Harris County,8.997288659154515,92.0,23.0,72.0,38.0
48201331602,29.631915,-95.328807,Harris County,9.38094660184901,96.0,78.0,90.0,49.0
48201331603,29.627384,-95.349375,Harris County,9.257196546915994,97.0,87.0,94.0,0.0
48201331604,29.631671,-95.343462,Harris County,9.320423918729906,100.0,80.0,91.0,0.0
48201331700,29.641355,-95.340186,Harris County,9.34774059400891,97.0,84.0,92.0,77.0
48201331800,29.652908,-95.345445,Harris County,9.350011632281477,98.0,91.0,96.0,74.0
48201331900,29.662611,-95.345375,Harris County,9.315731151928858,97.0,81.0,91.0,0.0
48201332000,29.672634,-95.347028,Harris County,9.300382718469168,97.0,96.0,98.0,75.0
48201332100,29.680147,-95.343758,Harris County,9.297521309195883,100.0,95.0,97.0,89.0
48201332200,29.681175,-95.332088,Harris County,9.209587432170036,98.0,92.0,96.0,94.0
48201332300,29.66645,-95.323782,Harris County,9.4813959320246,95.0,95.0,97.0,88.0
48201332400,29.662004,-95.332945,Harris County,9.21705560962957,97.0,95.0,97.0,43.0
48201332500,29.663523,-95.310114,Harris County,9.547926392789341,95.0,45.0,80.0,39.0
48201332600,29.674933,-95.304075,Harris County,9.779830029488123,93.0,93.0,95.0,88.0
48201332700,29.6854,-95.311162,Harris County,9.558020467633133,96.0,68.0,87.0,95.0
48201332800,29.692349,-95.306884,Harris County,9.716212467685544,92.0,94.0,96.0,96.0
48201332900,29.690227,-95.291436,Harris County,10.60285764375157,94.0,83.0,91.0,94.0
48201333000,29.681686,-95.286992,Harris County,10.509171240105418,90.0,75.0,87.0,92.0
48201333100,29.675407,-95.280298,Harris County,10.52887931356468,91.0,81.0,90.0,97.0
48201333201,29.66954,-95.270939,Harris County,10.505911696183622,90.0,76.0,88.0,95.0
48201333203,29.662101,-95.267677,Harris County,10.523797389471556,91.0,94.0,96.0,93.0
48201333204,29.659683,-95.274503,Harris County,10.508139139900797,97.0,92.0,96.0,84.0
48201333205,29.662923,-95.274985,Harris County,10.501709166754436,96.0,97.0,98.0,94.0
48201333301,29.635032,-95.242691,Harris County,10.40345786642502,94.0,89.0,94.0,89.0
48201333302,29.638167,-95.254221,Harris County,10.40124561794146,93.0,90.0,94.0,74.0
48201333501,29.665327,-95.278869,Harris County,10.501733021663668,92.0,94.0,96.0,96.0
48201333502,29.666647,-95.284979,Harris County,10.504937635299491,96.0,50.0,82.0,97.0
48201333600,29.657789,-95.300135,Harris County,9.707417028091712,86.0,42.0,75.0,46.0
48201333700,29.632514,-95.281921,Harris County,10.393942175870016,93.0,82.0,91.0,88.0
48201333801,29.614276,-95.284606,Harris County,10.226695412227683,97.0,87.0,94.0,97.0
48201333802,29.612515,-95.273376,Harris County,10.219098742261615,92.0,47.0,80.0,90.0
48201333903,29.618909,-95.237904,Harris County,9.749513869994816,94.0,76.0,89.0,96.0
48201333904,29.613977,-95.245519,Harris County,9.656326963042824,91.0,44.0,78.0,81.0
48201333905,29.616392,-95.256817,Harris County,10.204102689714192,90.0,70.0,85.0,76.0
48201333906,29.606777,-95.257226,Harris County,9.877264722043646,88.0,37.0,75.0,78.0
48201334001,29.616422,-95.226469,Harris County,9.811156913146869,92.0,88.0,93.0,91.0
48201334002,29.607959,-95.214879,Harris County,9.532280174987712,88.0,31.0,73.0,41.0
48201334003,29.606793,-95.228336,Harris County,9.572677410098027,84.0,44.0,74.0,91.0
48201334101,29.663906,-95.41765,Harris County,8.893114248175571,88.0,79.0,87.0,72.0
48201334102,29.641964,-95.434474,Harris County,8.798431684408497,88.0,79.0,88.0,89.0
48201340101,29.591784,-95.178878,Harris County,9.695561233922366,85.0,60.0,80.0,91.0
48201340102,29.604023,-95.190753,Harris County,9.79842440059978,82.0,56.0,76.0,57.0
48201340201,29.611176,-95.161302,Harris County,9.658037679452615,0.0,0.0,0.0,0.0
48201340202,29.605946,-95.134384,Harris County,9.121201371956325,65.0,23.0,47.0,45.0
48201340203,29.600773,-95.100127,Harris County,9.421744241304408,53.0,9.0,25.0,66.0
48201340301,29.590336,-95.126018,Harris County,9.146406520493098,50.0,2.0,13.0,57.0
48201340302,29.596231,-95.112987,Harris County,9.055883895124305,52.0,8.0,23.0,47.0
48201340400,29.579878,-95.11535,Harris County,9.604144240092031,45.0,6.0,16.0,46.0
48201340501,29.570102,-95.119635,Harris County,8.94282482358632,55.0,60.0,59.0,83.0
48201340502,29.560536,-95.121367,Harris County,9.358044345642092,77.0,98.0,95.0,93.0
48201340600,29.576274,-95.130947,Harris County,8.931038211633128,46.0,14.0,22.0,34.0
48201340701,29.558606,-95.129868,Harris County,9.367934242849813,74.0,19.0,55.0,71.0
48201340702,29.568709,-95.140276,Harris County,9.32635516764758,70.0,5.0,40.0,56.0
48201340800,29.582469,-95.141814,Harris County,9.196639517700788,64.0,26.0,47.0,68.0
48201340900,29.565373,-95.150271,Harris County,9.655398285570122,73.0,81.0,80.0,81.0
48201341001,29.55369,-95.137554,Harris County,9.388879904707078,66.0,54.0,63.0,74.0
48201341002,29.552978,-95.144138,Harris County,9.082054425523907,67.0,41.0,58.0,74.0
48201341101,29.536742,-95.126704,Harris County,9.02008608877152,74.0,52.0,69.0,96.0
48201341102,29.544805,-95.114597,Harris County,9.043202477777266,60.0,50.0,57.0,85.0
48201341201,29.5314,-95.108468,Harris County,8.957727775282892,76.0,79.0,81.0,84.0
48201341203,29.54176,-95.097298,Harris County,8.933765311691172,53.0,11.0,26.0,80.0
48201341204,29.544895,-95.085323,Harris County,8.644820817443417,42.0,36.0,36.0,77.0
48201341302,29.55072,-95.104873,Harris County,9.180324429111545,72.0,29.0,57.0,64.0
48201341303,29.564662,-95.110625,Harris County,9.297053056282643,68.0,48.0,62.0,90.0
48201341304,29.568918,-95.08816,Harris County,9.394598510019891,61.0,49.0,57.0,42.0
48201341400,29.577537,-95.058962,Harris County,9.33021634642487,55.0,10.0,28.0,49.0
48201341501,29.576227,-95.039792,Harris County,9.225142245297356,52.0,39.0,44.0,34.0
48201341502,29.565122,-95.037756,Harris County,9.092562907147498,28.0,12.0,10.0,33.0
48201341600,29.579671,-95.013653,Harris County,8.965309145214546,46.0,28.0,33.0,63.0
48201341700,29.623628,-95.012088,Harris County,9.38189513390331,49.0,65.0,58.0,0.0
48201341800,29.629864,-95.025368,Harris County,9.419482707972527,57.0,35.0,46.0,74.0
48201342001,29.642148,-95.133353,Harris County,9.510042706163908,53.0,5.0,20.0,82.0
48201342002,29.640051,-95.149969,Harris County,9.741110312991001,68.0,26.0,51.0,53.0
48201342100,29.657896,-95.144329,Harris County,9.015835381593241,73.0,43.0,65.0,73.0
48201342200,29.671676,-95.144197,Harris County,9.261802848568548,83.0,75.0,84.0,84.0
48201342300,29.672718,-95.130336,Harris County,9.123533543916441,76.0,71.0,77.0,90.0
48201342400,29.688529,-95.148435,Harris County,9.815791105410439,84.0,51.0,76.0,94.0
48201342500,29.691946,-95.132018,Harris County,9.29419004742886,63.0,22.0,44.0,47.0
48201342700,29.694087,-95.118747,Harris County,9.504317114706934,58.0,69.0,66.0,33.0
48201342801,29.685064,-95.102617,Harris County,9.216265923829237,62.0,9.0,34.0,0.0
48201342802,29.69617,-95.106252,Harris County,9.860337066309278,45.0,2.0,11.0,40.0
48201342900,29.672851,-95.110824,Harris County,9.692628444508973,60.0,16.0,36.0,65.0
48201343000,29.658452,-95.104363,Harris County,9.083688661285317,75.0,75.0,79.0,64.0
48201343100,29.657956,-95.079841,Harris County,9.452956028509622,64.0,21.0,45.0,49.0
48201343200,29.658525,-95.06299,Harris County,9.430960492378208,60.0,11.0,33.0,0.0
48201343301,29.68274,-95.069479,Harris County,9.516972749625046,62.0,72.0,69.0,67.0
48201343302,29.669127,-95.073024,Harris County,9.47817592472272,60.0,33.0,48.0,38.0
48201343601,29.688925,-95.024665,Harris County,9.525093797954879,0.0,0.0,0.0,0.0
48201343602,29.661718,-95.010473,Harris County,9.489051359392537,59.0,63.0,63.0,63.0
48201343700,29.656737,-95.03643,Harris County,9.473700003320996,78.0,69.0,78.0,58.0
48201350101,29.573082,-95.215879,Harris County,9.523097440210707,94.0,81.0,90.0,97.0
48201350102,29.565924,-95.23041,Harris County,9.495160433950417,71.0,34.0,58.0,65.0
48201350103,29.575291,-95.243807,Harris County,9.284969685277956,84.0,16.0,64.0,72.0
48201350104,29.590563,-95.257719,Harris County,9.471381560514704,77.0,56.0,73.0,76.0
48201350201,29.593594,-95.227056,Harris County,9.455158249276293,81.0,31.0,67.0,0.0
48201350202,29.595243,-95.237554,Harris County,9.523413249105834,87.0,47.0,77.0,75.0
48201350300,29.582822,-95.225175,Harris County,9.45460701598997,76.0,36.0,64.0,39.0
48201350400,29.593001,-95.212589,Harris County,9.660469764945256,89.0,46.0,78.0,73.0
48201350500,29.587081,-95.197877,Harris County,9.658159733182728,82.0,67.0,79.0,90.0
48201350601,29.543691,-95.167555,Harris County,9.344175090909282,70.0,56.0,67.0,56.0
48201350603,29.534737,-95.171586,Harris County,9.331949510679317,58.0,12.0,33.0,73.0
48201350604,29.541263,-95.184479,Harris County,9.372738952595647,57.0,22.0,39.0,63.0
48201350700,29.533723,-95.18588,Harris County,9.38248781072358,47.0,23.0,30.0,0.0
48201350801,29.52535,-95.172291,Harris County,9.30159437065686,67.0,38.0,56.0,88.0
48201350803,29.529038,-95.158554,Harris County,9.248109597325891,74.0,65.0,74.0,94.0
48201350804,29.511923,-95.15591,Harris County,9.122008349756005,58.0,8.0,29.0,68.0
48201410101,29.754198,-95.382023,Harris County,9.09968505191224,69.0,55.0,66.0,0.0
48201410102,29.756914,-95.378754,Harris County,9.117230830623898,74.0,64.0,73.0,67.0
48201410201,29.759203,-95.391746,Harris County,8.680717444781656,57.0,7.0,27.0,0.0
48201410202,29.755179,-95.391895,Harris County,8.738475245620842,54.0,7.0,24.0,42.0
48201410300,29.756815,-95.40257,Harris County,9.375497736062911,57.0,33.0,45.0,44.0
48201410401,29.747853,-95.406267,Harris County,9.180744789149905,38.0,11.0,14.0,45.0
48201410402,29.747291,-95.398534,Harris County,8.675344396015806,54.0,6.0,23.0,42.0
48201410501,29.749482,-95.392616,Harris County,8.663418770786162,62.0,9.0,34.0,40.0
48201410502,29.749159,-95.384559,Harris County,9.068156236296998,47.0,12.0,21.0,33.0
48201410601,29.744621,-95.377479,Harris County,9.01670929129499,67.0,28.0,52.0,0.0
48201410602,29.749635,-95.37773,Harris County,9.053486286965937,64.0,39.0,54.0,46.0
48201410703,29.741199,-95.393803,Harris County,9.368700641685141,65.0,23.0,48.0,70.0
48201410704,29.741448,-95.385283,Harris County,9.319534928882868,50.0,49.0,49.0,0.0
48201410705,29.736629,-95.393562,Harris County,9.364235891458042,64.0,27.0,48.0,76.0
48201410706,29.736305,-95.384911,Harris County,8.81687062334032,73.0,50.0,67.0,0.0
48201410801,29.736427,-95.40465,Harris County,8.629198531693504,34.0,32.0,27.0,40.0
48201410802,29.740721,-95.404669,Harris County,8.66112940875183,49.0,32.0,38.0,0.0
48201410900,29.733045,-95.400153,Harris County,9.04819653642162,55.0,19.0,34.0,0.0
48201411001,29.740669,-95.422215,Harris County,9.395093269311728,32.0,8.0,9.0,72.0
48201411002,29.740457,-95.414221,Harris County,9.310136137143294,65.0,48.0,60.0,82.0
48201411003,29.736152,-95.415062,Harris County,8.571658428797335,60.0,5.0,28.0,0.0
48201411100,29.748607,-95.414256,Harris County,9.339346213843191,57.0,4.0,23.0,0.0
48201411200,29.750904,-95.43441,Harris County,9.364179850742062,46.0,17.0,25.0,60.0
48201411301,29.751457,-95.451939,Harris County,9.205156565620328,49.0,31.0,37.0,0.0
48201411302,29.744108,-95.451538,Harris County,9.15304345924156,59.0,25.0,42.0,0.0
48201411400,29.744632,-95.434001,Harris County,9.370589196028396,46.0,2.0,10.0,60.0
48201411503,29.734288,-95.424848,Harris County,9.411932868637443,54.0,19.0,34.0,49.0
48201411504,29.73585,-95.433931,Harris County,9.445115504294884,74.0,58.0,71.0,0.0
48201411505,29.73613,-95.4441,Harris County,9.173238732441737,51.0,17.0,29.0,55.0
48201411506,29.733453,-95.438918,Harris County,9.163265290091113,63.0,10.0,36.0,0.0
48201411507,29.737179,-95.438206,Harris County,9.103833297888526,64.0,34.0,52.0,69.0
48201411600,29.73561,-95.454089,Harris County,9.322634899729637,39.0,26.0,26.0,0.0
48201411700,29.723768,-95.454684,Harris County,9.305584897631855,64.0,17.0,42.0,0.0
48201411801,29.725775,-95.437732,Harris County,9.323261708908065,52.0,18.0,31.0,66.0
48201411802,29.727446,-95.418884,Harris County,8.712810494655834,60.0,24.0,43.0,85.0
48201411901,29.728925,-95.401868,Harris County,9.063772995885062,24.0,7.0,5.0,0.0
48201411902,29.727961,-95.39211,Harris County,8.99963690991502,53.0,32.0,41.0,56.0
48201412000,29.721629,-95.410812,Harris County,9.167705612931394,35.0,18.0,17.0,0.0
48201412201,29.708615,-95.408407,Harris County,9.22324220427483,60.0,12.0,35.0,73.0
48201412202,29.707788,-95.414743,Harris County,9.159529776677754,49.0,9.0,20.0,80.0
48201412300,29.716111,-95.423959,Harris County,8.662815208688842,45.0,2.0,11.0,40.0
48201412400,29.715928,-95.435657,Harris County,9.248747680851682,35.0,2.0,5.0,38.0
48201412500,29.708857,-95.437592,Harris County,8.486690603768878,52.0,5.0,20.0,51.0
48201412600,29.71549,-95.444446,Harris County,8.95009910315253,41.0,5.0,11.0,0.0
48201412700,29.713342,-95.453487,Harris County,9.192896677849209,61.0,13.0,36.0,69.0
48201412800,29.697539,-95.452411,Harris County,8.845246999032442,50.0,1.0,12.0,48.0
48201412901,29.685966,-95.454414,Harris County,8.280740779415504,74.0,65.0,74.0,60.0
48201412902,29.685115,-95.444316,Harris County,8.24582871139464,68.0,52.0,64.0,73.0
48201413000,29.697089,-95.441435,Harris County,8.344385403671664,65.0,34.0,53.0,56.0
48201413100,29.699423,-95.432474,Harris County,8.787523552988453,53.0,3.0,19.0,51.0
48201413203,29.703257,-95.425734,Harris County,8.84847399974492,58.0,54.0,58.0,69.0
48201413204,29.699265,-95.425043,Harris County,8.901433357841027,75.0,73.0,77.0,76.0
48201413205,29.702828,-95.419848,Harris County,8.820644032214803,60.0,38.0,50.0,88.0
48201413206,29.698654,-95.419379,Harris County,8.9376888283719,66.0,34.0,54.0,81.0
48201413301,29.690669,-95.42131,Harris County,8.936552706907811,71.0,11.0,46.0,77.0
48201413302,29.685419,-95.432727,Harris County,8.914334884762335,63.0,4.0,31.0,57.0
48201420100,29.674156,-95.436381,Harris County,9.199278582139605,87.0,79.0,87.0,94.0
48201420200,29.671695,-95.443275,Harris County,8.541933965460691,82.0,56.0,76.0,69.0
48201420300,29.67195,-95.454516,Harris County,8.4065550434515,69.0,21.0,50.0,0.0
48201420400,29.658772,-95.455938,Harris County,8.60477664699393,47.0,37.0,39.0,61.0
48201420500,29.650501,-95.472791,Harris County,8.28348456307281,94.0,78.0,90.0,98.0
48201420600,29.660775,-95.470654,Harris County,8.441444209662711,65.0,18.0,44.0,85.0
48201420700,29.671361,-95.469625,Harris County,9.048472373178287,47.0,4.0,15.0,74.0
48201420800,29.684425,-95.470366,Harris County,9.259415902704852,56.0,3.0,21.0,63.0
48201420900,29.697379,-95.469012,Harris County,9.245602910191696,48.0,3.0,15.0,81.0
48201421000,29.712854,-95.466079,Harris County,9.500321994374072,61.0,12.0,35.0,64.0
48201421101,29.722739,-95.473457,Harris County,9.506780291386006,87.0,88.0,91.0,91.0
48201421103,29.71777,-95.481606,Harris County,9.432351611179207,90.0,91.0,94.0,97.0
48201421104,29.72207,-95.480115,Harris County,9.479900404374895,96.0,97.0,98.0,98.0
48201421203,29.722957,-95.487341,Harris County,9.483031830876719,94.0,96.0,97.0,98.0
48201421204,29.721,-95.489921,Harris County,9.441557978268014,94.0,95.0,97.0,98.0
48201421205,29.718142,-95.491161,Harris County,9.358823103635254,92.0,96.0,97.0,99.0
48201421206,29.718214,-95.487092,Harris County,9.418450447722876,100.0,98.0,99.0,99.0
48201421301,29.707994,-95.494949,Harris County,9.285643850073281,92.0,99.0,99.0,99.0
48201421302,29.708756,-95.50144,Harris County,9.324050890196482,88.0,77.0,87.0,94.0
48201421401,29.71481,-95.491452,Harris County,9.3421789237872,91.0,96.0,97.0,98.0
48201421402,29.714689,-95.486857,Harris County,9.422035507473636,96.0,98.0,99.0,99.0
48201421403,29.709382,-95.489656,Harris County,9.301515811010878,94.0,98.0,98.0,98.0
48201421501,29.7095,-95.477973,Harris County,9.458302715628326,91.0,87.0,92.0,98.0
48201421502,29.713938,-95.482795,Harris County,9.099090012571073,97.0,90.0,95.0,98.0
48201421601,29.701192,-95.490085,Harris County,8.868554127386902,100.0,98.0,99.0,99.0
48201421602,29.701786,-95.481365,Harris County,8.97445960114806,85.0,92.0,92.0,98.0
48201421700,29.688815,-95.487763,Harris County,8.941382539115198,76.0,71.0,77.0,95.0
48201421801,29.679275,-95.480445,Harris County,9.114113937256672,88.0,88.0,91.0,79.0
48201421802,29.684065,-95.48097,Harris County,9.17941239138873,51.0,31.0,39.0,60.0
48201421900,29.671069,-95.48463,Harris County,8.953963848249787,31.0,23.0,18.0,54.0
48201422000,29.661939,-95.484719,Harris County,8.941963574463113,59.0,12.0,34.0,82.0
48201422100,29.647978,-95.486909,Harris County,8.929671394935092,73.0,53.0,68.0,69.0
48201422200,29.6404,-95.499797,Harris County,8.814380560035124,96.0,95.0,97.0,64.0
48201422302,29.649035,-95.497882,Harris County,8.870883831900118,86.0,57.0,79.0,80.0
48201422303,29.647317,-95.506034,Harris County,8.889546541319298,93.0,94.0,96.0,81.0
48201422304,29.650997,-95.504277,Harris County,8.915843848538856,97.0,96.0,98.0,93.0
48201422403,29.661392,-95.497604,Harris County,8.97669520592249,76.0,75.0,79.0,87.0
48201422404,29.655445,-95.500314,Harris County,8.952926441270561,90.0,96.0,96.0,99.0
48201422405,29.660694,-95.506939,Harris County,8.991396198209886,92.0,98.0,98.0,98.0
48201422406,29.660152,-95.503118,Harris County,8.974513933749545,85.0,63.0,81.0,79.0
48201422501,29.673911,-95.502979,Harris County,8.936221937704662,72.0,73.0,76.0,91.0
48201422502,29.669236,-95.502349,Harris County,9.060825089710049,76.0,82.0,83.0,96.0
48201422601,29.681997,-95.504357,Harris County,8.899950898911756,83.0,85.0,88.0,98.0
48201422602,29.686132,-95.498265,Harris County,8.943042999340154,75.0,66.0,74.0,96.0
48201422701,29.696599,-95.501202,Harris County,8.947711727037582,92.0,81.0,90.0,96.0
48201422702,29.698815,-95.509129,Harris County,8.877364937284362,80.0,57.0,75.0,94.0
48201422800,29.688334,-95.515048,Harris County,8.89175969542476,86.0,89.0,92.0,98.0
48201422900,29.681673,-95.530021,Harris County,8.968714257525603,90.0,87.0,92.0,97.0
48201423001,29.681814,-95.509934,Harris County,8.92851973610705,84.0,94.0,94.0,98.0
48201423002,29.679146,-95.51743,Harris County,9.026169115123478,92.0,90.0,94.0,98.0
48201423100,29.673139,-95.535717,Harris County,8.902948253455788,97.0,98.0,99.0,98.0
48201423201,29.662075,-95.541139,Harris County,8.960424459360983,79.0,65.0,77.0,68.0
48201423203,29.662621,-95.532385,Harris County,8.874044360919521,93.0,45.0,80.0,75.0
48201423204,29.669233,-95.531491,Harris County,8.900426810515336,93.0,97.0,98.0,98.0
48201423301,29.668282,-95.518729,Harris County,8.984559764656266,81.0,62.0,78.0,83.0
48201423303,29.66101,-95.511125,Harris County,9.003413556305839,91.0,48.0,79.0,39.0
48201423304,29.660612,-95.519586,Harris County,8.908818485633864,84.0,81.0,86.0,88.0
48201423401,29.649386,-95.515322,Harris County,8.885999508148616,86.0,86.0,90.0,77.0
48201423402,29.647155,-95.529902,Harris County,8.864353987881458,97.0,71.0,88.0,85.0
48201423500,29.652378,-95.541106,Harris County,8.856263215193934,77.0,23.0,60.0,79.0
48201423600,29.637975,-95.518768,Harris County,8.828321786312262,89.0,39.0,76.0,76.0
48201430101,29.779242,-95.464124,Harris County,9.508634790427028,59.0,36.0,49.0,54.0
48201430102,29.776461,-95.471842,Harris County,9.76678555928852,52.0,30.0,39.0,49.0
48201430200,29.778796,-95.48588,Harris County,9.65781629808719,55.0,38.0,47.0,46.0
48201430300,29.771714,-95.499407,Harris County,9.225010454882833,18.0,5.0,2.0,34.0
48201430400,29.760408,-95.515148,Harris County,9.385888853954029,30.0,3.0,4.0,35.0
48201430500,29.779019,-95.519473,Harris County,9.613926946521646,55.0,8.0,25.0,48.0
48201430600,29.764579,-95.532402,Harris County,9.235180840510143,33.0,3.0,5.0,43.0
48201430700,29.775987,-95.538178,Harris County,9.381144875003928,65.0,27.0,48.0,70.0
48201430800,29.775858,-95.553918,Harris County,9.332398830668678,53.0,24.0,36.0,71.0
48201430900,29.75914,-95.545404,Harris County,9.143642492606885,58.0,33.0,46.0,90.0
48201431001,29.742937,-95.549308,Harris County,9.227608236078348,49.0,22.0,31.0,90.0
48201431002,29.752907,-95.552102,Harris County,9.191054926448436,18.0,15.0,7.0,70.0
48201431101,29.742642,-95.535295,Harris County,9.182437875686611,81.0,61.0,77.0,78.0
48201431102,29.742111,-95.529528,Harris County,9.132031685606956,79.0,69.0,78.0,84.0
48201431203,29.740927,-95.508034,Harris County,9.396821970556394,78.0,82.0,84.0,83.0
48201431204,29.7433,-95.503362,Harris County,9.38994406603488,71.0,23.0,53.0,88.0
48201431205,29.739396,-95.518121,Harris County,9.32911277425563,83.0,73.0,83.0,91.0
48201431206,29.741193,-95.514068,Harris County,9.437067080796766,80.0,57.0,75.0,68.0
48201431302,29.743447,-95.489642,Harris County,9.499735889462206,44.0,20.0,26.0,66.0
48201431303,29.740511,-95.498976,Harris County,9.406580660502854,70.0,66.0,72.0,76.0
48201431304,29.745697,-95.497757,Harris County,9.388870828915096,80.0,40.0,69.0,84.0
48201431401,29.744537,-95.484012,Harris County,9.50096105421618,70.0,26.0,54.0,82.0
48201431403,29.743653,-95.47828,Harris County,9.504058044209648,71.0,24.0,53.0,85.0
48201431404,29.743916,-95.481067,Harris County,9.504483624855984,66.0,18.0,45.0,75.0
48201431503,29.752843,-95.498284,Harris County,9.510698017382738,70.0,1.0,32.0,69.0
48201431504,29.753627,-95.489848,Harris County,9.583395755269775,50.0,11.0,24.0,79.0
48201431505,29.75443,-95.484237,Harris County,9.512874188927716,42.0,13.0,18.0,0.0
48201431506,29.755854,-95.479573,Harris County,9.514691027411086,43.0,13.0,19.0,66.0
48201431600,29.764196,-95.482956,Harris County,9.576997215469886,20.0,15.0,8.0,64.0
48201431701,29.76059,-95.461764,Harris County,9.287636524149963,51.0,12.0,25.0,72.0
48201431702,29.755664,-95.468946,Harris County,9.636079077514555,15.0,7.0,2.0,50.0
48201431801,29.743658,-95.471954,Harris County,9.531293163192192,67.0,25.0,51.0,55.0
48201431803,29.745142,-95.465506,Harris County,9.526007916390123,61.0,63.0,64.0,91.0
48201431804,29.748734,-95.460416,Harris County,9.230392332640367,59.0,21.0,39.0,81.0
48201431901,29.729268,-95.464723,Harris County,9.369773755457912,70.0,77.0,77.0,77.0
48201431902,29.73509,-95.464454,Harris County,9.375622051911972,74.0,13.0,51.0,78.0
48201432003,29.735264,-95.487139,Harris County,9.554409514097399,75.0,69.0,76.0,87.0
48201432004,29.734491,-95.475279,Harris County,9.579763526293485,67.0,4.0,34.0,57.0
48201432005,29.735017,-95.493077,Harris County,9.467830652674309,92.0,71.0,86.0,95.0
48201432006,29.735527,-95.497815,Harris County,9.468575604311003,88.0,97.0,97.0,98.0
48201432101,29.734077,-95.516059,Harris County,9.298657682451255,89.0,66.0,84.0,96.0
48201432102,29.73412,-95.508711,Harris County,9.379973371801476,84.0,71.0,82.0,88.0
48201432200,29.733608,-95.52931,Harris County,9.150529523830043,74.0,54.0,69.0,90.0
48201432301,29.731426,-95.541372,Harris County,9.150901736019527,90.0,94.0,96.0,96.0
48201432302,29.730603,-95.54616,Harris County,9.22067373098979,81.0,87.0,88.0,89.0
48201432303,29.734489,-95.548358,Harris County,9.241893051267397,89.0,71.0,86.0,79.0
48201432401,29.723404,-95.543116,Harris County,9.160987002732428,86.0,94.0,94.0,92.0
48201432402,29.725544,-95.549028,Harris County,9.243274988602348,92.0,94.0,96.0,93.0
48201432501,29.724828,-95.533882,Harris County,9.229673958849624,75.0,90.0,87.0,96.0
48201432502,29.725517,-95.52642,Harris County,9.22656503987592,89.0,90.0,93.0,97.0
48201432600,29.726717,-95.508428,Harris County,9.379002884098758,60.0,39.0,51.0,83.0
48201432703,29.729743,-95.471773,Harris County,9.556067562936743,65.0,35.0,53.0,65.0
48201432704,29.729411,-95.484081,Harris County,9.5261639076928,85.0,97.0,96.0,98.0
48201432705,29.725912,-95.496786,Harris County,9.450960488730018,95.0,98.0,98.0,99.0
48201432706,29.728686,-95.493299,Harris County,9.451346503525055,88.0,95.0,96.0,98.0
48201432803,29.715117,-95.517038,Harris County,9.164766867850403,91.0,91.0,94.0,97.0
48201432804,29.714949,-95.510344,Harris County,9.2786878110128,87.0,67.0,83.0,98.0
48201432805,29.710621,-95.519182,Harris County,9.18898278346236,100.0,98.0,99.0,98.0
48201432806,29.711219,-95.513123,Harris County,9.287063171023538,92.0,97.0,97.0,98.0
48201432901,29.715341,-95.528267,Harris County,9.259890907744992,89.0,95.0,96.0,99.0
48201432903,29.711349,-95.537535,Harris County,9.265352868453865,90.0,94.0,95.0,99.0
48201432904,29.708294,-95.528147,Harris County,9.232175401330169,93.0,80.0,90.0,98.0
48201433003,29.70895,-95.548929,Harris County,9.198310948802291,97.0,95.0,97.0,99.0
48201433004,29.716504,-95.543706,Harris County,9.152648945180934,93.0,98.0,99.0,99.0
48201433005,29.714461,-95.548791,Harris County,9.19335969524757,100.0,94.0,97.0,99.0
48201433006,29.71205,-95.541682,Harris County,9.180532506753346,93.0,98.0,98.0,99.0
48201433007,29.709888,-95.544723,Harris County,9.188698548334077,99.0,98.0,99.0,99.0
48201433100,29.696319,-95.553962,Harris County,8.955854833183151,97.0,98.0,98.0,98.0
48201433201,29.697517,-95.549501,Harris County,8.910729305616726,88.0,88.0,92.0,98.0
48201433202,29.696556,-95.5408,Harris County,8.89344102757958,88.0,89.0,92.0,96.0
48201433300,29.698902,-95.529432,Harris County,8.947591640733949,81.0,46.0,72.0,90.0
48201433400,29.68834,-95.544148,Harris County,8.897162873708739,91.0,86.0,92.0,98.0
48201433503,29.687606,-95.553349,Harris County,8.928815072147902,97.0,96.0,97.0,98.0
48201433504,29.682064,-95.550021,Harris County,8.901964524693566,96.0,99.0,99.0,99.0
48201433505,29.683297,-95.552726,Harris County,8.905300840461528,94.0,98.0,99.0,98.0
48201433506,29.67944,-95.554117,Harris County,8.927665757238975,100.0,96.0,98.0,98.0
48201433507,29.678853,-95.557279,Harris County,8.927714872931297,89.0,94.0,95.0,97.0
48201433601,29.668407,-95.556497,Harris County,8.850609152364408,95.0,96.0,98.0,98.0
48201433602,29.672648,-95.556687,Harris County,8.89458628820619,94.0,85.0,92.0,90.0
48201440101,29.653318,-95.557583,Harris County,8.799598750049329,95.0,98.0,99.0,99.0
48201440102,29.641011,-95.543427,Harris County,8.839493528981395,86.0,18.0,67.0,69.0
48201450100,29.777857,-95.566515,Harris County,9.414085804704936,61.0,12.0,35.0,73.0
48201450200,29.778819,-95.580262,Harris County,9.220506033699348,53.0,2.0,17.0,65.0
48201450301,29.774911,-95.593737,Harris County,8.966324507876807,73.0,51.0,67.0,84.0
48201450302,29.777681,-95.59926,Harris County,9.351049559744183,79.0,68.0,78.0,38.0
48201450401,29.773266,-95.610461,Harris County,8.941384209687238,70.0,50.0,64.0,68.0
48201450402,29.779546,-95.614594,Harris County,9.11894687531855,64.0,13.0,40.0,62.0
48201450500,29.775996,-95.634752,Harris County,9.24692184269238,65.0,9.0,38.0,74.0
48201450600,29.769806,-95.614714,Harris County,8.783090124138424,59.0,44.0,53.0,44.0
48201450700,29.767337,-95.585639,Harris County,9.032964814161039,22.0,2.0,2.0,40.0
48201450801,29.759699,-95.569936,Harris County,9.27529856859398,73.0,40.0,63.0,43.0
48201450803,29.752506,-95.569142,Harris County,9.26131974501942,78.0,86.0,86.0,91.0
48201450804,29.753327,-95.560911,Harris County,9.236465331448578,81.0,80.0,84.0,0.0
48201450900,29.742544,-95.566299,Harris County,9.168301992430074,55.0,38.0,47.0,80.0
48201451003,29.744815,-95.586129,Harris County,8.965762838635964,86.0,88.0,91.0,52.0
48201451004,29.738744,-95.585237,Harris County,9.263771983845876,79.0,80.0,83.0,75.0
48201451005,29.74014,-95.574652,Harris County,9.057076005182779,90.0,88.0,92.0,88.0
48201451006,29.744111,-95.578023,Harris County,8.960670483966213,67.0,30.0,53.0,76.0
48201451100,29.752451,-95.580295,Harris County,9.069621249398017,64.0,62.0,66.0,76.0
48201451200,29.755144,-95.595218,Harris County,9.144689857786574,33.0,9.0,10.0,56.0
48201451301,29.740819,-95.597204,Harris County,8.995247216755901,80.0,55.0,74.0,81.0
48201451302,29.747969,-95.596177,Harris County,9.064346023514778,57.0,9.0,28.0,62.0
48201451401,29.750145,-95.61339,Harris County,9.00451121064239,69.0,40.0,59.0,71.0
48201451404,29.750506,-95.621139,Harris County,8.976421160390771,83.0,60.0,79.0,64.0
48201451405,29.741401,-95.621212,Harris County,9.02157827515278,89.0,46.0,78.0,66.0
48201451406,29.743413,-95.613156,Harris County,8.987813485034003,60.0,56.0,60.0,66.0
48201451407,29.739031,-95.615604,Harris County,9.03094788095528,77.0,51.0,71.0,72.0
48201451501,29.76035,-95.623373,Harris County,8.945137626494699,81.0,48.0,73.0,76.0
48201451502,29.75736,-95.610612,Harris County,9.013291346086708,71.0,46.0,64.0,69.0
48201451603,29.758707,-95.636279,Harris County,9.151558677580676,68.0,10.0,42.0,67.0
48201451604,29.765807,-95.635861,Harris County,9.154868462764728,51.0,9.0,23.0,57.0
48201451605,29.747438,-95.626918,Harris County,8.972726940832233,86.0,41.0,75.0,89.0
48201451606,29.744733,-95.637806,Harris County,9.326565571202977,80.0,44.0,71.0,82.0
48201451700,29.732882,-95.632906,Harris County,9.127986632643283,85.0,87.0,90.0,81.0
48201451800,29.722398,-95.625453,Harris County,9.161298772284502,87.0,85.0,90.0,83.0
48201451902,29.722893,-95.599645,Harris County,9.025600269190793,73.0,65.0,73.0,92.0
48201451903,29.716742,-95.609214,Harris County,9.040157324987401,89.0,97.0,98.0,40.0
48201451904,29.723875,-95.612101,Harris County,9.054095096660793,86.0,63.0,81.0,90.0
48201452001,29.732515,-95.612671,Harris County,9.004975454669376,81.0,78.0,84.0,49.0
48201452002,29.732805,-95.599804,Harris County,9.042820057935819,85.0,63.0,81.0,91.0
48201452101,29.727917,-95.584269,Harris County,9.262661981376212,82.0,64.0,79.0,86.0
48201452102,29.734879,-95.578486,Harris County,9.250106173212737,96.0,95.0,97.0,81.0
48201452103,29.730777,-95.575368,Harris County,9.07200676268952,84.0,55.0,77.0,80.0
48201452202,29.723966,-95.566465,Harris County,9.15201579968916,86.0,54.0,78.0,79.0
48201452203,29.731867,-95.563118,Harris County,9.17657601496452,88.0,81.0,89.0,90.0
48201452204,29.733124,-95.567718,Harris County,9.085834883499437,87.0,73.0,85.0,93.0
48201452300,29.711388,-95.568992,Harris County,9.226990589337413,88.0,66.0,83.0,97.0
48201452401,29.713908,-95.579424,Harris County,9.058872190460475,96.0,62.0,85.0,97.0
48201452402,29.708077,-95.579413,Harris County,9.146470002577068,93.0,71.0,87.0,98.0
48201452501,29.708248,-95.59169,Harris County,9.143856642115633,92.0,88.0,93.0,97.0
48201452502,29.708103,-95.609382,Harris County,9.072494661396082,94.0,87.0,93.0,97.0
48201452601,29.70786,-95.638431,Harris County,9.202310969291014,93.0,95.0,96.0,91.0
48201452602,29.708423,-95.622357,Harris County,9.167219150577145,93.0,77.0,89.0,96.0
48201452701,29.696611,-95.619366,Harris County,9.039760164393103,93.0,74.0,88.0,87.0
48201452702,29.696152,-95.628579,Harris County,8.96869110332265,97.0,68.0,87.0,95.0
48201452703,29.695922,-95.639157,Harris County,8.924295008194143,88.0,89.0,92.0,80.0
48201452801,29.696924,-95.609883,Harris County,8.764217606252329,90.0,76.0,88.0,91.0
48201452802,29.695532,-95.600101,Harris County,8.768284035351812,96.0,89.0,94.0,96.0
48201452900,29.695607,-95.592214,Harris County,8.748152696174548,91.0,88.0,93.0,91.0
48201453001,29.693812,-95.573181,Harris County,8.846464007845487,94.0,83.0,91.0,92.0
48201453002,29.695551,-95.581514,Harris County,8.796360246303973,94.0,86.0,93.0,96.0
48201453100,29.69385,-95.56725,Harris County,8.91419750137703,93.0,96.0,97.0,97.0
48201453201,29.68745,-95.564031,Harris County,8.970059667414493,94.0,94.0,96.0,71.0
48201453202,29.683433,-95.566121,Harris County,8.952924436804745,91.0,93.0,95.0,97.0
48201453300,29.666732,-95.565434,Harris County,8.771432680322608,97.0,97.0,98.0,84.0
48201453401,29.655211,-95.577549,Harris County,8.840888686543874,91.0,78.0,88.0,92.0
48201453403,29.6705,-95.584859,Harris County,8.79740696279713,95.0,93.0,96.0,95.0
48201453404,29.666227,-95.579469,Harris County,8.771018498524189,88.0,90.0,93.0,94.0
48201453405,29.667051,-95.574069,Harris County,8.728246577019384,91.0,91.0,94.0,97.0
48201453501,29.665524,-95.58996,Harris County,8.818497626277752,87.0,70.0,84.0,92.0
48201453502,29.670456,-95.597845,Harris County,8.84055359577703,93.0,89.0,94.0,92.0
48201453601,29.684855,-95.591732,Harris County,8.817490273147872,93.0,92.0,95.0,96.0
48201453603,29.682577,-95.575362,Harris County,8.861715229046151,91.0,94.0,96.0,88.0
48201453604,29.679814,-95.581919,Harris County,8.881451593083488,89.0,46.0,78.0,94.0
48201453701,29.682791,-95.609717,Harris County,9.010580063255182,90.0,85.0,91.0,96.0
48201453702,29.681974,-95.59958,Harris County,8.885816070177079,92.0,97.0,97.0,89.0
48201453800,29.669961,-95.606518,Harris County,8.978073376606051,87.0,80.0,88.0,92.0
48201453901,29.68531,-95.628079,Harris County,8.97952975160063,93.0,41.0,78.0,89.0
48201453902,29.678307,-95.62136,Harris County,8.971123233833149,94.0,94.0,96.0,98.0
48201454000,29.696108,-95.651928,Harris County,8.77312182396373,91.0,56.0,82.0,81.0
48201454100,29.704083,-95.655832,Harris County,8.836542135153673,87.0,76.0,86.0,86.0
48201454200,29.704849,-95.668884,Harris County,8.883336917795276,86.0,40.0,74.0,80.0
48201454302,29.715567,-95.667568,Harris County,9.1053773648259,81.0,33.0,68.0,95.0
48201454303,29.713289,-95.653256,Harris County,9.012505059067369,87.0,74.0,85.0,95.0
48201454304,29.723649,-95.656974,Harris County,9.2345856613009,84.0,86.0,89.0,89.0
48201454305,29.724743,-95.649687,Harris County,9.21154372621257,86.0,46.0,76.0,0.0
48201454400,29.769718,-95.646242,Harris County,8.897227199630958,84.0,80.0,86.0,32.0
48201454502,29.749308,-95.721342,Harris County,9.088435537839795,55.0,6.0,24.0,68.0
48201454503,29.771283,-95.708736,Harris County,8.544529364067424,47.0,5.0,16.0,92.0
48201454504,29.77051,-95.698591,Harris County,8.710171655159222,66.0,26.0,49.0,70.0
48201454505,29.779882,-95.699529,Harris County,8.85638373227482,72.0,2.0,40.0,81.0
48201454600,29.780163,-95.736165,Harris County,8.946832940808545,65.0,76.0,73.0,47.0
48201454700,29.76629,-95.725735,Harris County,8.907614324205234,51.0,11.0,25.0,0.0
48201454801,29.771804,-95.741852,Harris County,8.719257210327221,68.0,21.0,49.0,84.0
48201454802,29.764217,-95.743722,Harris County,8.943475313398844,57.0,46.0,52.0,87.0
48201454901,29.753935,-95.729615,Harris County,9.110767799840596,65.0,21.0,46.0,83.0
48201454902,29.750509,-95.74239,Harris County,8.999434056070271,69.0,32.0,56.0,78.0
48201455000,29.754079,-95.757891,Harris County,8.839429748173904,64.0,66.0,68.0,92.0
48201455102,29.766698,-95.77043,Harris County,8.693715249667774,63.0,18.0,42.0,54.0
48201455103,29.763029,-95.759297,Harris County,8.83750889515094,60.0,37.0,50.0,88.0
48201455104,29.770913,-95.760366,Harris County,8.674707898202307,47.0,32.0,36.0,75.0
48201455200,29.779247,-95.763688,Harris County,8.849199826891276,58.0,14.0,34.0,42.0
48201455300,29.773991,-95.787975,Harris County,8.648293884944081,83.0,69.0,81.0,94.0
48201510100,29.770916,-95.372646,Harris County,8.705129049300933,56.0,21.0,36.0,38.0
48201510201,29.765746,-95.387317,Harris County,8.65244360505836,49.0,28.0,35.0,66.0
48201510202,29.770664,-95.388073,Harris County,9.11514251903487,73.0,13.0,50.0,56.0
48201510301,29.783571,-95.376906,Harris County,9.919889844560014,47.0,7.0,17.0,55.0
48201510302,29.786836,-95.382303,Harris County,9.953647296946592,40.0,2.0,7.0,91.0
48201510400,29.783875,-95.392594,Harris County,9.973350498582493,43.0,17.0,22.0,78.0
48201510500,29.784961,-95.402602,Harris County,9.934474420918177,43.0,4.0,12.0,68.0
48201510601,29.773255,-95.40289,Harris County,9.317500935201874,63.0,4.0,30.0,48.0
48201510602,29.773697,-95.417909,Harris County,9.32107820320853,62.0,5.0,30.0,85.0
48201510701,29.764412,-95.403268,Harris County,9.433786498346745,60.0,47.0,55.0,79.0
48201510702,29.768017,-95.403534,Harris County,9.36473754875269,62.0,3.0,27.0,0.0
48201510801,29.766634,-95.416557,Harris County,9.369594461223825,60.0,4.0,26.0,63.0
48201510802,29.770097,-95.425387,Harris County,9.267137969313476,39.0,1.0,5.0,0.0
48201510803,29.762997,-95.415288,Harris County,9.48134319437108,46.0,24.0,30.0,56.0
48201510901,29.78084,-95.422621,Harris County,9.876276376232601,67.0,4.0,34.0,0.0
48201510902,29.78613,-95.43186,Harris County,9.842549145168167,62.0,25.0,45.0,73.0
48201511001,29.801782,-95.441718,Harris County,9.524662941985492,58.0,38.0,49.0,58.0
48201511003,29.796943,-95.434698,Harris County,9.835159065161466,62.0,42.0,54.0,62.0
48201511004,29.795282,-95.426032,Harris County,9.86813094338304,54.0,11.0,27.0,77.0
48201511100,29.808411,-95.426252,Harris County,9.841580366568644,65.0,18.0,43.0,54.0
48201511201,29.796708,-95.41705,Harris County,9.816163664863778,42.0,1.0,8.0,0.0
48201511202,29.804813,-95.41714,Harris County,9.794541826017298,54.0,12.0,28.0,0.0
48201511301,29.797221,-95.404839,Harris County,9.987333125957155,47.0,12.0,22.0,0.0
48201511302,29.797452,-95.393412,Harris County,9.925957034430281,27.0,17.0,12.0,0.0
48201511400,29.795962,-95.383125,Harris County,10.02022486726223,56.0,36.0,46.0,50.0
48201511501,29.808192,-95.404733,Harris County,9.893426968833916,59.0,2.0,23.0,0.0
48201511502,29.808663,-95.390161,Harris County,10.007538755089636,59.0,17.0,37.0,54.0
48201511600,29.801154,-95.376875,Harris County,10.046196854794987,77.0,61.0,74.0,68.0
48201520100,29.793949,-95.462055,Harris County,9.6414162431195,71.0,43.0,63.0,73.0
48201520200,29.790941,-95.475649,Harris County,9.769174258429155,62.0,30.0,48.0,84.0
48201520301,29.797613,-95.471935,Harris County,9.72889331295639,86.0,69.0,83.0,88.0
48201520302,29.799646,-95.480245,Harris County,9.673434134878987,80.0,83.0,85.0,92.0
48201520400,29.808495,-95.48,Harris County,9.667320028685078,88.0,96.0,96.0,94.0
48201520501,29.824419,-95.483044,Harris County,9.86348581177094,86.0,86.0,90.0,97.0
48201520502,29.830635,-95.487786,Harris County,9.835003475005808,88.0,78.0,87.0,94.0
48201520601,29.813369,-95.49357,Harris County,9.647461873434617,94.0,93.0,95.0,95.0
48201520603,29.806385,-95.486771,Harris County,9.546341925638014,91.0,94.0,96.0,94.0
48201520604,29.807378,-95.495109,Harris County,9.601739954725076,81.0,72.0,81.0,83.0
48201520700,29.799421,-95.496747,Harris County,9.808441316098387,64.0,21.0,44.0,74.0
48201521000,29.79655,-95.516709,Harris County,9.649286067839313,79.0,83.0,85.0,92.0
48201521100,29.80095,-95.521529,Harris County,9.667264631443187,90.0,97.0,97.0,98.0
48201521201,29.808397,-95.504088,Harris County,9.630488623204103,87.0,94.0,94.0,95.0
48201521202,29.807672,-95.512745,Harris County,9.70157473134343,83.0,60.0,79.0,83.0
48201521300,29.816415,-95.51372,Harris County,9.679194450665367,85.0,84.0,88.0,96.0
48201521401,29.830537,-95.504433,Harris County,9.765628942078886,100.0,95.0,97.0,98.0
48201521402,29.825337,-95.504666,Harris County,9.830539130684386,92.0,96.0,97.0,97.0
48201521501,29.824659,-95.523571,Harris County,9.759858770747401,90.0,93.0,95.0,98.0
48201521502,29.827183,-95.516044,Harris County,9.772476598804953,78.0,25.0,62.0,86.0
48201521600,29.842275,-95.537772,Harris County,9.570593584332972,90.0,45.0,78.0,93.0
48201521701,29.855115,-95.526234,Harris County,9.676497197466144,93.0,93.0,96.0,98.0
48201521702,29.845831,-95.507524,Harris County,9.748315444054342,91.0,92.0,95.0,94.0
48201521800,29.83874,-95.552021,Harris County,9.339418794430946,86.0,73.0,84.0,89.0
48201521900,29.82009,-95.553979,Harris County,9.416400774957806,71.0,56.0,68.0,86.0
48201522001,29.825928,-95.540289,Harris County,9.580034604910834,66.0,54.0,64.0,82.0
48201522002,29.825631,-95.529688,Harris County,9.759113517248677,82.0,86.0,88.0,96.0
48201522101,29.818209,-95.54055,Harris County,9.261567263843553,82.0,81.0,85.0,91.0
48201522102,29.816589,-95.531435,Harris County,9.609245252580571,82.0,53.0,75.0,77.0
48201522201,29.805988,-95.532853,Harris County,9.663173328128934,82.0,87.0,88.0,91.0
48201522202,29.801484,-95.54014,Harris County,9.495739311823673,79.0,81.0,84.0,93.0
48201522301,29.791272,-95.525548,Harris County,9.670880280125997,79.0,57.0,74.0,95.0
48201522302,29.791025,-95.539228,Harris County,9.447751970606271,79.0,86.0,86.0,92.0
48201522401,29.794962,-95.548856,Harris County,9.403894500231504,73.0,65.0,73.0,93.0
48201522402,29.804632,-95.556672,Harris County,9.328168941082515,76.0,79.0,81.0,93.0
48201522500,29.790256,-95.501533,Harris County,9.602507314757153,43.0,3.0,11.0,40.0
48201530101,29.81537,-95.451914,Harris County,9.654047006086177,85.0,86.0,89.0,94.0
48201530102,29.814388,-95.457811,Harris County,9.668313293777361,85.0,65.0,81.0,93.0
48201530200,29.815857,-95.420394,Harris County,9.860262650926174,65.0,21.0,45.0,73.0
48201530300,29.817894,-95.389158,Harris County,10.057106393928077,86.0,71.0,84.0,80.0
48201530400,29.826308,-95.390479,Harris County,10.213921109547039,96.0,69.0,87.0,93.0
48201530501,29.838602,-95.391561,Harris County,10.130142117302936,92.0,63.0,84.0,0.0
48201530502,29.835143,-95.398541,Harris County,10.156155104961055,95.0,78.0,90.0,92.0
48201530600,29.831763,-95.404965,Harris County,10.07812371829802,84.0,66.0,81.0,89.0
48201530701,29.863861,-95.40909,Harris County,10.052311755832429,87.0,98.0,98.0,85.0
48201530702,29.851075,-95.403604,Harris County,10.002246098863012,92.0,80.0,89.0,96.0
48201530800,29.853323,-95.420928,Harris County,10.014077226068201,92.0,83.0,91.0,86.0
48201530900,29.836042,-95.420191,Harris County,10.045690416467728,64.0,60.0,65.0,51.0
48201531000,29.825214,-95.420227,Harris County,10.274111749571441,54.0,8.0,25.0,40.0
48201531100,29.824697,-95.437665,Harris County,9.923697718764398,53.0,23.0,35.0,73.0
48201531200,29.827632,-95.451932,Harris County,9.790774391777681,62.0,47.0,56.0,75.0
48201531300,29.82252,-95.459618,Harris County,9.81013936557322,79.0,77.0,82.0,83.0
48201531400,29.830077,-95.470209,Harris County,9.93739454060174,65.0,26.0,49.0,53.0
48201531500,29.836519,-95.47505,Harris County,9.784307921683906,68.0,41.0,59.0,74.0
48201531600,29.836949,-95.454571,Harris County,9.796693277415814,53.0,9.0,25.0,0.0
48201531700,29.83467,-95.435831,Harris County,9.97207967681164,53.0,6.0,21.0,0.0
48201531800,29.853033,-95.436324,Harris County,10.006511666041595,92.0,94.0,96.0,67.0
48201531900,29.853298,-95.451731,Harris County,9.707671445300075,91.0,92.0,95.0,87.0
48201532003,29.858854,-95.472844,Harris County,9.785895394520391,92.0,90.0,94.0,94.0
48201532004,29.852766,-95.468161,Harris County,9.823971638375035,89.0,93.0,95.0,91.0
48201532101,29.844227,-95.47661,Harris County,9.82094130824736,77.0,61.0,74.0,88.0
48201532102,29.848953,-95.479781,Harris County,9.749557418612254,96.0,97.0,98.0,97.0
48201532200,29.851538,-95.478945,Harris County,9.797016412860797,89.0,96.0,96.0,97.0
48201532301,29.858878,-95.508391,Harris County,9.674030169894927,91.0,68.0,85.0,93.0
48201532302,29.854328,-95.500027,Harris County,9.739899502887107,83.0,79.0,85.0,81.0
48201532400,29.870019,-95.499097,Harris County,9.702336996248595,82.0,59.0,77.0,80.0
48201532502,29.881943,-95.501023,Harris County,9.74426923403458,92.0,85.0,92.0,88.0
48201532503,29.890742,-95.518187,Harris County,9.755747414048571,87.0,59.0,80.0,91.0
48201532504,29.884849,-95.510613,Harris County,9.785042252726702,87.0,22.0,69.0,92.0
48201532600,29.890361,-95.48479,Harris County,9.797329713159403,93.0,90.0,94.0,91.0
48201532700,29.877399,-95.481695,Harris County,9.776939582257599,88.0,79.0,88.0,54.0
48201532800,29.874725,-95.472068,Harris County,9.768683606430415,83.0,81.0,86.0,81.0
48201532900,29.891145,-95.472633,Harris County,9.807147122923476,93.0,92.0,95.0,95.0
48201533000,29.888251,-95.46177,Harris County,9.685427054872262,96.0,98.0,98.0,79.0
48201533100,29.877901,-95.457655,Harris County,9.671639004094814,93.0,53.0,82.0,70.0
48201533200,29.866391,-95.453286,Harris County,9.665502997793826,91.0,96.0,97.0,95.0
48201533301,29.87238,-95.419555,Harris County,9.978883723474892,95.0,89.0,94.0,47.0
48201533302,29.881196,-95.424476,Harris County,9.996139935307422,97.0,84.0,92.0,88.0
48201533401,29.890683,-95.432678,Harris County,9.8461525707439,97.0,81.0,91.0,92.0
48201533402,29.889116,-95.446396,Harris County,9.60899070508332,91.0,85.0,91.0,76.0
48201533500,29.893087,-95.419108,Harris County,9.975161718569831,93.0,41.0,79.0,72.0
48201533600,29.907662,-95.429615,Harris County,9.841043674834681,97.0,92.0,96.0,98.0
48201533701,29.92843,-95.431198,Harris County,10.018120660537036,95.0,98.0,99.0,98.0
48201533702,29.918735,-95.438321,Harris County,9.63951943839368,95.0,91.0,95.0,98.0
48201533802,29.927479,-95.463967,Harris County,9.812736384725833,94.0,87.0,93.0,97.0
48201533803,29.904136,-95.454625,Harris County,9.720427375206162,94.0,89.0,94.0,97.0
48201533804,29.914581,-95.459745,Harris County,9.694853856548093,98.0,47.0,82.0,95.0
48201533902,29.926536,-95.497084,Harris County,10.219816069948557,96.0,95.0,97.0,96.0
48201533903,29.921883,-95.485821,Harris County,9.990289734252807,92.0,72.0,87.0,92.0
48201533904,29.933307,-95.489867,Harris County,9.86774919731002,93.0,94.0,96.0,90.0
48201534001,29.908985,-95.486999,Harris County,10.012677140344913,90.0,70.0,86.0,96.0
48201534002,29.91977,-95.505049,Harris County,9.677386666121862,89.0,94.0,95.0,87.0
48201534003,29.929489,-95.511053,Harris County,10.085514305785981,87.0,36.0,74.0,95.0
48201534101,29.921979,-95.525534,Harris County,9.637109308813503,89.0,37.0,75.0,91.0
48201534102,29.906722,-95.514282,Harris County,9.679462486496192,93.0,39.0,78.0,84.0
48201534201,29.908442,-95.544797,Harris County,9.358654036916162,89.0,68.0,85.0,88.0
48201534203,29.874943,-95.535043,Harris County,9.616283985885506,87.0,79.0,87.0,97.0
48201534204,29.885525,-95.539244,Harris County,9.618450938787532,72.0,64.0,72.0,56.0
48201534205,29.894398,-95.538218,Harris County,9.901167586288821,63.0,25.0,46.0,72.0
48201540101,29.854225,-95.595233,Harris County,9.286654240600287,58.0,2.0,22.0,77.0
48201540102,29.865405,-95.584755,Harris County,9.612304565894908,88.0,65.0,83.0,90.0
48201540200,29.821264,-95.570799,Harris County,9.407208898867395,81.0,84.0,86.0,92.0
48201540502,29.847598,-95.635523,Harris County,9.219291317372472,73.0,33.0,60.0,81.0
48201540503,29.859454,-95.640864,Harris County,9.529973242557816,93.0,96.0,97.0,82.0
48201540504,29.84831,-95.642688,Harris County,9.547572681936062,85.0,80.0,87.0,88.0
48201540601,29.861791,-95.631682,Harris County,9.470823678573442,78.0,52.0,71.0,73.0
48201540602,29.872263,-95.635711,Harris County,9.473355326071221,87.0,40.0,75.0,89.0
48201540700,29.860493,-95.61458,Harris County,9.28583131583239,73.0,39.0,62.0,79.0
48201540800,29.889492,-95.610378,Harris County,9.8388689226482,87.0,50.0,78.0,73.0
48201540901,29.891456,-95.624558,Harris County,9.511607616958758,65.0,22.0,46.0,80.0
48201540903,29.905669,-95.626585,Harris County,9.77439886314847,87.0,65.0,82.0,93.0
48201540904,29.891937,-95.633352,Harris County,9.438460810935311,76.0,61.0,74.0,84.0
48201541004,29.915213,-95.640068,Harris County,9.306706893287496,85.0,7.0,60.0,74.0
48201541005,29.909305,-95.633314,Harris County,9.778322672502659,82.0,84.0,87.0,73.0
48201541006,29.927412,-95.679296,Harris County,8.999358425064642,73.0,14.0,50.0,52.0
48201541007,29.922444,-95.675162,Harris County,8.992011765319694,72.0,26.0,56.0,58.0
48201541008,29.931439,-95.662785,Harris County,8.985806669378533,75.0,7.0,48.0,71.0
48201541009,29.912669,-95.660272,Harris County,9.238869151241783,73.0,23.0,55.0,61.0
48201541100,29.901126,-95.651323,Harris County,9.327857604180744,65.0,48.0,60.0,51.0
48201541203,29.889858,-95.649714,Harris County,9.316154932022629,52.0,13.0,26.0,64.0
48201541204,29.884015,-95.659059,Harris County,9.313121515579653,75.0,58.0,72.0,86.0
48201541205,29.893907,-95.661871,Harris County,9.28810930100853,69.0,10.0,44.0,58.0
48201541206,29.88708,-95.675894,Harris County,9.046194387255989,72.0,48.0,66.0,87.0
48201541207,29.89891,-95.675932,Harris County,9.046375055576021,51.0,6.0,21.0,80.0
48201541301,29.873108,-95.658533,Harris County,9.321439419013862,83.0,57.0,77.0,90.0
48201541302,29.872564,-95.676163,Harris County,9.322139090107202,89.0,77.0,87.0,87.0
48201541401,29.857807,-95.65114,Harris County,9.537035066045624,91.0,74.0,87.0,93.0
48201541402,29.854219,-95.657238,Harris County,9.519639560939504,80.0,67.0,78.0,70.0
48201541403,29.854324,-95.66493,Harris County,9.466369812461648,87.0,70.0,84.0,80.0
48201541404,29.863346,-95.659532,Harris County,9.475204865986283,80.0,23.0,63.0,0.0
48201541500,29.856647,-95.677128,Harris County,9.263166055060477,81.0,49.0,73.0,65.0
48201541603,29.842514,-95.654656,Harris County,9.473179666979489,87.0,87.0,91.0,71.0
48201541604,29.839156,-95.684415,Harris County,9.290835880434692,72.0,10.0,48.0,68.0
48201541701,29.821673,-95.674653,Harris County,9.47487791527716,87.0,51.0,78.0,75.0
48201541702,29.788177,-95.654693,Harris County,9.246700492674542,89.0,43.0,77.0,60.0
48201541703,29.797813,-95.684722,Harris County,9.17649837088242,82.0,67.0,80.0,79.0
48201541801,29.79542,-95.712114,Harris County,9.144880259835867,78.0,29.0,63.0,81.0
48201541802,29.793429,-95.699164,Harris County,9.102074122031825,83.0,62.0,79.0,93.0
48201541901,29.811526,-95.695269,Harris County,8.791847350077555,85.0,65.0,81.0,50.0
48201541902,29.820869,-95.693579,Harris County,9.330571042765168,75.0,49.0,68.0,63.0
48201542001,29.819045,-95.711294,Harris County,8.722320575360943,80.0,51.0,73.0,54.0
48201542002,29.826442,-95.710439,Harris County,9.061994292739492,71.0,16.0,49.0,0.0
48201542003,29.811336,-95.710837,Harris County,8.911754179518768,79.0,72.0,80.0,92.0
48201542004,29.804746,-95.712958,Harris County,8.934253721864176,76.0,46.0,68.0,52.0
48201542103,29.857489,-95.695586,Harris County,8.991613384197917,85.0,47.0,75.0,51.0
48201542104,29.837702,-95.710089,Harris County,9.077986822155973,89.0,43.0,77.0,90.0
48201542105,29.854152,-95.71015,Harris County,8.996638286565597,82.0,47.0,73.0,81.0
48201542106,29.871434,-95.71326,Harris County,9.045379899114293,85.0,56.0,78.0,67.0
48201542107,29.871334,-95.687938,Harris County,9.067352494410132,88.0,25.0,70.0,88.0
48201542108,29.869869,-95.69841,Harris County,9.034956355670595,94.0,48.0,81.0,83.0
48201542201,29.870277,-95.726069,Harris County,9.016371736902583,89.0,26.0,72.0,65.0
48201542202,29.84029,-95.738041,Harris County,8.933061700155124,89.0,70.0,85.0,86.0
48201542203,29.857679,-95.731885,Harris County,9.029207304643718,87.0,68.0,83.0,82.0
48201542302,29.81195,-95.7423,Harris County,8.775887697065231,84.0,50.0,76.0,88.0
48201542303,29.811653,-95.727211,Harris County,8.876698291913522,68.0,21.0,49.0,86.0
48201542304,29.822989,-95.726563,Harris County,9.025625066147407,73.0,34.0,61.0,77.0
48201542305,29.824653,-95.738731,Harris County,8.937118246539356,80.0,40.0,69.0,80.0
48201542401,29.79511,-95.7254,Harris County,8.855088274576168,87.0,94.0,95.0,94.0
48201542402,29.794848,-95.736735,Harris County,8.860466007241,85.0,78.0,86.0,92.0
48201542500,29.796632,-95.763143,Harris County,8.808047377116244,60.0,26.0,44.0,54.0
48201542600,29.796362,-95.790912,Harris County,8.809794676306126,78.0,22.0,60.0,80.0
48201542700,29.795137,-95.814761,Harris County,8.752267344134228,56.0,36.0,46.0,86.0
48201542800,29.813009,-95.820795,Harris County,9.117628523394998,71.0,28.0,56.0,79.0
48201542901,29.815266,-95.761031,Harris County,8.728039538266511,77.0,29.0,62.0,32.0
48201542902,29.831859,-95.792659,Harris County,8.86894826303495,76.0,48.0,69.0,63.0
48201543004,29.945685,-95.740434,Harris County,8.80812239626023,64.0,6.0,33.0,59.0
48201543005,29.916828,-95.74324,Harris County,8.755988655821744,83.0,60.0,78.0,0.0
48201543006,29.909984,-95.706883,Harris County,8.99671053574626,76.0,21.0,58.0,70.0
48201543007,29.941686,-95.702644,Harris County,8.8379788003572,70.0,7.0,42.0,62.0
48201543008,29.887663,-95.690357,Harris County,9.014853027289163,83.0,64.0,79.0,87.0
48201543009,29.887886,-95.700363,Harris County,9.003004543859427,89.0,58.0,81.0,79.0
48201543010,29.884602,-95.715017,Harris County,9.003943160316549,86.0,27.0,70.0,85.0
48201543011,29.889017,-95.708765,Harris County,9.016727120941033,91.0,64.0,84.0,75.0
48201543100,29.994884,-95.848122,Harris County,9.291133060071404,75.0,46.0,68.0,66.0
48201543201,29.795983,-95.575634,Harris County,9.241757019834859,73.0,59.0,70.0,89.0
48201543202,29.789718,-95.601706,Harris County,9.250582122641202,57.0,17.0,34.0,83.0
48201550101,29.951972,-95.424896,Harris County,9.973647906922906,96.0,99.0,99.0,97.0
48201550102,29.941989,-95.437894,Harris County,9.680076632283289,93.0,92.0,95.0,87.0
48201550201,29.961167,-95.423687,Harris County,9.949096925000898,94.0,97.0,98.0,95.0
48201550202,29.959662,-95.426923,Harris County,9.947839113711286,97.0,98.0,99.0,95.0
48201550303,29.977845,-95.428334,Harris County,10.08314684470176,92.0,94.0,96.0,84.0
48201550304,30.014671,-95.436964,Harris County,10.232591237777235,92.0,94.0,96.0,76.0
48201550305,30.006914,-95.436981,Harris County,10.348148365963569,89.0,64.0,83.0,79.0
48201550306,29.989987,-95.439063,Harris County,10.043379457759732,91.0,78.0,89.0,70.0
48201550307,30.006942,-95.453176,Harris County,10.128184071673509,93.0,96.0,97.0,86.0
48201550308,29.989292,-95.430565,Harris County,10.06535986415921,88.0,96.0,96.0,87.0
48201550403,29.970029,-95.432326,Harris County,9.978155573714492,95.0,98.0,98.0,95.0
48201550404,29.970133,-95.453393,Harris County,9.938754878424044,95.0,71.0,88.0,42.0
48201550405,29.996477,-95.470208,Harris County,10.306218928268587,93.0,82.0,90.0,86.0
48201550406,29.981489,-95.442893,Harris County,9.847042196064502,94.0,73.0,88.0,75.0
48201550407,29.977612,-95.460592,Harris County,10.0086613500363,96.0,77.0,90.0,77.0
48201550500,29.950433,-95.44526,Harris County,9.771499798710213,92.0,58.0,83.0,91.0
48201550601,29.9575,-95.458571,Harris County,9.797532454592632,94.0,78.0,90.0,89.0
48201550602,29.944832,-95.459358,Harris County,9.820728647085906,97.0,76.0,90.0,92.0
48201550603,29.960419,-95.471487,Harris County,10.101457436269099,95.0,75.0,89.0,98.0
48201550700,29.941707,-95.48863,Harris County,9.84892166651856,93.0,51.0,81.0,67.0
48201550800,29.948166,-95.475143,Harris County,10.014887445770148,94.0,72.0,87.0,90.0
48201550901,29.953724,-95.48838,Harris County,9.85908994086912,90.0,90.0,93.0,89.0
48201550902,29.959854,-95.489238,Harris County,9.857643733818199,89.0,64.0,83.0,70.0
48201551000,29.969412,-95.491565,Harris County,10.058878102305801,92.0,83.0,91.0,95.0
48201551101,29.987082,-95.48571,Harris County,10.09360872566492,92.0,78.0,89.0,88.0
48201551102,29.975118,-95.480519,Harris County,10.093041453519678,95.0,65.0,86.0,94.0
48201551201,29.978437,-95.49846,Harris County,9.90152229967985,83.0,57.0,77.0,87.0
48201551202,29.972194,-95.504863,Harris County,9.88350513173184,76.0,37.0,65.0,86.0
48201551300,29.952088,-95.507254,Harris County,9.773303405038005,87.0,17.0,67.0,62.0
48201551400,29.967016,-95.517141,Harris County,9.78436001996793,83.0,36.0,70.0,84.0
48201551501,29.945543,-95.557463,Harris County,10.074931061537496,85.0,86.0,90.0,86.0
48201551502,29.93923,-95.549046,Harris County,9.685170641435924,87.0,79.0,87.0,73.0
48201551601,29.930498,-95.558618,Harris County,9.671437536392228,85.0,78.0,86.0,79.0
48201551602,29.929311,-95.575543,Harris County,9.706996115981603,86.0,88.0,91.0,93.0
48201551702,29.901787,-95.561767,Harris County,9.341353512260254,65.0,37.0,54.0,58.0
48201551703,29.916395,-95.562999,Harris County,9.263688051869716,78.0,22.0,61.0,80.0
48201551704,29.903671,-95.577477,Harris County,9.369348424493397,67.0,7.0,39.0,79.0
48201551705,29.91811,-95.576849,Harris County,9.366445692622047,81.0,31.0,67.0,35.0
48201551800,29.888295,-95.563259,Harris County,9.471373879185723,43.0,18.0,23.0,58.0
48201551901,29.903222,-95.586077,Harris County,9.556142354844445,80.0,77.0,83.0,77.0
48201551902,29.902591,-95.58944,Harris County,9.515288058858053,79.0,85.0,86.0,73.0
48201552002,29.914213,-95.607964,Harris County,9.51310697557022,77.0,48.0,70.0,77.0
48201552003,29.918849,-95.595737,Harris County,9.52988671060188,74.0,25.0,57.0,54.0
48201552004,29.910282,-95.594733,Harris County,9.371509925140753,72.0,39.0,62.0,83.0
48201552101,29.924212,-95.616474,Harris County,9.867896515298362,86.0,38.0,73.0,77.0
48201552102,29.936653,-95.613649,Harris County,9.690603716863206,66.0,51.0,62.0,88.0
48201552103,29.937763,-95.624678,Harris County,9.6316650836508,78.0,30.0,64.0,72.0
48201552200,29.944509,-95.645131,Harris County,9.43013865590083,77.0,46.0,69.0,79.0
48201552301,29.954879,-95.622741,Harris County,9.573292840429607,55.0,35.0,45.0,67.0
48201552303,29.960687,-95.589868,Harris County,9.637825432424204,72.0,53.0,68.0,78.0
48201552304,29.960289,-95.598373,Harris County,9.629672264137952,67.0,14.0,43.0,0.0
48201552401,29.930993,-95.599507,Harris County,10.010957679045934,83.0,60.0,78.0,91.0
48201552402,29.944859,-95.595582,Harris County,9.706900384460752,60.0,19.0,39.0,32.0
48201552501,29.946807,-95.575302,Harris County,9.780554677775873,85.0,90.0,92.0,74.0
48201552502,29.955977,-95.572133,Harris County,9.689258381835852,77.0,71.0,78.0,85.0
48201552602,29.974456,-95.575157,Harris County,9.60363277467691,73.0,41.0,64.0,85.0
48201552603,29.961554,-95.558106,Harris County,9.719945373118366,91.0,96.0,97.0,80.0
48201552604,29.963695,-95.572214,Harris County,9.648856435926492,90.0,50.0,80.0,65.0
48201552701,29.970745,-95.547291,Harris County,9.800308574471801,73.0,60.0,71.0,73.0
48201552702,29.98071,-95.556058,Harris County,9.73975837988534,67.0,80.0,76.0,68.0
48201552801,29.985146,-95.53718,Harris County,9.751508033926067,50.0,30.0,37.0,48.0
48201552802,29.974619,-95.532036,Harris County,9.758445215551363,76.0,66.0,75.0,57.0
48201552901,29.992667,-95.509562,Harris County,9.86838884657391,72.0,77.0,78.0,68.0
48201552902,29.990903,-95.516932,Harris County,9.8692960587699,74.0,57.0,70.0,61.0
48201553001,30.001675,-95.49302,Harris County,9.810867866311728,77.0,22.0,60.0,60.0
48201553002,30.009742,-95.478849,Harris County,10.143315509394448,81.0,64.0,78.0,90.0
48201553101,30.021668,-95.466114,Harris County,10.201949268568438,71.0,36.0,59.0,0.0
48201553102,30.015731,-95.458796,Harris County,9.92659167812788,83.0,40.0,72.0,49.0
48201553201,30.024234,-95.450728,Harris County,10.118071522978742,79.0,44.0,70.0,75.0
48201553202,30.028871,-95.445821,Harris County,9.99878375790804,85.0,79.0,86.0,89.0
48201553300,30.028498,-95.436313,Harris County,10.123930009060471,90.0,87.0,92.0,0.0
48201553401,30.041183,-95.445152,Harris County,10.076102955313125,46.0,38.0,39.0,50.0
48201553403,30.056437,-95.469429,Harris County,10.12547917365695,66.0,66.0,69.0,77.0
48201553404,30.045105,-95.462674,Harris County,10.0020182836606,61.0,36.0,50.0,42.0
48201553405,30.053973,-95.44717,Harris County,9.930311665869814,72.0,29.0,57.0,80.0
48201553500,30.038142,-95.476139,Harris County,10.328370291523015,57.0,22.0,39.0,68.0
48201553601,30.02755,-95.496908,Harris County,9.862425070015702,55.0,8.0,26.0,55.0
48201553602,30.028907,-95.486097,Harris County,10.22147721376664,68.0,84.0,79.0,67.0
48201553700,30.017609,-95.511855,Harris County,9.835476212004009,64.0,47.0,59.0,88.0
48201553801,30.0411,-95.507672,Harris County,9.767075284941429,59.0,10.0,31.0,72.0
48201553803,30.037543,-95.51919,Harris County,9.74980047083607,61.0,7.0,31.0,53.0
48201553804,30.034881,-95.528446,Harris County,9.738054459205653,76.0,36.0,64.0,64.0
48201553901,30.030336,-95.540071,Harris County,9.75814154329154,64.0,11.0,38.0,57.0
48201554001,30.010398,-95.52723,Harris County,9.824846182848157,56.0,65.0,62.0,71.0
48201554002,30.002441,-95.543909,Harris County,9.826206120300796,56.0,8.0,26.0,45.0
48201554103,30.012205,-95.55411,Harris County,9.793218201967129,67.0,21.0,48.0,83.0
48201554104,30.021997,-95.560001,Harris County,9.627402614666012,71.0,61.0,70.0,57.0
48201554201,30.002284,-95.565348,Harris County,9.671401152240584,74.0,19.0,55.0,65.0
48201554202,30.003016,-95.572923,Harris County,9.695148761219915,73.0,40.0,63.0,84.0
48201554301,29.988152,-95.599626,Harris County,9.637632584172776,45.0,21.0,27.0,53.0
48201554302,29.976799,-95.605431,Harris County,9.547332398391477,70.0,23.0,52.0,38.0
48201554404,29.975775,-95.643258,Harris County,9.355199844614228,46.0,4.0,13.0,50.0
48201554405,29.986842,-95.706602,Harris County,9.237859120749725,71.0,16.0,50.0,0.0
48201554406,30.001196,-95.714305,Harris County,9.482030279609129,73.0,12.0,50.0,55.0
48201554407,29.986031,-95.686543,Harris County,9.345328499013242,58.0,4.0,25.0,57.0
48201554408,29.995894,-95.673777,Harris County,9.239822490077188,64.0,19.0,43.0,59.0
48201554409,29.972627,-95.665668,Harris County,9.330843204499715,46.0,2.0,12.0,54.0
48201554410,29.965266,-95.650724,Harris County,9.355313344957596,30.0,8.0,8.0,0.0
48201554501,30.010628,-95.656391,Harris County,9.343211743497315,58.0,4.0,24.0,66.0
48201554502,29.993211,-95.63355,Harris County,9.22206525030763,42.0,19.0,23.0,59.0
48201554600,30.003768,-95.617853,Harris County,9.466459038680362,40.0,28.0,28.0,53.0
48201554701,30.001925,-95.588667,Harris County,9.546168930791346,76.0,34.0,63.0,85.0
48201554702,30.003526,-95.602379,Harris County,9.443242813149935,39.0,31.0,29.0,0.0
48201554803,30.092507,-95.575098,Harris County,9.672287869328738,62.0,16.0,39.0,86.0
48201554804,30.051748,-95.559274,Harris County,9.691880819994841,70.0,11.0,46.0,46.0
48201554805,30.034997,-95.582351,Harris County,9.656025559267901,78.0,55.0,73.0,70.0
48201554806,30.057855,-95.597508,Harris County,9.68566201213385,57.0,4.0,23.0,0.0
48201554807,30.044082,-95.599285,Harris County,9.690978509851277,76.0,49.0,69.0,62.0
48201554808,30.039213,-95.576644,Harris County,9.624172366081105,61.0,21.0,41.0,71.0
48201554809,30.059978,-95.570315,Harris County,9.701515092415168,61.0,41.0,53.0,55.0
48201554902,30.096557,-95.516997,Harris County,10.171765170399551,61.0,12.0,35.0,51.0
48201554904,30.06968,-95.521181,Harris County,9.73024648957813,63.0,18.0,41.0,0.0
48201554905,30.061082,-95.525797,Harris County,9.747849787551228,65.0,18.0,44.0,74.0
48201554906,30.054175,-95.501094,Harris County,10.072466688184369,60.0,29.0,45.0,78.0
48201554907,30.078953,-95.526523,Harris County,9.701252724237046,64.0,45.0,57.0,84.0
48201554908,30.088361,-95.548592,Harris County,9.686381077367534,72.0,32.0,58.0,85.0
48201555001,30.067043,-95.470092,Harris County,10.253223555015806,75.0,3.0,46.0,73.0
48201555002,30.063918,-95.489422,Harris County,10.188046421735102,65.0,46.0,59.0,85.0
48201555101,30.07734,-95.480555,Harris County,10.225771259793168,73.0,41.0,64.0,51.0
48201555102,30.076577,-95.455688,Harris County,10.10281376276186,69.0,31.0,56.0,54.0
48201555200,30.093306,-95.481107,Harris County,10.101217413610339,72.0,35.0,60.0,71.0
48201555301,30.119757,-95.518351,Harris County,10.031844114273492,59.0,5.0,27.0,58.0
48201555303,30.133564,-95.5615,Harris County,10.22835746520929,57.0,22.0,38.0,64.0
48201555304,30.128341,-95.539352,Harris County,10.136959401594284,55.0,31.0,42.0,64.0
48201555305,30.142966,-95.529241,Harris County,10.145183970976442,61.0,10.0,34.0,81.0
48201555401,30.111925,-95.610671,Harris County,9.73917010785302,42.0,23.0,26.0,48.0
48201555403,30.107291,-95.629288,Harris County,9.836191922422278,43.0,30.0,31.0,40.0
48201555404,30.085394,-95.619274,Harris County,9.664479083278101,64.0,74.0,71.0,63.0
48201555501,30.084196,-95.65944,Harris County,9.755471100642326,59.0,17.0,37.0,53.0
48201555503,30.03761,-95.636098,Harris County,9.439798895525513,64.0,34.0,52.0,66.0
48201555504,30.027888,-95.621172,Harris County,9.440582707588518,44.0,10.0,18.0,39.0
48201555505,30.017039,-95.617958,Harris County,9.443873264492257,65.0,34.0,53.0,49.0
48201555600,30.064034,-95.732233,Harris County,9.981369942547563,52.0,24.0,35.0,70.0
48201555701,30.001023,-95.732692,Harris County,9.300799500459261,66.0,8.0,38.0,47.0
48201555703,30.003403,-95.748488,Harris County,9.256111541844076,57.0,27.0,42.0,53.0
48201555704,30.012472,-95.758892,Harris County,9.202619303748202,46.0,1.0,9.0,0.0
48201556000,30.049755,-95.820244,Harris County,9.635464854433305,73.0,58.0,70.0,77.0
48201556100,30.021235,-95.54412,Harris County,9.874738598996121,52.0,4.0,19.0,46.0
48201980000,29.648753,-95.28563,Harris County,10.388911796676654,100.0,0.0,63.0,0.0
48201980100,29.984398,-95.302767,Harris County,9.954687991810664,0.0,0.0,0.0,0.0
48201980200,29.763924,-95.354576,Harris County,9.256593010760234,83.0,0.0,50.0,0.0
48201980300,29.717871,-95.401846,Harris County,9.169761782776758,75.0,0.0,38.0,0.0
48201980400,29.72118,-95.34387,Harris County,9.312036058446035,78.0,0.0,43.0,0.0
48201980700,29.761562,-95.363017,Harris County,9.077189254248404,50.0,23.0,33.0,78.0
48203020103,32.441599,-94.230443,Harrison County,12.275467446365917,47.0,52.0,49.0,0.0
48203020104,32.587042,-94.253695,Harrison County,12.44663530616491,38.0,58.0,47.0,43.0
48203020105,32.635912,-94.118715,Harrison County,11.845412902771475,74.0,96.0,91.0,0.0
48203020106,32.466684,-94.071566,Harrison County,12.0206038255401,45.0,77.0,63.0,35.0
48203020201,32.677307,-94.609184,Harrison County,11.688366563283498,13.0,45.0,24.0,0.0
48203020202,32.641496,-94.412086,Harrison County,12.091795431640136,49.0,49.0,48.0,0.0
48203020301,32.540119,-94.324496,Harrison County,12.379437701346667,63.0,59.0,64.0,58.0
48203020302,32.56476,-94.35563,Harrison County,12.36735678627902,65.0,84.0,77.0,65.0
48203020401,32.55646,-94.386246,Harrison County,12.383242770040813,77.0,96.0,93.0,78.0
48203020402,32.53312,-94.383301,Harrison County,12.384277190199564,83.0,86.0,88.0,50.0
48203020501,32.538144,-94.357716,Harrison County,12.37257284537276,85.0,84.0,88.0,41.0
48203020502,32.512443,-94.366258,Harrison County,12.4077486795374,62.0,50.0,59.0,0.0
48203020603,32.48202,-94.598933,Harrison County,12.697388881136451,30.0,42.0,31.0,76.0
48203020604,32.455125,-94.572961,Harrison County,12.790555107739962,45.0,69.0,58.0,57.0
48203020605,32.532751,-94.581937,Harrison County,12.433084439905825,36.0,56.0,45.0,42.0
48203020606,32.536365,-94.682437,Harrison County,12.408574476321467,24.0,39.0,26.0,50.0
48205950200,35.994603,-102.50231,Hartley County,5.741003860152356,57.0,29.0,43.0,33.0
48207950300,33.153498,-99.724118,Haskell County,8.109805607072238,50.0,60.0,56.0,65.0
48207950400,33.228439,-99.850975,Haskell County,7.537687642465853,57.0,78.0,70.0,69.0
48209010100,29.88137,-97.946185,Hays County,8.85486326726493,50.0,84.0,71.0,57.0
48209010200,29.888875,-97.946203,Hays County,8.810790549138282,69.0,90.0,84.0,56.0
48209010302,29.87643,-97.924294,Hays County,8.67674868235406,78.0,86.0,86.0,71.0
48209010305,29.88993,-97.90619,Hays County,8.94593067969959,70.0,94.0,88.0,56.0
48209010306,29.91144,-97.889969,Hays County,8.956264361329234,82.0,87.0,88.0,51.0
48209010307,29.889066,-97.920323,Hays County,8.921353846652039,73.0,98.0,94.0,63.0
48209010308,29.894788,-97.919051,Hays County,8.942142273285965,75.0,89.0,86.0,51.0
48209010309,29.906345,-97.909158,Hays County,8.949586021771255,74.0,94.0,89.0,0.0
48209010401,29.857796,-97.940951,Hays County,9.075648863025291,74.0,78.0,79.0,69.0
48209010402,29.831236,-97.948521,Hays County,9.46678272610953,77.0,75.0,80.0,57.0
48209010500,29.863704,-97.954908,Hays County,9.07883256735434,71.0,82.0,79.0,75.0
48209010601,29.884608,-97.960319,Hays County,8.857876498542122,69.0,95.0,88.0,0.0
48209010602,29.854868,-97.992377,Hays County,9.205211405345754,36.0,38.0,32.0,0.0
48209010603,29.895036,-98.002347,Hays County,8.980457387747997,42.0,34.0,33.0,0.0
48209010702,29.940416,-97.941144,Hays County,8.716437877197176,47.0,77.0,65.0,48.0
48209010703,29.89869,-97.947097,Hays County,8.698391784800787,60.0,89.0,79.0,44.0
48209010704,29.922586,-97.973335,Hays County,8.724304833768608,67.0,80.0,76.0,0.0
48209010806,30.166899,-98.044394,Hays County,8.134572584640924,28.0,19.0,14.0,62.0
48209010807,30.164162,-98.144902,Hays County,8.84047673569848,13.0,11.0,4.0,42.0
48209010809,30.218582,-98.034973,Hays County,7.571373313972756,34.0,11.0,12.0,56.0
48209010810,29.982928,-98.121663,Hays County,9.20062080426507,20.0,13.0,7.0,0.0
48209010811,30.036439,-98.192746,Hays County,9.14599107659052,57.0,84.0,74.0,63.0
48209010812,30.0293,-98.056242,Hays County,9.05954044220779,32.0,4.0,6.0,0.0
48209010813,30.035187,-98.14275,Hays County,9.105107875173815,12.0,17.0,6.0,0.0
48209010814,30.023769,-98.111153,Hays County,9.010556494623222,28.0,20.0,15.0,0.0
48209010815,30.184246,-97.954256,Hays County,7.3169698702091015,12.0,2.0,1.0,0.0
48209010816,30.181321,-97.985775,Hays County,7.707748947917722,57.0,3.0,22.0,0.0
48209010817,30.225777,-98.132526,Hays County,8.273938828301526,47.0,33.0,36.0,0.0
48209010818,30.291278,-98.112328,Hays County,7.818547410168994,42.0,6.0,13.0,0.0
48209010905,29.980578,-97.90167,Hays County,8.31154452852856,65.0,29.0,51.0,61.0
48209010909,30.015504,-97.880329,Hays County,8.28572548236013,58.0,45.0,53.0,36.0
48209010911,30.110839,-97.862432,Hays County,7.305765759828581,40.0,4.0,10.0,47.0
48209010912,30.137738,-97.933315,Hays County,7.720280711969846,41.0,7.0,13.0,37.0
48209010913,30.075261,-97.837208,Hays County,7.704049805630261,64.0,63.0,66.0,87.0
48209010914,30.052436,-97.916679,Hays County,8.332064556577746,33.0,3.0,5.0,43.0
48209010915,30.092986,-97.861782,Hays County,7.486902537071345,47.0,11.0,21.0,51.0
48209010916,29.990989,-97.831407,Hays County,8.499324146977981,76.0,23.0,58.0,41.0
48209010917,29.96361,-97.859345,Hays County,8.761019950349104,75.0,27.0,60.0,0.0
48209010918,29.971889,-97.849839,Hays County,8.465767589498245,79.0,11.0,56.0,83.0
48209010919,30.024658,-97.830174,Hays County,8.43327022101575,81.0,84.0,86.0,90.0
48209010920,30.022437,-97.746708,Hays County,8.501817596551179,84.0,75.0,84.0,50.0
48209010921,30.000769,-97.799439,Hays County,8.619399958114734,94.0,95.0,97.0,97.0
48209010922,30.049389,-97.819949,Hays County,7.962445605279818,80.0,23.0,62.0,74.0
48209010923,30.06939,-97.803619,Hays County,7.499518202996711,76.0,53.0,71.0,69.0
48209010924,29.993807,-97.861558,Hays County,8.377367402373903,74.0,41.0,65.0,74.0
48209010925,30.004398,-97.868973,Hays County,8.334086138271168,77.0,65.0,75.0,91.0
48211950300,35.893039,-100.360755,Hemphill County,6.66784768906601,56.0,49.0,53.0,53.0
48213950101,32.313923,-95.480855,Henderson County,11.713268249963956,33.0,51.0,39.0,35.0
48213950102,32.238256,-95.502989,Henderson County,11.831783482170897,22.0,41.0,25.0,38.0
48213950201,32.280123,-95.585791,Henderson County,11.514616192330495,51.0,71.0,63.0,68.0
48213950202,32.285893,-95.634052,Henderson County,11.023788443279253,29.0,67.0,49.0,33.0
48213950301,32.275992,-95.781751,Henderson County,10.468760205861166,35.0,76.0,58.0,39.0
48213950302,32.127565,-95.798224,Henderson County,9.619950804033184,62.0,61.0,64.0,0.0
48213950303,32.210895,-95.769968,Henderson County,9.351762489749634,33.0,49.0,38.0,45.0
48213950400,32.192409,-95.89726,Henderson County,9.506756171136262,32.0,70.0,53.0,73.0
48213950500,32.316162,-96.011576,Henderson County,8.693801895306999,31.0,78.0,58.0,38.0
48213950601,32.316009,-96.124944,Henderson County,10.350756569392216,25.0,77.0,55.0,0.0
48213950603,32.321716,-96.151757,Henderson County,10.250420626534027,6.0,72.0,43.0,0.0
48213950604,32.345194,-96.131351,Henderson County,10.304278670771273,32.0,45.0,35.0,57.0
48213950700,32.32887,-96.240872,Henderson County,10.16723873696452,30.0,74.0,55.0,39.0
48213950801,32.291563,-96.180955,Henderson County,8.521367618561815,26.0,72.0,52.0,0.0
48213950802,32.236251,-96.138653,Henderson County,8.682812396821557,22.0,48.0,31.0,84.0
48213950902,32.147705,-96.059732,Henderson County,8.572984011299303,48.0,76.0,64.0,0.0
48213950903,32.231896,-96.063695,Henderson County,8.610587006699822,14.0,46.0,26.0,54.0
48213950904,32.266595,-96.100752,Henderson County,8.725368005554678,36.0,94.0,76.0,71.0
48213950905,32.296904,-96.105384,Henderson County,8.57929084218099,31.0,62.0,46.0,33.0
48213951000,32.172003,-96.014564,Henderson County,8.600024750765963,59.0,84.0,75.0,46.0
48213951101,32.099063,-95.951021,Henderson County,9.43367477507573,24.0,54.0,36.0,0.0
48213951102,32.239058,-96.018315,Henderson County,8.681570690087735,15.0,66.0,41.0,41.0
48213951201,32.191723,-95.867623,Henderson County,9.510380663661532,64.0,59.0,64.0,79.0
48213951202,32.209604,-95.867579,Henderson County,9.507059264560999,90.0,98.0,98.0,75.0
48213951300,32.19762,-95.845428,Henderson County,9.510380663661532,54.0,65.0,61.0,54.0
48213951401,32.130528,-95.50121,Henderson County,10.689077719005693,39.0,35.0,32.0,54.0
48213951402,32.123667,-95.650786,Henderson County,10.41163009511697,29.0,54.0,39.0,45.0
48213951403,32.167552,-95.502675,Henderson County,10.61443114668416,5.0,54.0,27.0,0.0
48215020103,26.207566,-98.346238,Hidalgo County,13.225214099067852,97.0,97.0,98.0,96.0
48215020104,26.211002,-98.339579,Hidalgo County,13.177931810123019,83.0,90.0,91.0,94.0
48215020105,26.208158,-98.331837,Hidalgo County,13.171345531008322,100.0,98.0,99.0,98.0
48215020106,26.211833,-98.370422,Hidalgo County,13.26404215436091,74.0,97.0,93.0,81.0
48215020107,26.21115,-98.357398,Hidalgo County,13.260724002559096,96.0,78.0,90.0,90.0
48215020108,26.195574,-98.353797,Hidalgo County,13.259669767587871,82.0,71.0,81.0,78.0
48215020205,26.22201,-98.338275,Hidalgo County,13.13734869405256,95.0,89.0,94.0,96.0
48215020206,26.228694,-98.385917,Hidalgo County,13.135893745691721,100.0,87.0,94.0,98.0
48215020207,26.244365,-98.385356,Hidalgo County,13.19571000401021,98.0,89.0,95.0,97.0
48215020208,26.226152,-98.357147,Hidalgo County,13.175471158170156,93.0,91.0,95.0,92.0
48215020209,26.241546,-98.356241,Hidalgo County,13.195631523402266,100.0,49.0,82.0,89.0
48215020210,26.233247,-98.332814,Hidalgo County,13.207526173413363,93.0,78.0,89.0,96.0
48215020211,26.238992,-98.338025,Hidalgo County,13.208724245804165,100.0,85.0,93.0,87.0
48215020303,26.233901,-98.285465,Hidalgo County,13.215623300775492,87.0,39.0,74.0,87.0
48215020304,26.217383,-98.293314,Hidalgo County,13.246765954897567,91.0,73.0,87.0,93.0
48215020305,26.222524,-98.287003,Hidalgo County,13.248191664217908,85.0,49.0,76.0,73.0
48215020306,26.219509,-98.309334,Hidalgo County,13.26405818381317,88.0,41.0,76.0,86.0
48215020307,26.232433,-98.313669,Hidalgo County,13.218316711728098,92.0,80.0,89.0,92.0
48215020403,26.207641,-98.319293,Hidalgo County,13.231673647151988,92.0,78.0,89.0,97.0
48215020405,26.192182,-98.302859,Hidalgo County,13.269332175988751,92.0,59.0,83.0,80.0
48215020406,26.168721,-98.301953,Hidalgo County,13.261518974210254,92.0,85.0,91.0,93.0
48215020407,26.205419,-98.28543,Hidalgo County,13.255880284861234,83.0,46.0,74.0,67.0
48215020408,26.20463,-98.298894,Hidalgo County,13.262244557666977,79.0,97.0,94.0,77.0
48215020409,26.205731,-98.306961,Hidalgo County,13.254827120136326,48.0,50.0,49.0,89.0
48215020505,26.202874,-98.251425,Hidalgo County,13.16141233143057,93.0,98.0,99.0,97.0
48215020506,26.200979,-98.263868,Hidalgo County,13.181324374593645,95.0,94.0,96.0,96.0
48215020507,26.168362,-98.259868,Hidalgo County,13.183661324645367,96.0,99.0,99.0,97.0
48215020508,26.163477,-98.262597,Hidalgo County,13.184211075705514,100.0,89.0,95.0,95.0
48215020509,26.158641,-98.264259,Hidalgo County,13.188472053120776,100.0,98.0,99.0,97.0
48215020510,26.165401,-98.286414,Hidalgo County,13.223225313492017,91.0,55.0,81.0,95.0
48215020511,26.189812,-98.273218,Hidalgo County,13.184238412848162,96.0,92.0,96.0,97.0
48215020512,26.188129,-98.257603,Hidalgo County,13.186789391433745,97.0,31.0,77.0,94.0
48215020513,26.182343,-98.252532,Hidalgo County,13.191972625996877,100.0,96.0,98.0,98.0
48215020600,26.198398,-98.243438,Hidalgo County,13.173534228549537,97.0,99.0,99.0,98.0
48215020724,26.214638,-98.265309,Hidalgo County,13.160352919526154,94.0,71.0,87.0,92.0
48215020725,26.22681,-98.247191,Hidalgo County,13.160864587162068,95.0,87.0,93.0,93.0
48215020727,26.258431,-98.26026,Hidalgo County,13.048815234216985,94.0,74.0,88.0,78.0
48215020728,26.236927,-98.245642,Hidalgo County,13.140553683225006,80.0,39.0,69.0,94.0
48215020729,26.213065,-98.241445,Hidalgo County,13.114488960813945,95.0,98.0,99.0,98.0
48215020730,26.21369,-98.24905,Hidalgo County,13.11000185643515,98.0,96.0,98.0,97.0
48215020731,26.23121,-98.252367,Hidalgo County,13.042487400622022,96.0,99.0,99.0,98.0
48215020732,26.229754,-98.266226,Hidalgo County,13.024143191791929,89.0,66.0,84.0,93.0
48215020733,26.255865,-98.241606,Hidalgo County,13.147669966236448,90.0,61.0,83.0,88.0
48215020734,26.257264,-98.249494,Hidalgo County,13.121858171236571,90.0,68.0,84.0,81.0
48215020735,26.241716,-98.261619,Hidalgo County,13.052730210414882,90.0,89.0,92.0,98.0
48215020736,26.242741,-98.246304,Hidalgo County,13.144414822780691,90.0,78.0,88.0,88.0
48215020804,26.246899,-98.227109,Hidalgo County,13.20723213758268,85.0,65.0,81.0,92.0
48215020805,26.223758,-98.233851,Hidalgo County,13.18483068387431,86.0,71.0,84.0,91.0
48215020806,26.234947,-98.232718,Hidalgo County,13.142645544134826,88.0,69.0,84.0,87.0
48215020807,26.265257,-98.227123,Hidalgo County,13.15000411815039,88.0,33.0,73.0,65.0
48215020808,26.258339,-98.22913,Hidalgo County,13.147382778331481,90.0,81.0,89.0,85.0
48215020905,26.242762,-98.208825,Hidalgo County,13.005353370899194,88.0,44.0,77.0,81.0
48215020906,26.247245,-98.217175,Hidalgo County,13.435853715684642,84.0,43.0,73.0,83.0
48215020907,26.225581,-98.2094,Hidalgo County,13.045521084021287,90.0,77.0,88.0,43.0
48215020908,26.220969,-98.218412,Hidalgo County,12.771514061751276,91.0,88.0,92.0,90.0
48215020909,26.231409,-98.221455,Hidalgo County,13.125491199707866,89.0,55.0,80.0,92.0
48215020910,26.234456,-98.211356,Hidalgo County,12.776075645884914,90.0,61.0,83.0,93.0
48215021001,26.210441,-98.214198,Hidalgo County,13.005140172101232,97.0,99.0,99.0,97.0
48215021002,26.206571,-98.221406,Hidalgo County,12.64724847798214,86.0,88.0,91.0,96.0
48215021003,26.214401,-98.230432,Hidalgo County,13.161791910682764,84.0,73.0,83.0,85.0
48215021100,26.202068,-98.23571,Hidalgo County,13.034172912170634,93.0,84.0,91.0,98.0
48215021201,26.195282,-98.220711,Hidalgo County,13.030631278942714,88.0,75.0,86.0,90.0
48215021203,26.171635,-98.217829,Hidalgo County,13.012153035813277,91.0,52.0,81.0,92.0
48215021204,26.181435,-98.220197,Hidalgo County,13.013183811136471,88.0,58.0,81.0,90.0
48215021306,26.114346,-98.190742,Hidalgo County,13.134280393336104,97.0,98.0,98.0,97.0
48215021307,26.118723,-98.206105,Hidalgo County,13.146452449431864,95.0,90.0,94.0,94.0
48215021308,26.101994,-98.255433,Hidalgo County,12.736259830452527,96.0,96.0,97.0,98.0
48215021309,26.095577,-98.237991,Hidalgo County,13.05452760029098,97.0,82.0,92.0,96.0
48215021310,26.104341,-98.231484,Hidalgo County,12.984189266143904,100.0,90.0,95.0,93.0
48215021311,26.113579,-98.235107,Hidalgo County,12.982957407031344,99.0,90.0,95.0,95.0
48215021312,26.135272,-98.202474,Hidalgo County,13.093536200427796,97.0,73.0,89.0,94.0
48215021313,26.137155,-98.190735,Hidalgo County,13.090703620001918,98.0,81.0,91.0,96.0
48215021314,26.129113,-98.206004,Hidalgo County,13.146430404917812,100.0,96.0,98.0,97.0
48215021315,26.125449,-98.188835,Hidalgo County,13.399683935436647,100.0,94.0,97.0,96.0
48215021401,26.192737,-98.188999,Hidalgo County,13.111936610990282,93.0,94.0,96.0,96.0
48215021405,26.17377,-98.178137,Hidalgo County,13.134267639671165,88.0,92.0,94.0,96.0
48215021406,26.181542,-98.174907,Hidalgo County,13.14752729013659,92.0,44.0,79.0,86.0
48215021407,26.184488,-98.194199,Hidalgo County,13.109333647248066,89.0,79.0,88.0,92.0
48215021408,26.16852,-98.200997,Hidalgo County,12.971867391784869,93.0,68.0,86.0,96.0
48215021409,26.162495,-98.181329,Hidalgo County,13.078365372830698,86.0,71.0,84.0,88.0
48215021500,26.197082,-98.18029,Hidalgo County,13.110924661293849,100.0,94.0,97.0,94.0
48215021600,26.201199,-98.180553,Hidalgo County,13.08928575952604,94.0,98.0,99.0,94.0
48215021703,26.215828,-98.192007,Hidalgo County,12.956059193532896,91.0,90.0,93.0,86.0
48215021704,26.232311,-98.188506,Hidalgo County,12.98168324030745,90.0,69.0,85.0,92.0
48215021705,26.215289,-98.170399,Hidalgo County,13.06773147078393,96.0,91.0,95.0,93.0
48215021706,26.239384,-98.167749,Hidalgo County,12.960543811607877,98.0,86.0,93.0,91.0
48215021707,26.226214,-98.16944,Hidalgo County,12.990839605479586,84.0,86.0,89.0,84.0
48215021803,26.203511,-98.146357,Hidalgo County,13.092275341943438,96.0,87.0,94.0,93.0
48215021804,26.194637,-98.156302,Hidalgo County,13.096145443080761,96.0,94.0,96.0,95.0
48215021807,26.213961,-98.154375,Hidalgo County,13.078294024574692,95.0,88.0,93.0,97.0
48215021808,26.214852,-98.14319,Hidalgo County,13.101762818526485,94.0,87.0,93.0,89.0
48215021809,26.237822,-98.145883,Hidalgo County,13.098195491563645,98.0,95.0,97.0,97.0
48215021810,26.224874,-98.142953,Hidalgo County,13.088500040161643,93.0,94.0,96.0,82.0
48215021903,26.185687,-98.113743,Hidalgo County,13.080566869272152,96.0,89.0,94.0,94.0
48215021904,26.195321,-98.112561,Hidalgo County,13.23557822074619,83.0,85.0,88.0,79.0
48215021905,26.211035,-98.099103,Hidalgo County,13.208718446801068,87.0,85.0,90.0,94.0
48215021906,26.223285,-98.112439,Hidalgo County,13.051640734988414,94.0,83.0,91.0,94.0
48215022005,26.183735,-98.160181,Hidalgo County,13.098551143031584,96.0,87.0,93.0,93.0
48215022006,26.17833,-98.147526,Hidalgo County,13.07882356365848,95.0,66.0,86.0,87.0
48215022007,26.163509,-98.155225,Hidalgo County,13.045984510999496,87.0,60.0,81.0,0.0
48215022008,26.178517,-98.124759,Hidalgo County,13.09592654694461,86.0,93.0,93.0,97.0
48215022009,26.160928,-98.124803,Hidalgo County,13.106233853359623,92.0,65.0,85.0,85.0
48215022010,26.172113,-98.102646,Hidalgo County,13.097024292095504,89.0,77.0,87.0,93.0
48215022011,26.153609,-98.111644,Hidalgo County,13.143582976362373,97.0,92.0,96.0,96.0
48215022105,26.165491,-98.053497,Hidalgo County,13.022000506272153,100.0,95.0,97.0,96.0
48215022107,26.177843,-98.063409,Hidalgo County,13.017165964386544,87.0,97.0,97.0,93.0
48215022108,26.17554,-98.048055,Hidalgo County,12.833899918027706,95.0,58.0,84.0,81.0
48215022109,26.195115,-98.059522,Hidalgo County,12.825568693836976,96.0,92.0,95.0,81.0
48215022110,26.218554,-98.045504,Hidalgo County,12.64396554627282,100.0,99.0,99.0,88.0
48215022111,26.219823,-98.067633,Hidalgo County,12.822825182968831,100.0,99.0,99.0,97.0
48215022112,26.141163,-98.064611,Hidalgo County,13.035107168072011,100.0,95.0,97.0,90.0
48215022113,26.168587,-98.071988,Hidalgo County,12.992437380562844,85.0,75.0,84.0,94.0
48215022203,26.161278,-98.035478,Hidalgo County,12.842332481500554,96.0,97.0,98.0,96.0
48215022204,26.143704,-98.029216,Hidalgo County,12.729666618837001,98.0,91.0,95.0,95.0
48215022205,26.185448,-98.022569,Hidalgo County,12.6510653244761,87.0,88.0,91.0,94.0
48215022206,26.213242,-98.025463,Hidalgo County,12.643206775847792,98.0,93.0,96.0,96.0
48215022301,26.153447,-98.004005,Hidalgo County,12.541855165491778,81.0,79.0,84.0,91.0
48215022302,26.135731,-97.998636,Hidalgo County,12.52937830106646,92.0,45.0,79.0,83.0
48215022401,26.17295,-97.997706,Hidalgo County,12.503288112471884,97.0,88.0,94.0,96.0
48215022402,26.192975,-98.005341,Hidalgo County,12.521773037169083,94.0,71.0,87.0,89.0
48215022502,26.171887,-97.976689,Hidalgo County,12.64262197589535,97.0,94.0,97.0,93.0
48215022503,26.222069,-97.972749,Hidalgo County,12.48473258681884,98.0,97.0,98.0,94.0
48215022504,26.200747,-97.980345,Hidalgo County,12.483776065512355,98.0,78.0,90.0,95.0
48215022600,26.165125,-97.986265,Hidalgo County,12.395830891994512,96.0,95.0,97.0,96.0
48215022703,26.149317,-97.985847,Hidalgo County,12.596977848537334,85.0,87.0,89.0,84.0
48215022704,26.148652,-97.971748,Hidalgo County,12.662872460891357,80.0,81.0,84.0,90.0
48215022705,26.130132,-97.968197,Hidalgo County,12.580144188714568,86.0,80.0,87.0,93.0
48215022706,26.135666,-97.983415,Hidalgo County,12.593767491512173,84.0,92.0,92.0,94.0
48215022801,26.104725,-97.935433,Hidalgo County,12.093818966645559,97.0,96.0,98.0,97.0
48215022802,26.092424,-97.975164,Hidalgo County,12.616256475382164,95.0,83.0,91.0,92.0
48215022900,26.142375,-97.929366,Hidalgo County,12.13157711961557,88.0,85.0,90.0,92.0
48215023000,26.143706,-97.902661,Hidalgo County,12.318339863617041,92.0,87.0,92.0,95.0
48215023103,26.192298,-97.952275,Hidalgo County,12.166586369498761,95.0,96.0,97.0,97.0
48215023104,26.18273,-97.922239,Hidalgo County,12.51487054551028,94.0,96.0,98.0,95.0
48215023105,26.165511,-97.898514,Hidalgo County,12.242304793664614,96.0,77.0,90.0,91.0
48215023106,26.204574,-97.896201,Hidalgo County,12.477420260686023,97.0,99.0,99.0,91.0
48215023516,26.360745,-98.167048,Hidalgo County,12.673312192136189,93.0,97.0,98.0,96.0
48215023517,26.384316,-98.177816,Hidalgo County,12.513622151352612,95.0,81.0,91.0,96.0
48215023518,26.322464,-98.201634,Hidalgo County,13.167314849227585,93.0,72.0,87.0,91.0
48215023519,26.334364,-98.230265,Hidalgo County,13.131079398847044,88.0,87.0,91.0,58.0
48215023520,26.304845,-98.064408,Hidalgo County,12.753358721909565,96.0,94.0,97.0,93.0
48215023521,26.306504,-98.097028,Hidalgo County,12.92685987520652,95.0,91.0,95.0,97.0
48215023522,26.286181,-98.225102,Hidalgo County,12.933576991187802,89.0,64.0,83.0,89.0
48215023523,26.367988,-98.093253,Hidalgo County,12.345158383944984,100.0,94.0,97.0,97.0
48215023524,26.348335,-98.117099,Hidalgo County,12.364190453741562,92.0,93.0,95.0,97.0
48215023525,26.336084,-98.05365,Hidalgo County,12.340922117458833,96.0,95.0,97.0,91.0
48215023526,26.249255,-98.110819,Hidalgo County,12.994283574603122,97.0,39.0,79.0,97.0
48215023527,26.246201,-98.075404,Hidalgo County,12.954625795373087,100.0,95.0,97.0,96.0
48215023528,26.288348,-98.085106,Hidalgo County,12.907984943187664,95.0,86.0,93.0,94.0
48215023529,26.270015,-98.078115,Hidalgo County,12.939610804374828,95.0,97.0,98.0,93.0
48215023530,26.395305,-98.105391,Hidalgo County,12.012151765234362,91.0,95.0,96.0,96.0
48215023531,26.268377,-98.246058,Hidalgo County,13.071335571757887,89.0,55.0,80.0,93.0
48215023532,26.270508,-98.239092,Hidalgo County,13.129245021761545,90.0,63.0,83.0,72.0
48215023533,26.284168,-98.239381,Hidalgo County,13.034623118000857,94.0,36.0,78.0,57.0
48215023534,26.29961,-98.238339,Hidalgo County,13.14768189350115,92.0,74.0,88.0,71.0
48215023535,26.26043,-98.213292,Hidalgo County,13.1568518282803,91.0,33.0,75.0,0.0
48215023536,26.271762,-98.218558,Hidalgo County,13.125294674957994,84.0,50.0,76.0,85.0
48215023601,26.30458,-98.152588,Hidalgo County,12.951447928901649,94.0,92.0,95.0,96.0
48215023602,26.317809,-98.133116,Hidalgo County,13.121889512356852,93.0,79.0,90.0,91.0
48215023700,26.294882,-98.142803,Hidalgo County,12.984210429273604,98.0,90.0,95.0,87.0
48215023803,26.259933,-98.143118,Hidalgo County,13.045101664085196,94.0,61.0,84.0,91.0
48215023804,26.255544,-98.159411,Hidalgo County,13.040673255993514,95.0,91.0,95.0,93.0
48215023805,26.285574,-98.158722,Hidalgo County,13.001788597452693,88.0,82.0,89.0,90.0
48215023806,26.280711,-98.138824,Hidalgo County,13.03917948859826,92.0,68.0,86.0,89.0
48215023903,26.294742,-98.172308,Hidalgo County,13.001320278023538,89.0,90.0,93.0,88.0
48215023905,26.283756,-98.185241,Hidalgo County,12.675116635881762,88.0,55.0,80.0,72.0
48215023906,26.264811,-98.184725,Hidalgo County,12.905000577823373,93.0,73.0,88.0,94.0
48215023907,26.297722,-98.183035,Hidalgo County,12.69988625721098,90.0,90.0,94.0,88.0
48215023908,26.299641,-98.201087,Hidalgo County,13.163121660500938,88.0,26.0,71.0,53.0
48215024001,26.310985,-98.167041,Hidalgo County,12.812724392463432,95.0,94.0,96.0,55.0
48215024002,26.312586,-98.183771,Hidalgo County,13.171508967475866,86.0,94.0,94.0,68.0
48215024003,26.330064,-98.16754,Hidalgo County,13.128078061151664,83.0,94.0,93.0,92.0
48215024004,26.325344,-98.183634,Hidalgo County,13.131169285560459,93.0,71.0,87.0,82.0
48215024107,26.271783,-98.363112,Hidalgo County,13.19790237572855,96.0,90.0,95.0,97.0
48215024108,26.279861,-98.386667,Hidalgo County,12.976747608887306,98.0,98.0,99.0,94.0
48215024109,26.272634,-98.327291,Hidalgo County,13.191017664247495,98.0,89.0,94.0,96.0
48215024115,26.272467,-98.270317,Hidalgo County,13.13372903991774,96.0,89.0,94.0,92.0
48215024116,26.246459,-98.296784,Hidalgo County,13.218278295006423,90.0,47.0,79.0,79.0
48215024117,26.274449,-98.305078,Hidalgo County,13.176078477051579,96.0,94.0,97.0,94.0
48215024118,26.269694,-98.344277,Hidalgo County,13.195075372745885,100.0,70.0,88.0,94.0
48215024119,26.254497,-98.348815,Hidalgo County,13.225715992471713,97.0,85.0,93.0,94.0
48215024120,26.367698,-98.313205,Hidalgo County,12.710092907328086,98.0,98.0,98.0,96.0
48215024121,26.360948,-98.347386,Hidalgo County,12.649770753402745,97.0,98.0,99.0,91.0
48215024122,26.335576,-98.380638,Hidalgo County,12.718055952518714,100.0,99.0,99.0,93.0
48215024123,26.3345,-98.343389,Hidalgo County,12.724986421107108,96.0,98.0,99.0,91.0
48215024124,26.300677,-98.32582,Hidalgo County,13.080285967742853,98.0,93.0,96.0,95.0
48215024125,26.307114,-98.347186,Hidalgo County,12.883345354630917,98.0,96.0,98.0,96.0
48215024126,26.307665,-98.360926,Hidalgo County,12.878249724939662,98.0,97.0,98.0,94.0
48215024127,26.315527,-98.382491,Hidalgo County,12.891868738146433,97.0,98.0,99.0,96.0
48215024128,26.291086,-98.293224,Hidalgo County,13.168844570676482,98.0,91.0,95.0,92.0
48215024129,26.301416,-98.278449,Hidalgo County,13.182909097063895,92.0,70.0,87.0,83.0
48215024130,26.340257,-98.319518,Hidalgo County,12.725518366691782,97.0,90.0,95.0,93.0
48215024131,26.343555,-98.253004,Hidalgo County,13.0228980722643,94.0,36.0,77.0,64.0
48215024132,26.322578,-98.279519,Hidalgo County,13.181783572707246,92.0,87.0,92.0,95.0
48215024204,26.214063,-98.394153,Hidalgo County,13.237445003061916,87.0,74.0,85.0,94.0
48215024206,26.272478,-98.558147,Hidalgo County,12.902151738181098,98.0,96.0,98.0,97.0
48215024207,26.247485,-98.401924,Hidalgo County,13.21158044354989,77.0,83.0,83.0,94.0
48215024208,26.25638,-98.439853,Hidalgo County,13.148860326455784,85.0,88.0,90.0,88.0
48215024209,26.232459,-98.412833,Hidalgo County,13.189101794000857,98.0,97.0,98.0,84.0
48215024210,26.241245,-98.473299,Hidalgo County,13.475895943641227,92.0,81.0,90.0,91.0
48215024211,26.315912,-98.449278,Hidalgo County,12.900984240492722,100.0,96.0,98.0,93.0
48215024212,26.311466,-98.480648,Hidalgo County,12.929891804728411,97.0,93.0,96.0,94.0
48215024301,26.52993,-98.159106,Hidalgo County,12.884492103768725,88.0,70.0,84.0,94.0
48215024302,26.408606,-98.006852,Hidalgo County,12.62199796595491,93.0,92.0,95.0,93.0
48215024403,26.299322,-97.995216,Hidalgo County,12.359575627609066,98.0,72.0,89.0,95.0
48215024404,26.324107,-98.009141,Hidalgo County,12.29904618679414,96.0,91.0,95.0,95.0
48215024405,26.270248,-98.01049,Hidalgo County,12.517361281995127,96.0,80.0,91.0,92.0
48215024406,26.247616,-97.993453,Hidalgo County,12.516633679800611,98.0,95.0,97.0,83.0
48215024501,26.247751,-97.961511,Hidalgo County,12.215217844149024,97.0,99.0,99.0,94.0
48215024502,26.299443,-97.964917,Hidalgo County,12.306465177304775,97.0,88.0,94.0,96.0
48215024600,26.306937,-97.936935,Hidalgo County,12.395315053489478,97.0,89.0,94.0,94.0
48215980000,26.177727,-98.239482,Hidalgo County,12.732641050913461,0.0,0.0,0.0,0.0
48217960100,32.166988,-97.170781,Hill County,8.015285632366211,55.0,58.0,58.0,64.0
48217960200,32.081058,-97.364068,Hill County,8.091409359746983,17.0,52.0,31.0,33.0
48217960400,31.974925,-97.368767,Hill County,8.097359737947052,18.0,78.0,53.0,0.0
48217960501,31.933906,-97.287616,Hill County,7.996480049751652,25.0,47.0,32.0,52.0
48217960502,31.915702,-97.332385,Hill County,8.1193172944695,20.0,30.0,17.0,0.0
48217960600,31.949528,-97.320962,Hill County,7.917762628179182,60.0,90.0,80.0,80.0
48217960700,31.959418,-97.167486,Hill County,7.959108666389165,35.0,58.0,46.0,32.0
48217960800,32.014798,-97.110261,Hill County,8.182839525219112,57.0,58.0,59.0,0.0
48217960900,32.004369,-97.133675,Hill County,7.974906345302217,82.0,90.0,90.0,79.0
48217961000,32.005885,-97.118911,Hill County,7.945340564040446,82.0,75.0,83.0,83.0
48217961100,32.01998,-97.035671,Hill County,7.554678599367604,47.0,48.0,47.0,64.0
48217961400,31.842696,-96.853564,Hill County,8.108481408638566,44.0,75.0,61.0,64.0
48219950100,33.803499,-102.162909,Hockley County,7.12535928761019,70.0,68.0,72.0,86.0
48219950200,33.615979,-102.286524,Hockley County,7.144244600782617,56.0,58.0,58.0,45.0
48219950300,33.590228,-102.351525,Hockley County,7.138462619486319,73.0,85.0,82.0,80.0
48219950400,33.587974,-102.383527,Hockley County,7.125661457511009,83.0,93.0,92.0,79.0
48219950500,33.573167,-102.368032,Hockley County,7.141117781657381,67.0,57.0,65.0,64.0
48219950600,33.459274,-102.158181,Hockley County,7.1835378134909895,49.0,40.0,43.0,79.0
48219950700,33.45798,-102.475797,Hockley County,6.627736419718533,69.0,59.0,67.0,44.0
48221160100,32.448861,-97.791596,Hood County,7.77400273496334,34.0,46.0,37.0,54.0
48221160204,32.420814,-97.678941,Hood County,9.091812441539284,8.0,56.0,30.0,0.0
48221160206,32.432321,-97.763498,Hood County,8.576455113135603,10.0,58.0,33.0,0.0
48221160210,32.363238,-97.667496,Hood County,9.088602422419068,15.0,8.0,3.0,0.0
48221160211,32.4081,-97.765371,Hood County,7.7592871093807085,22.0,80.0,56.0,0.0
48221160212,32.377361,-97.740786,Hood County,7.610722472238648,48.0,23.0,31.0,0.0
48221160213,32.430644,-97.689825,Hood County,9.054731013604878,20.0,3.0,2.0,61.0
48221160214,32.426055,-97.717682,Hood County,8.977747710331904,39.0,5.0,11.0,0.0
48221160215,32.487819,-97.831432,Hood County,7.774162631679374,51.0,83.0,70.0,85.0
48221160216,32.505536,-97.811454,Hood County,8.71647270213913,25.0,29.0,19.0,0.0
48221160217,32.495411,-97.702864,Hood County,9.13258716443522,41.0,75.0,61.0,78.0
48221160218,32.476207,-97.76041,Hood County,8.578182885064521,29.0,14.0,11.0,40.0
48221160302,32.468167,-97.926002,Hood County,7.792065462654804,28.0,42.0,30.0,32.0
48221160303,32.391006,-97.833772,Hood County,7.80168520180079,29.0,44.0,33.0,0.0
48223950100,33.275733,-95.525645,Hopkins County,8.892649019474637,14.0,52.0,30.0,0.0
48223950200,33.107684,-95.790512,Hopkins County,8.495128421460329,24.0,40.0,26.0,39.0
48223950301,33.192338,-95.610386,Hopkins County,7.844563541922677,34.0,53.0,42.0,59.0
48223950302,33.10672,-95.582497,Hopkins County,7.93619135849029,48.0,46.0,46.0,37.0
48223950401,33.124213,-95.606132,Hopkins County,7.998813924860093,51.0,60.0,56.0,78.0
48223950402,33.134691,-95.616485,Hopkins County,7.980054666081396,39.0,54.0,45.0,0.0
48223950500,33.143721,-95.580216,Hopkins County,7.724250938571286,48.0,60.0,54.0,65.0
48223950600,33.123362,-95.587984,Hopkins County,7.999971662123865,65.0,76.0,73.0,79.0
48223950700,33.064895,-95.400694,Hopkins County,9.33340650582843,53.0,71.0,64.0,56.0
48223950800,33.020544,-95.599233,Hopkins County,9.14251581731805,39.0,52.0,44.0,0.0
48225950101,31.49173,-95.51168,Houston County,11.539782136387931,53.0,82.0,70.0,53.0
48225950102,31.501828,-95.380334,Houston County,11.477216346998912,39.0,81.0,64.0,60.0
48225950200,31.263344,-95.61092,Houston County,11.438407348633579,47.0,72.0,61.0,47.0
48225950300,31.323731,-95.454311,Houston County,11.150616706956345,65.0,89.0,82.0,57.0
48225950400,31.308793,-95.455505,Houston County,10.772868364117647,78.0,86.0,86.0,57.0
48225950500,31.337488,-95.442162,Houston County,11.119671253561714,33.0,59.0,45.0,57.0
48225950600,31.357677,-95.167049,Houston County,11.408924889998316,37.0,81.0,63.0,0.0
48225950700,31.045957,-95.562865,Houston County,11.267797783704037,63.0,61.0,64.0,38.0
48227950100,32.316567,-101.46384,Howard County,6.50140062998545,52.0,35.0,43.0,42.0
48227950200,32.292435,-101.322835,Howard County,6.608269040378847,56.0,53.0,56.0,66.0
48227950300,32.262535,-101.4855,Howard County,6.588011619386613,88.0,93.0,94.0,82.0
48227950400,32.237839,-101.481154,Howard County,6.588011619386613,69.0,86.0,81.0,59.0
48227950500,32.245732,-101.468811,Howard County,6.588011619386613,76.0,69.0,77.0,74.0
48227950600,32.248308,-101.444245,Howard County,6.50143041027558,61.0,46.0,56.0,47.0
48227950700,32.24697,-101.45624,Howard County,6.501350528704802,75.0,43.0,66.0,0.0
48227950801,32.216047,-101.486345,Howard County,6.58685700836753,53.0,27.0,38.0,70.0
48227950802,32.225694,-101.513197,Howard County,6.593370984355239,83.0,76.0,84.0,0.0
48227950900,32.201849,-101.43403,Howard County,6.499863400195004,49.0,39.0,42.0,51.0
48229950300,31.368286,-105.546009,Hudspeth County,4.395726228025272,86.0,92.0,93.0,97.0
48231960100,33.271587,-95.937483,Hunt County,8.365557151662305,42.0,58.0,49.0,39.0
48231960200,33.355612,-96.067742,Hunt County,9.063087487393787,23.0,35.0,22.0,0.0
48231960300,33.262751,-96.215758,Hunt County,8.757366339868705,30.0,63.0,47.0,0.0
48231960400,33.181223,-96.097999,Hunt County,8.2445270291529,60.0,49.0,56.0,71.0
48231960500,33.240708,-95.89451,Hunt County,8.27313875976984,63.0,69.0,68.0,0.0
48231960600,33.240911,-95.905497,Hunt County,8.28125632495526,67.0,95.0,88.0,60.0
48231960700,33.074775,-95.941052,Hunt County,9.086054089333041,22.0,45.0,29.0,34.0
48231960800,33.146696,-96.123534,Hunt County,8.191809425310938,76.0,87.0,85.0,78.0
48231960900,33.130653,-96.120575,Hunt County,8.476886279635584,74.0,83.0,82.0,90.0
48231961000,33.130787,-96.093998,Hunt County,8.639502092248135,46.0,75.0,62.0,0.0
48231961101,33.058125,-96.091698,Hunt County,9.19939139206929,47.0,37.0,39.0,0.0
48231961102,33.056421,-96.03598,Hunt County,9.266087380682714,46.0,60.0,53.0,0.0
48231961200,33.106747,-96.095761,Hunt County,9.187792544932949,41.0,45.0,41.0,70.0
48231961300,33.084293,-96.129917,Hunt County,8.871306160135978,35.0,49.0,39.0,35.0
48231961401,33.005083,-96.256661,Hunt County,8.999344989671231,60.0,38.0,50.0,58.0
48231961402,33.101959,-96.254275,Hunt County,9.24703024050739,35.0,30.0,26.0,59.0
48231961501,32.876995,-96.246732,Hunt County,9.627567952881606,39.0,34.0,31.0,81.0
48231961502,32.949196,-96.236567,Hunt County,9.911701849202249,40.0,40.0,37.0,47.0
48231961503,32.937001,-96.12159,Hunt County,9.283095778960591,36.0,67.0,52.0,45.0
48231961600,32.891292,-96.069569,Hunt County,9.810144922129988,41.0,77.0,62.0,42.0
48231961700,32.84958,-96.055582,Hunt County,9.854557564569676,24.0,66.0,46.0,0.0
48233950200,35.834275,-101.449297,Hutchinson County,5.74018529691307,29.0,53.0,39.0,0.0
48233950501,35.636188,-101.592761,Hutchinson County,5.586934687389368,34.0,44.0,35.0,0.0
48233950502,35.667661,-101.529973,Hutchinson County,5.614195691787104,3.0,51.0,24.0,0.0
48233950600,35.682329,-101.395617,Hutchinson County,5.734948785788329,71.0,78.0,77.0,73.0
48233950700,35.67209,-101.386214,Hutchinson County,5.737284291305892,62.0,53.0,60.0,75.0
48233950800,35.668145,-101.394855,Hutchinson County,5.73307904634496,63.0,75.0,72.0,0.0
48233950900,35.652435,-101.389909,Hutchinson County,5.73307904634496,47.0,47.0,46.0,64.0
48233951000,35.647419,-101.448746,Hutchinson County,5.722378506501367,41.0,29.0,29.0,0.0
48235950100,31.270407,-100.834684,Irion County,6.458492343101758,44.0,25.0,28.0,41.0
48237950100,33.263448,-98.167529,Jack County,7.343157869062154,50.0,27.0,35.0,42.0
48237950300,33.219619,-98.16998,Jack County,7.3036910664995185,44.0,89.0,73.0,75.0
48237950500,33.110145,-98.168635,Jack County,7.626280687670363,17.0,65.0,41.0,43.0
48239950100,28.935734,-96.484996,Jackson County,8.494206858129932,58.0,54.0,57.0,81.0
48239950200,29.013574,-96.675409,Jackson County,9.219958432132621,68.0,81.0,78.0,68.0
48239950300,28.93969,-96.644369,Jackson County,9.086905823587525,51.0,37.0,42.0,0.0
48241950101,31.069126,-94.007145,Jasper County,12.595848652790421,15.0,36.0,19.0,0.0
48241950102,30.979576,-94.105518,Jasper County,12.233009876710838,40.0,65.0,53.0,0.0
48241950200,30.930395,-94.003236,Jasper County,12.232279655251562,67.0,79.0,76.0,52.0
48241950300,30.909289,-93.995955,Jasper County,12.341695573731812,79.0,95.0,92.0,0.0
48241950400,30.889736,-94.012793,Jasper County,12.238247548503294,43.0,72.0,60.0,54.0
48241950500,30.698354,-93.944108,Jasper County,11.69527414803445,25.0,68.0,48.0,0.0
48241950600,30.656999,-93.898686,Jasper County,11.724396442917842,53.0,95.0,82.0,70.0
48241950701,30.340387,-94.008135,Jasper County,11.620716892886248,26.0,51.0,36.0,40.0
48241950702,30.492381,-93.98762,Jasper County,11.262090318743255,15.0,57.0,35.0,0.0
48241950800,30.437436,-93.967164,Jasper County,11.182742272082047,15.0,94.0,71.0,63.0
48243950100,30.608875,-103.99692,Jeff Davis County,3.8760450869936927,36.0,77.0,59.0,92.0
48245000101,30.145691,-94.189924,Jefferson County,11.499372414497216,72.0,56.0,69.0,38.0
48245000102,30.156232,-94.173814,Jefferson County,11.329338303189989,84.0,69.0,82.0,56.0
48245000103,30.134239,-94.131722,Jefferson County,10.84744238577925,90.0,97.0,97.0,36.0
48245000200,30.134254,-94.15421,Jefferson County,11.023613104214204,83.0,46.0,74.0,48.0
48245000304,30.071641,-94.188073,Jefferson County,11.150139716631998,78.0,61.0,75.0,80.0
48245000306,30.085889,-94.162275,Jefferson County,11.026779638401395,57.0,28.0,42.0,35.0
48245000307,30.123803,-94.190164,Jefferson County,11.50059985976851,74.0,59.0,72.0,73.0
48245000309,30.08683,-94.196528,Jefferson County,11.372692756563072,60.0,36.0,50.0,70.0
48245000310,30.083025,-94.179215,Jefferson County,11.276172554892385,67.0,58.0,66.0,50.0
48245000311,30.098292,-94.159119,Jefferson County,11.016558668954245,38.0,2.0,7.0,0.0
48245000312,30.101511,-94.182109,Jefferson County,11.326850271135354,58.0,12.0,33.0,47.0
48245000313,30.119399,-94.156833,Jefferson County,11.027817868012294,74.0,87.0,84.0,37.0
48245000314,30.110116,-94.157471,Jefferson County,11.022156668952805,49.0,16.0,26.0,0.0
48245000400,30.099838,-94.141526,Jefferson County,11.020418791715707,53.0,55.0,54.0,54.0
48245000500,30.110803,-94.132568,Jefferson County,10.76343269619862,90.0,95.0,96.0,87.0
48245000600,30.117741,-94.124924,Jefferson County,10.833472945513618,95.0,95.0,97.0,72.0
48245000700,30.116002,-94.108959,Jefferson County,10.759583153004026,93.0,90.0,94.0,44.0
48245000900,30.103576,-94.112871,Jefferson County,10.75952508427798,94.0,98.0,99.0,54.0
48245001100,30.090156,-94.122083,Jefferson County,10.746575467312912,75.0,49.0,68.0,63.0
48245001200,30.080546,-94.120861,Jefferson County,10.746575467312912,87.0,72.0,85.0,83.0
48245001301,30.074929,-94.146869,Jefferson County,11.006095849146334,78.0,86.0,85.0,86.0
48245001302,30.058806,-94.1923,Jefferson County,11.184762741301418,86.0,79.0,87.0,0.0
48245001303,30.033909,-94.176509,Jefferson County,11.134941241854074,73.0,26.0,56.0,0.0
48245001700,30.066383,-94.087084,Jefferson County,10.72251530310453,88.0,71.0,85.0,65.0
48245001900,30.063935,-94.097215,Jefferson County,10.720907861061525,92.0,87.0,92.0,87.0
48245002000,30.063567,-94.105076,Jefferson County,10.7354800890984,94.0,87.0,93.0,86.0
48245002100,30.06123,-94.118757,Jefferson County,10.725054838739323,94.0,90.0,94.0,88.0
48245002200,30.046125,-94.122758,Jefferson County,10.775930815699628,94.0,87.0,93.0,45.0
48245002300,30.046272,-94.10728,Jefferson County,10.719340333218554,94.0,71.0,87.0,61.0
48245002400,30.053227,-94.093735,Jefferson County,10.710040220632715,90.0,88.0,92.0,72.0
48245002500,30.042368,-94.090723,Jefferson County,10.709350176069526,91.0,82.0,90.0,71.0
48245002600,30.041707,-94.078641,Jefferson County,10.70807776893489,86.0,92.0,93.0,90.0
48245005100,29.863741,-93.945646,Jefferson County,10.169998786359592,89.0,91.0,94.0,0.0
48245005400,29.888988,-93.924144,Jefferson County,10.075693484907436,100.0,80.0,91.0,70.0
48245005500,29.897688,-93.915673,Jefferson County,10.075693484907436,90.0,87.0,92.0,89.0
48245005600,29.905881,-93.906483,Jefferson County,10.075832020765676,97.0,78.0,90.0,95.0
48245005900,29.871613,-93.951838,Jefferson County,10.178609278134239,94.0,92.0,95.0,0.0
48245006100,29.878647,-93.942271,Jefferson County,10.174597947150437,96.0,94.0,96.0,76.0
48245006300,29.894197,-93.931916,Jefferson County,10.075693484907436,98.0,80.0,91.0,76.0
48245006400,29.902592,-93.923673,Jefferson County,10.075644581408575,92.0,93.0,96.0,92.0
48245006500,29.914122,-93.915701,Jefferson County,10.085431038671734,88.0,88.0,91.0,85.0
48245006600,29.928412,-93.902177,Jefferson County,10.0086695890555,89.0,93.0,95.0,91.0
48245006700,29.908262,-93.935545,Jefferson County,10.07580442330584,88.0,95.0,95.0,94.0
48245006800,29.915094,-93.946069,Jefferson County,10.574352214644023,82.0,61.0,78.0,85.0
48245006900,29.917824,-94.005425,Jefferson County,10.511930138757101,79.0,28.0,63.0,39.0
48245007002,29.942858,-93.953084,Jefferson County,10.722242419341043,83.0,84.0,87.0,84.0
48245007003,29.953982,-93.978396,Jefferson County,10.680176803513616,78.0,90.0,88.0,0.0
48245007004,29.94492,-93.977851,Jefferson County,10.679194803345268,83.0,93.0,92.0,50.0
48245007100,29.901024,-94.025083,Jefferson County,10.357023109416977,64.0,79.0,74.0,69.0
48245010100,29.91415,-93.899108,Jefferson County,10.085431038671734,88.0,82.0,89.0,96.0
48245010200,29.92138,-93.924286,Jefferson County,10.085431038671734,87.0,91.0,93.0,73.0
48245010300,29.920889,-93.936559,Jefferson County,10.574357255023019,89.0,87.0,92.0,92.0
48245010400,29.945415,-93.932813,Jefferson County,10.52602151518482,54.0,47.0,51.0,73.0
48245010500,29.933315,-93.914466,Jefferson County,10.0086695890555,75.0,78.0,80.0,54.0
48245010600,29.946636,-93.904545,Jefferson County,10.007049930300957,56.0,72.0,66.0,56.0
48245010700,29.955165,-93.919539,Jefferson County,10.527099283951154,32.0,34.0,27.0,0.0
48245010800,29.989592,-93.959408,Jefferson County,10.526501669913603,24.0,55.0,38.0,0.0
48245010901,29.974207,-93.971705,Jefferson County,10.723562832611888,23.0,38.0,24.0,62.0
48245010902,29.964755,-93.959336,Jefferson County,10.723308437697295,32.0,21.0,18.0,0.0
48245011001,29.959471,-93.993595,Jefferson County,10.554585295839491,39.0,48.0,42.0,88.0
48245011002,29.975264,-93.98127,Jefferson County,10.701069801308948,37.0,35.0,31.0,54.0
48245011101,29.967772,-94.005562,Jefferson County,10.51720282005022,26.0,29.0,20.0,44.0
48245011102,29.980813,-93.991516,Jefferson County,10.701069801308948,30.0,74.0,55.0,48.0
48245011204,29.972298,-94.026038,Jefferson County,10.347924230398897,27.0,18.0,13.0,0.0
48245011205,29.99326,-94.016583,Jefferson County,10.534550153444087,36.0,27.0,24.0,53.0
48245011303,29.890632,-94.195558,Jefferson County,10.81534393911639,39.0,16.0,19.0,0.0
48245011304,29.940785,-94.180883,Jefferson County,10.942853616569705,65.0,35.0,53.0,89.0
48245011401,30.091384,-94.30806,Jefferson County,11.901966027528898,41.0,45.0,41.0,53.0
48245011402,30.055305,-94.249721,Jefferson County,11.257573194053037,72.0,39.0,62.0,70.0
48245011500,29.930999,-94.341156,Jefferson County,11.23363357483699,17.0,29.0,15.0,0.0
48245011600,29.81058,-94.248593,Jefferson County,10.890323503646211,39.0,57.0,47.0,70.0
48245011700,30.082897,-94.103928,Jefferson County,10.728358681055086,82.0,86.0,88.0,95.0
48245011800,29.885395,-93.935392,Jefferson County,10.063396236443575,98.0,89.0,95.0,83.0
48245980000,29.960085,-94.020223,Jefferson County,10.347628440712972,0.0,0.0,0.0,0.0
48245980200,29.991882,-94.047728,Jefferson County,10.471882877278926,79.0,100.0,99.0,0.0
48245980300,29.966725,-94.078004,Jefferson County,10.520876898931041,82.0,0.0,48.0,0.0
48245990000,29.613565,-94.081964,Jefferson County,9.443315902840311,0.0,0.0,0.0,0.0
48247950200,27.32096,-98.678369,Jim Hogg County,9.056985691853503,94.0,71.0,87.0,71.0
48247950400,27.289562,-98.690485,Jim Hogg County,9.065901947598658,87.0,96.0,96.0,69.0
48249950101,27.958037,-98.023046,Jim Wells County,8.593297329866873,63.0,47.0,58.0,0.0
48249950102,27.969893,-97.91632,Jim Wells County,8.373078634773169,79.0,69.0,78.0,68.0
48249950201,27.752139,-98.092402,Jim Wells County,9.008487557254847,80.0,86.0,87.0,89.0
48249950202,27.691797,-98.135042,Jim Wells County,9.050553581665477,85.0,76.0,85.0,71.0
48249950301,27.741948,-98.060781,Jim Wells County,8.621017472470891,94.0,89.0,94.0,94.0
48249950302,27.759595,-98.0583,Jim Wells County,8.621017472470891,90.0,80.0,89.0,61.0
48249950303,27.768449,-98.057723,Jim Wells County,8.621017472470891,80.0,15.0,60.0,0.0
48249950400,27.761239,-98.071558,Jim Wells County,8.606140647637439,84.0,84.0,88.0,73.0
48249950500,27.748421,-98.088134,Jim Wells County,9.008487557254847,92.0,98.0,98.0,82.0
48249950600,27.738019,-98.071037,Jim Wells County,9.026247376694899,94.0,81.0,90.0,90.0
48249950700,27.351502,-98.132845,Jim Wells County,9.199922777580449,90.0,84.0,90.0,86.0
48251130100,32.443904,-97.534458,Johnson County,8.525883098362645,38.0,25.0,25.0,52.0
48251130205,32.548626,-97.335002,Johnson County,8.147040664838299,30.0,48.0,35.0,64.0
48251130210,32.443711,-97.350126,Johnson County,8.51768609039066,16.0,34.0,18.0,0.0
48251130211,32.481127,-97.352402,Johnson County,8.510046326290878,31.0,54.0,41.0,0.0
48251130212,32.516597,-97.464777,Johnson County,9.16681499436871,54.0,62.0,59.0,74.0
48251130213,32.464829,-97.450304,Johnson County,8.694037349342521,51.0,72.0,63.0,84.0
48251130214,32.473425,-97.393637,Johnson County,8.356756845526348,33.0,69.0,52.0,42.0
48251130215,32.529951,-97.374561,Johnson County,8.306043642626696,43.0,14.0,20.0,69.0
48251130216,32.547391,-97.357441,Johnson County,8.376626268765444,45.0,67.0,57.0,0.0
48251130217,32.537594,-97.350238,Johnson County,8.294223248479392,25.0,25.0,17.0,72.0
48251130218,32.53954,-97.34155,Johnson County,8.310849856168502,47.0,43.0,44.0,65.0
48251130219,32.50224,-97.314291,Johnson County,8.616800410208322,32.0,34.0,27.0,0.0
48251130220,32.528839,-97.298686,Johnson County,8.35852519941877,46.0,17.0,24.0,0.0
48251130221,32.521345,-97.329937,Johnson County,8.42727680057782,60.0,80.0,72.0,87.0
48251130222,32.531628,-97.328526,Johnson County,8.332832963592997,29.0,52.0,38.0,69.0
48251130302,32.363044,-97.420813,Johnson County,8.535275991487053,59.0,84.0,74.0,35.0
48251130303,32.384403,-97.323442,Johnson County,8.457775880671887,50.0,77.0,66.0,0.0
48251130304,32.398524,-97.345453,Johnson County,8.491088151884496,47.0,52.0,49.0,39.0
48251130405,32.535652,-97.241034,Johnson County,8.06068858078927,51.0,36.0,42.0,77.0
48251130406,32.499167,-97.255897,Johnson County,8.074708406314985,30.0,21.0,17.0,67.0
48251130411,32.47832,-97.167559,Johnson County,8.114537942568743,74.0,83.0,82.0,84.0
48251130412,32.467368,-97.110753,Johnson County,8.039163443156736,58.0,26.0,41.0,67.0
48251130413,32.411206,-97.104375,Johnson County,8.124408639833606,63.0,65.0,67.0,0.0
48251130414,32.367761,-97.244831,Johnson County,8.492313726599871,40.0,64.0,52.0,59.0
48251130415,32.411409,-97.246521,Johnson County,8.593243514836402,59.0,47.0,55.0,42.0
48251130416,32.462375,-97.210288,Johnson County,8.273420653443825,61.0,43.0,54.0,86.0
48251130417,32.414332,-97.20287,Johnson County,8.452464674940206,63.0,38.0,54.0,0.0
48251130418,32.545846,-97.109202,Johnson County,7.829395597264525,78.0,9.0,53.0,0.0
48251130419,32.52485,-97.136878,Johnson County,7.834276959632029,46.0,33.0,36.0,0.0
48251130501,32.299189,-97.192842,Johnson County,8.086012274484144,31.0,28.0,22.0,74.0
48251130502,32.266714,-97.265046,Johnson County,8.221651387784663,28.0,43.0,32.0,57.0
48251130602,32.299616,-97.457451,Johnson County,8.19865286034523,35.0,18.0,17.0,78.0
48251130603,32.284884,-97.352651,Johnson County,8.370813962278755,23.0,76.0,54.0,0.0
48251130604,32.272911,-97.426592,Johnson County,7.926660854384093,27.0,20.0,14.0,77.0
48251130700,32.358665,-97.403202,Johnson County,8.286309422841992,61.0,76.0,71.0,47.0
48251130800,32.365476,-97.389602,Johnson County,8.288532885794242,68.0,89.0,82.0,43.0
48251130900,32.358325,-97.375247,Johnson County,8.378878648757066,78.0,98.0,95.0,95.0
48251131000,32.330657,-97.401284,Johnson County,8.35319235772189,30.0,32.0,24.0,0.0
48251131100,32.345843,-97.401628,Johnson County,8.259688890262476,63.0,57.0,63.0,56.0
48253020101,32.567749,-99.703964,Jones County,7.666960068477634,34.0,32.0,27.0,0.0
48253020102,32.556815,-99.629376,Jones County,7.668859512201912,79.0,0.0,45.0,0.0
48253020200,32.757147,-99.896562,Jones County,7.92846975811517,57.0,70.0,65.0,76.0
48253020300,32.87912,-100.127543,Jones County,6.623775301260276,57.0,72.0,66.0,78.0
48253020400,32.93679,-99.789577,Jones County,8.105428516006924,63.0,86.0,78.0,76.0
48253020500,32.645427,-99.827776,Jones County,8.096846677972081,19.0,47.0,28.0,34.0
48255970100,28.990616,-97.959863,Karnes County,9.474128460354427,39.0,47.0,40.0,38.0
48255970200,28.882599,-97.909188,Karnes County,9.627121173045609,76.0,58.0,72.0,73.0
48255970301,28.776105,-97.837696,Karnes County,9.774722067834045,76.0,75.0,79.0,61.0
48255970302,28.81291,-97.854892,Karnes County,9.791903612196766,89.0,78.0,88.0,87.0
48255970400,28.887346,-97.715289,Karnes County,9.674785416742006,84.0,83.0,87.0,67.0
48257050204,32.752526,-96.413399,Kaufman County,8.828530169003336,73.0,45.0,66.0,65.0
48257050207,32.799524,-96.478111,Kaufman County,9.043287694960851,73.0,48.0,66.0,60.0
48257050208,32.759288,-96.473554,Kaufman County,8.928570407408449,58.0,54.0,58.0,48.0
48257050209,32.764014,-96.44265,Kaufman County,8.879505040841249,68.0,23.0,50.0,63.0
48257050210,32.789961,-96.437551,Kaufman County,9.140396613795165,40.0,17.0,20.0,39.0
48257050211,32.682154,-96.452347,Kaufman County,9.110998524043854,75.0,61.0,73.0,66.0
48257050212,32.699046,-96.400605,Kaufman County,9.212711826806117,50.0,3.0,16.0,0.0
48257050213,32.724586,-96.434897,Kaufman County,8.853706824277408,52.0,4.0,19.0,0.0
48257050214,32.744254,-96.466104,Kaufman County,8.842077523848223,64.0,56.0,63.0,0.0
48257050215,32.720839,-96.470796,Kaufman County,9.06331277482734,50.0,10.0,22.0,46.0
48257050300,32.74747,-96.298385,Kaufman County,9.488260202048975,65.0,66.0,68.0,62.0
48257050401,32.743328,-96.269811,Kaufman County,9.551932873265923,78.0,81.0,83.0,89.0
48257050402,32.756737,-96.278749,Kaufman County,9.64838876251763,61.0,60.0,62.0,0.0
48257050500,32.723626,-96.289256,Kaufman County,9.582390286002791,82.0,97.0,95.0,75.0
48257050601,32.79761,-96.267639,Kaufman County,9.343918887607645,49.0,68.0,60.0,0.0
48257050602,32.736129,-96.143839,Kaufman County,10.25739498964694,34.0,41.0,34.0,0.0
48257050701,32.65331,-96.335067,Kaufman County,9.23297848335748,49.0,58.0,54.0,65.0
48257050703,32.579558,-96.196542,Kaufman County,10.075543305077424,67.0,52.0,63.0,75.0
48257050704,32.642521,-96.198653,Kaufman County,10.306265264964006,67.0,88.0,81.0,53.0
48257050801,32.585604,-96.414901,Kaufman County,9.954262728489468,63.0,57.0,63.0,75.0
48257050802,32.580827,-96.460223,Kaufman County,9.873686195384577,32.0,15.0,13.0,32.0
48257051000,32.592802,-96.296277,Kaufman County,10.363013515695066,74.0,96.0,92.0,61.0
48257051100,32.578833,-96.303808,Kaufman County,10.178452100743522,58.0,64.0,63.0,49.0
48257051201,32.498394,-96.217785,Kaufman County,9.176008744184834,50.0,63.0,58.0,82.0
48257051202,32.48514,-96.342832,Kaufman County,9.191395921235426,44.0,44.0,42.0,32.0
48257051301,32.396619,-96.146786,Kaufman County,10.231604202687892,32.0,73.0,55.0,0.0
48257051302,32.379477,-96.294335,Kaufman County,10.327740517196835,13.0,46.0,25.0,66.0
48259970101,29.946014,-98.86795,Kendall County,8.915408358441226,51.0,51.0,51.0,88.0
48259970102,29.992792,-98.763365,Kendall County,8.756892302302072,42.0,28.0,29.0,42.0
48259970301,29.837985,-98.747967,Kendall County,8.583091372521688,54.0,57.0,56.0,52.0
48259970302,29.793161,-98.787485,Kendall County,8.563618961655015,42.0,27.0,29.0,58.0
48259970403,29.85939,-98.607758,Kendall County,9.322508594335705,15.0,9.0,3.0,0.0
48259970404,29.816495,-98.705726,Kendall County,8.899502807777958,49.0,10.0,22.0,0.0
48259970405,29.759068,-98.721069,Kendall County,8.90305232869756,40.0,9.0,14.0,0.0
48259970406,29.772662,-98.669343,Kendall County,8.584574085799666,47.0,13.0,23.0,0.0
48259970500,29.792294,-98.724258,Kendall County,9.163845342501729,58.0,71.0,66.0,72.0
48261950100,27.104123,-97.788911,Kenedy County,10.61660192794103,96.0,96.0,98.0,98.0
48261990000,26.939361,-97.323567,Kenedy County,10.256315347740774,0.0,0.0,0.0,0.0
48263950100,33.25047,-100.625144,Kent County,6.30284793736231,29.0,41.0,30.0,73.0
48265960101,30.098511,-99.148269,Kerr County,9.240443173910762,38.0,73.0,58.0,75.0
48265960102,30.038437,-99.07226,Kerr County,9.336305844794293,50.0,39.0,43.0,0.0
48265960200,30.071935,-99.16792,Kerr County,9.472461734677342,24.0,19.0,12.0,37.0
48265960301,30.020265,-99.282606,Kerr County,9.375813739786977,40.0,44.0,39.0,57.0
48265960303,30.080281,-99.225032,Kerr County,9.207697771598728,60.0,70.0,67.0,35.0
48265960304,30.129307,-99.322295,Kerr County,8.77196117668299,32.0,41.0,32.0,0.0
48265960401,30.007616,-99.156675,Kerr County,9.153320088304982,55.0,60.0,59.0,47.0
48265960403,30.023371,-99.168845,Kerr County,9.303345561589287,43.0,43.0,41.0,46.0
48265960404,30.05291,-99.166403,Kerr County,9.433929648374104,51.0,31.0,39.0,81.0
48265960500,30.061515,-99.143528,Kerr County,9.288277058427202,57.0,75.0,68.0,0.0
48265960601,30.030549,-99.126859,Kerr County,9.178701119179111,68.0,86.0,80.0,43.0
48265960602,30.044078,-99.125539,Kerr County,9.17653367145569,57.0,59.0,59.0,72.0
48265960700,29.991662,-99.129691,Kerr County,9.222497048957274,41.0,52.0,45.0,33.0
48265960800,29.938649,-99.01163,Kerr County,8.926366686117293,62.0,64.0,65.0,34.0
48267950100,30.483773,-99.678912,Kimble County,8.481874171180124,19.0,53.0,33.0,47.0
48267950200,30.48872,-99.776074,Kimble County,8.367162452428373,64.0,74.0,71.0,75.0
48269950100,33.644368,-100.29575,King County,6.5282221545630295,54.0,86.0,74.0,0.0
48271950100,29.303419,-100.41821,Kinney County,9.113056503762813,75.0,69.0,76.0,60.0
48273020101,27.375933,-97.789874,Kleberg County,8.513065212057734,74.0,78.0,79.0,81.0
48273020102,27.430439,-97.874466,Kleberg County,8.984035247838566,80.0,62.0,77.0,80.0
48273020200,27.522867,-97.854066,Kleberg County,8.38523786563527,96.0,91.0,95.0,85.0
48273020301,27.531377,-97.875093,Kleberg County,8.40060838706354,95.0,91.0,95.0,74.0
48273020302,27.522913,-97.881742,Kleberg County,8.44415497345556,83.0,93.0,92.0,74.0
48273020401,27.491323,-97.863833,Kleberg County,8.44389830717431,84.0,45.0,74.0,0.0
48273020402,27.509463,-97.871756,Kleberg County,8.44415497345556,84.0,76.0,85.0,50.0
48273020501,27.494765,-97.848082,Kleberg County,8.376749023943411,74.0,51.0,68.0,51.0
48273020502,27.51091,-97.853421,Kleberg County,8.392022190719024,82.0,79.0,85.0,0.0
48273990000,27.42631,-97.262139,Kleberg County,7.819765732421042,0.0,0.0,0.0,0.0
48275950100,33.462245,-99.796583,Knox County,7.649073380978261,55.0,85.0,73.0,86.0
48275950200,33.457598,-99.618074,Knox County,8.556221001055395,64.0,73.0,71.0,74.0
48277000101,33.801543,-95.521661,Lamar County,11.673794836057073,23.0,34.0,22.0,44.0
48277000102,33.752385,-95.698418,Lamar County,10.939571181689484,21.0,63.0,42.0,72.0
48277000200,33.55369,-95.637807,Lamar County,9.701373833553486,29.0,60.0,43.0,52.0
48277000301,33.569612,-95.37289,Lamar County,10.04345570220205,32.0,69.0,52.0,0.0
48277000302,33.713809,-95.382761,Lamar County,11.77529366286663,26.0,31.0,21.0,58.0
48277000401,33.667543,-95.525541,Lamar County,11.632533800275796,49.0,71.0,61.0,64.0
48277000402,33.677807,-95.486301,Lamar County,11.684007149206275,31.0,36.0,28.0,0.0
48277000500,33.674556,-95.544099,Lamar County,11.63263020634659,69.0,85.0,81.0,67.0
48277000600,33.66989,-95.56605,Lamar County,11.608579695253136,66.0,94.0,85.0,35.0
48277000700,33.660019,-95.591799,Lamar County,11.618176779935396,52.0,61.0,57.0,41.0
48277000800,33.652314,-95.558423,Lamar County,11.504104588200583,53.0,96.0,84.0,58.0
48277000900,33.651171,-95.50122,Lamar County,11.492721688482845,38.0,46.0,39.0,0.0
48277001000,33.654704,-95.535973,Lamar County,11.50782720446496,65.0,89.0,81.0,0.0
48279950100,34.185804,-102.143321,Lamb County,6.319677303440021,77.0,68.0,77.0,56.0
48279950200,34.241905,-102.40108,Lamb County,6.304412528492462,71.0,82.0,79.0,79.0
48279950300,34.037923,-102.481337,Lamb County,6.603328528545294,74.0,71.0,76.0,70.0
48279950500,33.930166,-102.322926,Lamb County,6.499201506544424,81.0,88.0,88.0,74.0
48279950600,33.908625,-102.327472,Lamb County,6.587690782116238,65.0,52.0,62.0,73.0
48281950100,31.231434,-98.284286,Lampasas County,6.036149778299116,27.0,54.0,38.0,57.0
48281950302,31.085021,-98.141227,Lampasas County,8.911445092454496,40.0,24.0,25.0,0.0
48281950303,31.066987,-97.939603,Lampasas County,9.745416304431378,50.0,48.0,48.0,37.0
48281950304,31.10747,-97.98161,Lampasas County,9.600489628119854,40.0,51.0,44.0,0.0
48281950400,31.067779,-98.175002,Lampasas County,8.910429932578651,58.0,79.0,71.0,65.0
48281950500,31.058462,-98.189121,Lampasas County,8.895425210863719,47.0,54.0,51.0,0.0
48283950301,28.433276,-99.23627,La Salle County,9.977096235551269,95.0,96.0,97.0,84.0
48283950302,28.28965,-99.254417,La Salle County,9.966068355321791,88.0,65.0,83.0,78.0
48285000100,29.433673,-96.865768,Lavaca County,9.417310295846779,38.0,51.0,42.0,74.0
48285000200,29.450821,-96.965014,Lavaca County,9.371610419774404,49.0,47.0,48.0,33.0
48285000300,29.571078,-97.092416,Lavaca County,8.43564355945445,34.0,40.0,32.0,45.0
48285000400,29.428881,-97.163623,Lavaca County,9.3153932133913,27.0,42.0,29.0,0.0
48285000500,29.291247,-97.068859,Lavaca County,9.346864304944381,40.0,63.0,51.0,33.0
48285000600,29.292387,-97.143766,Lavaca County,9.141604952849107,68.0,78.0,75.0,76.0
48287000100,30.412732,-97.077608,Lee County,8.876713666841706,28.0,29.0,21.0,0.0
48287000200,30.325556,-96.898383,Lee County,9.915252702799346,62.0,58.0,62.0,80.0
48287000300,30.168866,-96.933699,Lee County,9.588016053378905,40.0,76.0,61.0,67.0
48287000400,30.183635,-96.932857,Lee County,9.590323740824479,70.0,69.0,73.0,81.0
48289950101,31.414167,-96.09496,Leon County,10.433328811424934,64.0,81.0,75.0,80.0
48289950102,31.485093,-95.941044,Leon County,9.19078052780682,26.0,77.0,56.0,34.0
48289950201,31.272772,-96.221858,Leon County,9.782302719090783,18.0,24.0,13.0,34.0
48289950202,31.089365,-96.16248,Leon County,10.46269549324803,22.0,54.0,36.0,0.0
48289950301,31.319889,-95.939229,Leon County,10.370443639172297,62.0,63.0,65.0,35.0
48289950302,31.219085,-95.916054,Leon County,10.517590212904262,37.0,50.0,41.0,66.0
48291700100,30.335101,-95.112293,Liberty County,10.600902634212835,56.0,73.0,66.0,72.0
48291700200,30.351222,-95.074298,Liberty County,11.39012300650363,72.0,84.0,81.0,0.0
48291700301,30.281394,-95.097943,Liberty County,10.963164976162957,73.0,87.0,83.0,89.0
48291700302,30.214939,-95.071228,Liberty County,11.586089469814546,83.0,93.0,92.0,82.0
48291700303,30.333386,-95.080077,Liberty County,10.567402954914321,69.0,92.0,86.0,91.0
48291700400,30.287286,-94.957435,Liberty County,10.024941144720435,32.0,46.0,35.0,49.0
48291700500,30.370971,-94.914898,Liberty County,11.953901772768251,46.0,30.0,34.0,59.0
48291700600,30.3911,-94.764009,Liberty County,12.389680235618005,42.0,81.0,65.0,0.0
48291700700,30.190997,-94.750585,Liberty County,11.283610934474003,59.0,84.0,75.0,54.0
48291700801,30.127876,-94.900082,Liberty County,11.215687290357705,33.0,51.0,40.0,0.0
48291700802,30.075033,-94.880157,Liberty County,11.026618944295297,39.0,43.0,38.0,67.0
48291700900,30.094855,-94.937791,Liberty County,11.094143329229034,67.0,35.0,55.0,0.0
48291701000,30.001045,-94.956384,Liberty County,10.853582286876145,69.0,43.0,61.0,43.0
48291701100,29.960975,-94.845141,Liberty County,10.742614376717636,47.0,69.0,59.0,80.0
48291701200,30.049454,-94.781381,Liberty County,11.379534907530587,45.0,69.0,58.0,75.0
48291701300,30.137371,-94.663471,Liberty County,11.448531688760301,26.0,81.0,59.0,0.0
48291701400,30.047368,-94.731103,Liberty County,11.177977209030967,64.0,76.0,73.0,86.0
48293970100,31.710456,-96.724597,Limestone County,8.19557885197925,73.0,75.0,78.0,68.0
48293970200,31.665924,-96.501976,Limestone County,8.163390570353966,53.0,71.0,64.0,48.0
48293970300,31.688993,-96.488072,Limestone County,8.340539292634027,78.0,95.0,92.0,81.0
48293970400,31.672826,-96.481801,Limestone County,8.247193584375362,70.0,96.0,90.0,58.0
48293970500,31.680017,-96.473097,Limestone County,8.163537746298713,83.0,90.0,90.0,59.0
48293970600,31.531342,-96.544099,Limestone County,8.039730673719042,58.0,64.0,63.0,49.0
48293970700,31.515367,-96.377646,Limestone County,8.081558582673294,6.0,61.0,33.0,53.0
48293970800,31.377931,-96.517486,Limestone County,8.561627135070673,27.0,67.0,48.0,75.0
48295950200,36.446609,-100.491932,Lipscomb County,6.816461599571973,68.0,64.0,69.0,84.0
48295950300,36.276751,-100.127436,Lipscomb County,7.271084877042725,28.0,40.0,29.0,57.0
48297950100,28.466437,-98.214479,Live Oak County,9.391474727740661,73.0,70.0,75.0,69.0
48297950200,28.331432,-98.118543,Live Oak County,9.134849045781046,81.0,93.0,92.0,89.0
48297950300,28.295125,-98.096097,Live Oak County,9.131489399020799,53.0,46.0,50.0,0.0
48297950400,28.139036,-97.912045,Live Oak County,8.553265323393857,28.0,48.0,35.0,0.0
48299970100,30.81462,-98.597884,Llano County,8.929886647391575,9.0,31.0,13.0,41.0
48299970200,30.749343,-98.678793,Llano County,8.8750306566542,29.0,73.0,53.0,50.0
48299970300,30.626336,-98.575896,Llano County,9.330378253601857,10.0,36.0,17.0,0.0
48299970401,30.550514,-98.405857,Llano County,9.409717971861218,15.0,21.0,9.0,0.0
48299970402,30.541263,-98.369158,Llano County,9.47114748911453,14.0,23.0,10.0,0.0
48299970501,30.666113,-98.436562,Llano County,9.730269784383008,33.0,78.0,59.0,0.0
48299970502,30.664431,-98.466277,Llano County,9.298174533727293,43.0,84.0,68.0,60.0
48299970600,30.756276,-98.451237,Llano County,9.576808529031624,34.0,42.0,34.0,45.0
48301950100,31.777896,-103.608978,Loving County,6.033673667517103,7.0,6.0,1.0,89.0
48303000100,33.625502,-101.834847,Lubbock County,7.469828415538074,80.0,56.0,75.0,72.0
48303000201,33.622253,-101.876068,Lubbock County,7.469107076537763,70.0,60.0,69.0,0.0
48303000202,33.596104,-101.863701,Lubbock County,7.3504954173854,89.0,97.0,98.0,87.0
48303000301,33.59482,-101.88156,Lubbock County,7.359283714578972,84.0,94.0,94.0,83.0
48303000303,33.610793,-101.893564,Lubbock County,7.4078768852483785,81.0,99.0,98.0,90.0
48303000304,33.603914,-101.880606,Lubbock County,7.266203819587626,93.0,97.0,98.0,89.0
48303000402,33.585097,-101.92875,Lubbock County,7.390516392127473,65.0,72.0,71.0,0.0
48303000403,33.585724,-101.915099,Lubbock County,7.390516392127473,40.0,46.0,40.0,38.0
48303000406,33.586834,-101.963311,Lubbock County,7.090335569944568,57.0,29.0,43.0,0.0
48303000407,33.586039,-101.952005,Lubbock County,7.164608753886524,61.0,67.0,66.0,0.0
48303000408,33.586712,-101.943878,Lubbock County,7.164608753886524,76.0,66.0,76.0,0.0
48303000409,33.611422,-101.921337,Lubbock County,7.229420576308523,72.0,71.0,75.0,39.0
48303000410,33.603825,-101.929929,Lubbock County,7.318543924763461,54.0,91.0,78.0,76.0
48303000411,33.596681,-101.922329,Lubbock County,7.3162995701632525,68.0,71.0,72.0,0.0
48303000501,33.583396,-101.89722,Lubbock County,7.390516392127473,59.0,79.0,72.0,74.0
48303000502,33.584108,-101.876974,Lubbock County,7.361064326829061,62.0,0.0,20.0,0.0
48303000503,33.579742,-101.872721,Lubbock County,7.430190650689609,52.0,0.0,11.0,0.0
48303000603,33.588373,-101.86646,Lubbock County,7.360787756852269,52.0,98.0,87.0,0.0
48303000605,33.587523,-101.859419,Lubbock County,7.362933042418652,54.0,99.0,95.0,43.0
48303000607,33.580881,-101.862627,Lubbock County,7.360975533599638,75.0,90.0,86.0,0.0
48303000700,33.58878,-101.846129,Lubbock County,7.366237573025396,85.0,23.0,67.0,81.0
48303000901,33.60371,-101.826061,Lubbock County,7.468783559554006,88.0,98.0,98.0,0.0
48303000902,33.60139,-101.809926,Lubbock County,7.468513061445005,94.0,94.0,96.0,76.0
48303001000,33.589294,-101.80693,Lubbock County,7.472378690511514,93.0,79.0,90.0,45.0
48303001200,33.570021,-101.820993,Lubbock County,7.362975460810046,95.0,96.0,97.0,0.0
48303001300,33.570637,-101.850097,Lubbock County,7.430190650689609,90.0,96.0,97.0,77.0
48303001401,33.570176,-101.866655,Lubbock County,7.393025096284917,63.0,90.0,80.0,0.0
48303001402,33.570419,-101.859596,Lubbock County,7.424332530697384,61.0,93.0,83.0,70.0
48303001501,33.574251,-101.878499,Lubbock County,7.393025096284917,47.0,86.0,71.0,69.0
48303001502,33.567214,-101.879128,Lubbock County,7.408035539556796,56.0,88.0,76.0,66.0
48303001601,33.569909,-101.911735,Lubbock County,7.368512228734245,69.0,84.0,80.0,52.0
48303001602,33.568215,-101.89564,Lubbock County,7.369432913894782,65.0,87.0,80.0,59.0
48303001708,33.545426,-101.930483,Lubbock County,7.437788173867608,74.0,94.0,90.0,50.0
48303001709,33.553147,-101.929307,Lubbock County,7.43436974242877,73.0,82.0,80.0,55.0
48303001710,33.566093,-101.939054,Lubbock County,7.13690510053355,56.0,69.0,64.0,0.0
48303001711,33.570109,-101.927992,Lubbock County,7.367436998573945,58.0,56.0,59.0,0.0
48303001712,33.532553,-101.930262,Lubbock County,7.472750663544041,52.0,74.0,65.0,36.0
48303001713,33.525683,-101.934142,Lubbock County,7.300176269778046,36.0,24.0,22.0,0.0
48303001714,33.571232,-101.957817,Lubbock County,7.143850217852674,64.0,87.0,79.0,39.0
48303001715,33.558931,-101.950798,Lubbock County,7.2834722441613104,70.0,25.0,53.0,0.0
48303001716,33.528238,-101.957829,Lubbock County,7.242284354717818,58.0,28.0,43.0,47.0
48303001717,33.528232,-101.9439,Lubbock County,7.252432787931936,41.0,57.0,48.0,0.0
48303001804,33.525761,-101.913085,Lubbock County,7.494980117358886,54.0,33.0,43.0,55.0
48303001805,33.558013,-101.91796,Lubbock County,7.558112637932566,80.0,41.0,69.0,92.0
48303001806,33.554411,-101.911311,Lubbock County,7.558355902926547,68.0,71.0,72.0,72.0
48303001807,33.544804,-101.912899,Lubbock County,7.437788173867608,49.0,87.0,73.0,38.0
48303001808,33.537326,-101.912956,Lubbock County,7.4356850896402324,63.0,30.0,48.0,0.0
48303001904,33.523631,-101.894233,Lubbock County,7.482753230774247,40.0,7.0,12.0,0.0
48303001905,33.559812,-101.897251,Lubbock County,7.512598579326991,65.0,71.0,70.0,40.0
48303001906,33.552618,-101.89624,Lubbock County,7.558648793920934,49.0,41.0,44.0,47.0
48303001907,33.543613,-101.897475,Lubbock County,7.438246220049047,54.0,56.0,56.0,0.0
48303001908,33.535323,-101.894688,Lubbock County,7.4356850896402324,10.0,10.0,3.0,0.0
48303002001,33.556649,-101.883142,Lubbock County,7.5225005025963645,57.0,75.0,68.0,0.0
48303002002,33.556184,-101.875077,Lubbock County,7.394498685567854,81.0,98.0,96.0,87.0
48303002102,33.523996,-101.879455,Lubbock County,7.480114583480965,50.0,27.0,35.0,0.0
48303002103,33.538772,-101.883626,Lubbock County,7.4490718927667565,61.0,67.0,66.0,47.0
48303002104,33.538205,-101.874814,Lubbock County,7.482128475202831,79.0,78.0,82.0,71.0
48303002203,33.539755,-101.865741,Lubbock County,7.601082518049147,68.0,77.0,75.0,66.0
48303002205,33.524498,-101.865379,Lubbock County,7.474810898952756,76.0,78.0,80.0,0.0
48303002206,33.523882,-101.854671,Lubbock County,7.478361002539061,71.0,53.0,67.0,39.0
48303002207,33.538649,-101.857142,Lubbock County,7.601284187483463,82.0,91.0,91.0,81.0
48303002208,33.534252,-101.853534,Lubbock County,7.601375409043534,86.0,95.0,95.0,0.0
48303002301,33.556261,-101.866284,Lubbock County,7.406978156648894,77.0,92.0,90.0,80.0
48303002302,33.556334,-101.858978,Lubbock County,7.408941888662392,82.0,97.0,95.0,59.0
48303002401,33.553137,-101.85012,Lubbock County,7.408953891572439,90.0,93.0,95.0,95.0
48303002402,33.550665,-101.84073,Lubbock County,7.402268353639311,85.0,86.0,89.0,73.0
48303002500,33.536064,-101.829191,Lubbock County,7.403004824871264,80.0,68.0,79.0,77.0
48303010101,33.675473,-101.674069,Lubbock County,7.583392580622528,35.0,17.0,17.0,0.0
48303010102,33.660292,-101.685457,Lubbock County,7.514102077397465,72.0,61.0,70.0,80.0
48303010201,33.694,-101.869447,Lubbock County,7.394987111891945,56.0,52.0,55.0,88.0
48303010202,33.801944,-101.839562,Lubbock County,7.416055606966635,73.0,32.0,59.0,67.0
48303010203,33.674617,-101.794621,Lubbock County,7.395998804616048,57.0,70.0,65.0,0.0
48303010204,33.601788,-101.755194,Lubbock County,7.599554902591944,55.0,84.0,73.0,59.0
48303010301,33.68998,-101.979843,Lubbock County,7.133864092876977,57.0,45.0,52.0,0.0
48303010302,33.69245,-101.993076,Lubbock County,7.131255836354245,47.0,43.0,43.0,0.0
48303010402,33.577533,-101.998927,Lubbock County,7.072276740560027,67.0,54.0,64.0,72.0
48303010404,33.505294,-102.009599,Lubbock County,7.187957948034435,64.0,63.0,66.0,50.0
48303010409,33.51567,-101.935689,Lubbock County,7.373714627135108,41.0,24.0,25.0,76.0
48303010410,33.511976,-101.926969,Lubbock County,7.651008430108694,57.0,37.0,47.0,89.0
48303010411,33.508409,-101.935258,Lubbock County,7.424899065017166,50.0,58.0,55.0,0.0
48303010412,33.516797,-101.982423,Lubbock County,7.243520438563724,38.0,14.0,16.0,45.0
48303010413,33.509971,-101.967727,Lubbock County,7.317025056585571,64.0,46.0,58.0,39.0
48303010414,33.514639,-101.961406,Lubbock County,7.295648412058432,45.0,36.0,37.0,55.0
48303010415,33.511595,-101.947154,Lubbock County,7.415788871067901,37.0,18.0,19.0,61.0
48303010416,33.612288,-102.019503,Lubbock County,7.1832313069373965,63.0,32.0,50.0,71.0
48303010417,33.604158,-101.953245,Lubbock County,7.078504087254087,63.0,52.0,60.0,33.0
48303010418,33.544735,-102.049536,Lubbock County,7.065708661808373,59.0,85.0,75.0,64.0
48303010419,33.54416,-101.986299,Lubbock County,7.32944214238393,47.0,6.0,17.0,60.0
48303010420,33.48968,-102.021598,Lubbock County,7.192862905002996,42.0,39.0,37.0,0.0
48303010421,33.497008,-101.956581,Lubbock County,7.376171106285049,54.0,4.0,20.0,0.0
48303010422,33.45477,-101.942733,Lubbock County,7.693430094071332,26.0,10.0,8.0,0.0
48303010423,33.446763,-102.012185,Lubbock County,7.291258257447649,50.0,55.0,53.0,0.0
48303010502,33.512813,-101.912322,Lubbock County,7.642522835841333,36.0,20.0,20.0,55.0
48303010504,33.51175,-101.895265,Lubbock County,7.547464917687444,42.0,18.0,22.0,51.0
48303010505,33.512109,-101.87894,Lubbock County,7.570574072046431,65.0,63.0,67.0,63.0
48303010506,33.512525,-101.862854,Lubbock County,7.506367385049862,64.0,65.0,67.0,48.0
48303010509,33.498297,-101.923396,Lubbock County,7.448464669028543,34.0,26.0,22.0,46.0
48303010510,33.499395,-101.895734,Lubbock County,7.591858889141946,41.0,19.0,22.0,34.0
48303010511,33.497818,-101.871623,Lubbock County,7.585799632365244,65.0,45.0,59.0,55.0
48303010512,33.472179,-101.885391,Lubbock County,7.585222802134329,45.0,21.0,26.0,39.0
48303010513,33.49946,-101.797499,Lubbock County,7.406054326997767,72.0,87.0,83.0,0.0
48303010514,33.429614,-101.874961,Lubbock County,7.646775261444335,39.0,46.0,40.0,52.0
48303010601,33.436193,-101.653498,Lubbock County,7.504351109523848,69.0,88.0,82.0,0.0
48303010602,33.432897,-101.637242,Lubbock County,7.504678694913467,72.0,62.0,71.0,44.0
48303010700,33.516411,-101.681843,Lubbock County,7.663057388637744,51.0,26.0,35.0,42.0
48303980000,33.662402,-101.822052,Lubbock County,7.393773220896042,0.0,0.0,0.0,0.0
48305950400,33.327169,-101.839497,Lynn County,7.2173834930557526,58.0,59.0,60.0,48.0
48305950500,33.167271,-101.801552,Lynn County,7.053649496575404,69.0,88.0,82.0,70.0
48305950600,33.006574,-101.806169,Lynn County,6.361838495219965,68.0,78.0,75.0,82.0
48307950300,31.129755,-99.337817,McCulloch County,6.854004133103677,65.0,72.0,71.0,48.0
48307950400,31.114125,-99.335007,McCulloch County,6.851646700844793,37.0,35.0,31.0,79.0
48307950500,31.270678,-99.348306,McCulloch County,6.731357376384769,21.0,60.0,39.0,58.0
48309000100,31.555062,-97.133036,McLennan County,7.731604458861774,66.0,98.0,92.0,88.0
48309000200,31.542172,-97.106357,McLennan County,7.952227065787908,51.0,99.0,89.0,62.0
48309000300,31.547201,-97.120562,McLennan County,7.703187418226665,50.0,0.0,9.0,0.0
48309000401,31.544853,-97.130148,McLennan County,7.726762921545665,67.0,88.0,82.0,85.0
48309000402,31.54089,-97.122841,McLennan County,7.741797250493808,53.0,99.0,91.0,58.0
48309000598,31.53369,-97.13908,McLennan County,7.748015331542429,91.0,88.0,93.0,98.0
48309000700,31.54706,-97.152503,McLennan County,7.763896772344951,80.0,80.0,84.0,84.0
48309000800,31.542504,-97.162553,McLennan County,7.977474718704915,79.0,90.0,88.0,91.0
48309000900,31.558212,-97.172415,McLennan County,7.976290854261544,76.0,72.0,78.0,95.0
48309001000,31.556373,-97.157633,McLennan County,7.7677958526286215,86.0,95.0,95.0,97.0
48309001100,31.568163,-97.167929,McLennan County,7.84585035553417,90.0,96.0,96.0,91.0
48309001200,31.561639,-97.146525,McLennan County,7.72988210740994,94.0,98.0,98.0,90.0
48309001300,31.572781,-97.157385,McLennan County,7.639828487590626,82.0,90.0,90.0,92.0
48309001401,31.575088,-97.136044,McLennan County,7.519693365505643,85.0,94.0,94.0,0.0
48309001402,31.592866,-97.124321,McLennan County,7.400877541847657,86.0,98.0,97.0,73.0
48309001500,31.568117,-97.11629,McLennan County,7.680078606147658,90.0,93.0,95.0,84.0
48309001600,31.602223,-97.102079,McLennan County,7.658433890150832,76.0,81.0,82.0,85.0
48309001700,31.603461,-97.084127,McLennan County,7.580445054952877,79.0,92.0,90.0,87.0
48309001800,31.56133,-97.080093,McLennan County,7.595300576906127,74.0,78.0,79.0,88.0
48309001900,31.532373,-97.11119,McLennan County,7.952374570012256,64.0,98.0,91.0,46.0
48309002000,31.483158,-97.115671,McLennan County,7.760465020034082,59.0,33.0,47.0,60.0
48309002100,31.513857,-97.127525,McLennan County,7.622399084730124,81.0,96.0,94.0,84.0
48309002302,31.524126,-97.185182,McLennan County,7.795344313297357,70.0,90.0,84.0,80.0
48309002498,31.535244,-97.172713,McLennan County,7.79988462780923,71.0,73.0,75.0,57.0
48309002501,31.525651,-97.202832,McLennan County,8.00027531255771,58.0,54.0,58.0,0.0
48309002503,31.511277,-97.215737,McLennan County,8.079364685200277,41.0,9.0,15.0,46.0
48309002504,31.499151,-97.237167,McLennan County,8.19687336212808,21.0,20.0,11.0,32.0
48309002600,31.543411,-97.200437,McLennan County,7.800830118876636,41.0,34.0,33.0,84.0
48309002700,31.548069,-97.178945,McLennan County,7.976773016077082,81.0,90.0,89.0,94.0
48309002800,31.561933,-97.191469,McLennan County,7.975802336018183,62.0,60.0,63.0,47.0
48309002900,31.529903,-97.287486,McLennan County,8.045479579796762,28.0,28.0,20.0,50.0
48309003000,31.583603,-97.181375,McLennan County,7.762361592967186,61.0,59.0,62.0,58.0
48309003200,31.637649,-97.099926,McLennan County,7.488514333966013,70.0,73.0,75.0,50.0
48309003300,31.637886,-97.088063,McLennan County,7.4903377285869075,59.0,98.0,90.0,0.0
48309003401,31.684538,-97.073086,McLennan County,7.572914020267683,17.0,47.0,27.0,0.0
48309003402,31.662021,-97.132094,McLennan County,7.356642719557859,39.0,50.0,43.0,41.0
48309003500,31.663437,-96.986267,McLennan County,7.569520878879185,35.0,32.0,28.0,47.0
48309003601,31.548508,-96.849148,McLennan County,7.389153669393243,61.0,71.0,68.0,38.0
48309003602,31.497227,-96.947676,McLennan County,7.716926441908826,31.0,58.0,44.0,55.0
48309003701,31.438392,-97.090333,McLennan County,7.79643633613824,51.0,43.0,46.0,74.0
48309003703,31.456634,-97.143069,McLennan County,7.621064668595592,40.0,28.0,28.0,75.0
48309003708,31.457918,-97.213756,McLennan County,7.920859403819475,48.0,22.0,30.0,36.0
48309003709,31.47216,-97.176184,McLennan County,8.068751521854688,64.0,54.0,62.0,75.0
48309003710,31.442012,-97.196812,McLennan County,8.009689776998757,36.0,52.0,42.0,65.0
48309003711,31.480012,-97.212271,McLennan County,7.8911187928688955,57.0,65.0,63.0,80.0
48309003712,31.484793,-97.22518,McLennan County,7.963569086914507,23.0,5.0,4.0,0.0
48309003801,31.3956,-97.235296,McLennan County,8.479825893264811,26.0,25.0,17.0,39.0
48309003802,31.311712,-97.308742,McLennan County,8.122894216474638,51.0,64.0,59.0,78.0
48309003901,31.463859,-97.326358,McLennan County,8.387752269674522,48.0,9.0,21.0,0.0
48309003902,31.452862,-97.383943,McLennan County,8.396509078467384,52.0,60.0,57.0,42.0
48309004000,31.563685,-97.394495,McLennan County,8.553788257617184,18.0,18.0,8.0,0.0
48309004102,31.672077,-97.305869,McLennan County,7.473320787657219,24.0,23.0,14.0,37.0
48309004104,31.627535,-97.22186,McLennan County,7.474515653972395,45.0,15.0,23.0,0.0
48309004105,31.6223,-97.248672,McLennan County,7.835450686596414,50.0,45.0,47.0,41.0
48309004201,31.799505,-97.085804,McLennan County,8.06736309677428,43.0,57.0,50.0,66.0
48309004202,31.740897,-97.183449,McLennan County,7.556717298649103,30.0,38.0,28.0,0.0
48309004300,31.516324,-97.151131,McLennan County,7.617927150259787,79.0,84.0,85.0,95.0
48309980000,31.598674,-97.209234,McLennan County,7.754652985959734,0.0,0.0,0.0,0.0
48311950100,28.438706,-98.523036,McMullen County,9.718226619493997,73.0,83.0,81.0,0.0
48313000100,30.982464,-95.725314,Madison County,10.743069192693731,75.0,75.0,79.0,0.0
48313000200,30.959505,-95.897402,Madison County,11.78160146255229,58.0,75.0,68.0,55.0
48313000300,30.926299,-96.096937,Madison County,11.029773111024594,23.0,35.0,22.0,32.0
48313000400,30.952085,-95.912293,Madison County,11.78087319517551,71.0,50.0,66.0,77.0
48315950100,32.805321,-94.199673,Marion County,10.965149096409064,44.0,63.0,54.0,62.0
48315950200,32.795904,-94.481817,Marion County,11.066217126242153,39.0,73.0,58.0,60.0
48315950300,32.789972,-94.584733,Marion County,11.111970463609193,27.0,63.0,45.0,0.0
48315950400,32.76384,-94.353383,Marion County,11.420618856996693,68.0,87.0,82.0,42.0
48317950100,32.265925,-101.89893,Martin County,6.394161774130358,59.0,59.0,61.0,47.0
48317950200,32.135813,-101.798305,Martin County,6.3869807224980555,74.0,77.0,79.0,76.0
48319950100,30.74809,-99.232897,Mason County,8.362023939829799,48.0,55.0,51.0,79.0
48319950200,30.762123,-99.204839,Mason County,8.363839265096633,3.0,28.0,9.0,66.0
48321730100,28.995045,-95.980682,Matagorda County,8.230751433232314,81.0,87.0,88.0,82.0
48321730202,29.009544,-95.851156,Matagorda County,8.412900889335607,65.0,50.0,61.0,79.0
48321730203,29.040815,-95.9046,Matagorda County,8.425405126998122,72.0,75.0,77.0,85.0
48321730204,28.991761,-95.956185,Matagorda County,8.28185068723741,83.0,70.0,81.0,61.0
48321730301,28.975338,-95.957177,Matagorda County,8.269778917628768,63.0,44.0,56.0,78.0
48321730302,28.955553,-95.96307,Matagorda County,8.234076246047593,83.0,86.0,89.0,80.0
48321730303,28.947986,-95.888926,Matagorda County,8.28322632999423,48.0,43.0,44.0,0.0
48321730400,28.964445,-95.976267,Matagorda County,8.234041141853984,84.0,90.0,91.0,71.0
48321730502,28.763996,-95.953364,Matagorda County,8.485207404892437,16.0,57.0,34.0,0.0
48321730503,28.824923,-95.655355,Matagorda County,8.116443401026348,48.0,68.0,59.0,0.0
48321730600,28.716839,-96.21541,Matagorda County,8.043381344501832,76.0,62.0,74.0,91.0
48321730700,28.900848,-96.16211,Matagorda County,8.547889408389125,51.0,79.0,68.0,73.0
48321990000,28.570587,-95.963731,Matagorda County,8.56817834777638,0.0,0.0,0.0,0.0
48323950204,28.681815,-100.491428,Maverick County,8.5035433892134,100.0,81.0,92.0,97.0
48323950206,28.659896,-100.429707,Maverick County,8.519191134457603,97.0,95.0,97.0,98.0
48323950207,28.62509,-100.415351,Maverick County,8.534235458547723,100.0,93.0,96.0,97.0
48323950208,28.692288,-100.466691,Maverick County,8.513253355062105,100.0,77.0,90.0,96.0
48323950209,28.675269,-100.479762,Maverick County,8.511738620423644,97.0,96.0,98.0,97.0
48323950301,28.729889,-100.486871,Maverick County,8.65013782955801,98.0,71.0,88.0,87.0
48323950302,28.717909,-100.482328,Maverick County,8.65013782955801,94.0,72.0,87.0,94.0
48323950400,28.713764,-100.491953,Maverick County,8.5035433892134,96.0,93.0,96.0,97.0
48323950500,28.725303,-100.500083,Maverick County,8.649955173998643,91.0,94.0,95.0,96.0
48323950601,28.702275,-100.493364,Maverick County,8.503396647195256,95.0,92.0,95.0,96.0
48323950602,28.694714,-100.481362,Maverick County,8.503579302754625,95.0,84.0,92.0,95.0
48323950701,28.737298,-100.478626,Maverick County,8.65013782955801,94.0,69.0,87.0,94.0
48323950702,28.806171,-100.519845,Maverick County,8.650059695969736,93.0,57.0,83.0,94.0
48325000101,29.328242,-98.893159,Medina County,10.205882446440922,72.0,54.0,68.0,34.0
48325000103,29.411682,-98.848705,Medina County,9.478855257352736,72.0,26.0,56.0,48.0
48325000104,29.566323,-98.864104,Medina County,8.56743073228019,52.0,23.0,34.0,0.0
48325000200,29.356219,-99.280629,Medina County,10.177529285461894,42.0,42.0,39.0,0.0
48325000301,29.468159,-99.022679,Medina County,9.88684368895478,27.0,52.0,37.0,58.0
48325000302,29.375543,-99.161277,Medina County,9.928722383960514,78.0,74.0,80.0,63.0
48325000401,29.175396,-98.838268,Medina County,10.670141646736354,82.0,43.0,72.0,82.0
48325000402,29.230544,-98.876388,Medina County,10.525159664161556,69.0,31.0,55.0,64.0
48325000500,29.311603,-99.138206,Medina County,9.859312204511173,75.0,52.0,69.0,60.0
48325000801,29.134695,-98.928226,Medina County,10.429446895092596,68.0,62.0,68.0,55.0
48325000802,29.153742,-98.903934,Medina County,10.547735522195797,76.0,50.0,69.0,85.0
48327950300,30.901087,-99.776701,Menard County,8.263179819851427,56.0,61.0,60.0,87.0
48329000100,32.029411,-102.072736,Midland County,6.464862742640811,79.0,43.0,70.0,58.0
48329000200,32.020336,-102.094364,Midland County,6.462602168529259,64.0,55.0,62.0,39.0
48329000302,32.010541,-102.131528,Midland County,6.295718850776387,67.0,33.0,54.0,54.0
48329000303,32.014752,-102.114287,Midland County,6.367825237835815,48.0,7.0,18.0,50.0
48329000304,32.024252,-102.136408,Midland County,6.227138377836377,67.0,14.0,44.0,68.0
48329000305,32.029144,-102.118207,Midland County,6.277570559854578,51.0,28.0,37.0,75.0
48329000401,31.990483,-102.143284,Midland County,6.25543236987793,73.0,37.0,61.0,53.0
48329000402,31.996687,-102.12665,Midland County,6.36003312231156,68.0,58.0,66.0,81.0
48329000500,32.000706,-102.104996,Midland County,6.476646985677056,53.0,32.0,41.0,82.0
48329000600,32.010301,-102.088299,Midland County,6.489364090872104,67.0,74.0,73.0,74.0
48329001100,31.989709,-102.10063,Midland County,6.514354758114062,79.0,47.0,71.0,70.0
48329001200,31.984545,-102.126981,Midland County,6.366553591149521,80.0,38.0,69.0,75.0
48329001300,31.976098,-102.133951,Midland County,6.301028930202346,77.0,15.0,56.0,77.0
48329001400,31.982286,-102.074974,Midland County,6.728463376827549,89.0,90.0,93.0,89.0
48329001500,31.989854,-102.060179,Midland County,6.783109977963029,94.0,93.0,96.0,85.0
48329001700,32.01471,-102.062511,Midland County,6.5406779016778325,91.0,87.0,92.0,78.0
48329010105,32.018087,-102.147827,Midland County,6.218189787766454,78.0,71.0,79.0,82.0
48329010106,32.008519,-102.14625,Midland County,6.227138377836377,59.0,64.0,64.0,52.0
48329010107,32.038156,-102.129329,Midland County,6.220813245809262,62.0,7.0,32.0,83.0
48329010108,32.045017,-102.103987,Midland County,6.257646467942474,54.0,19.0,34.0,67.0
48329010115,32.022721,-102.157413,Midland County,6.226573318482441,77.0,65.0,75.0,84.0
48329010116,32.03752,-102.157987,Midland County,6.34726510962779,55.0,18.0,33.0,53.0
48329010117,31.954672,-102.08468,Midland County,6.535499390845249,85.0,62.0,80.0,65.0
48329010118,31.943489,-102.120392,Midland County,6.301028930202346,77.0,52.0,71.0,70.0
48329010119,31.893158,-102.129383,Midland County,6.16419055744945,76.0,32.0,62.0,83.0
48329010120,32.010351,-102.168312,Midland County,6.345007572889579,43.0,1.0,7.0,0.0
48329010121,32.051909,-102.146512,Midland County,6.311389141865338,29.0,2.0,3.0,38.0
48329010122,32.028269,-102.048535,Midland County,6.479148982111473,84.0,76.0,84.0,96.0
48329010123,32.064522,-102.049147,Midland County,6.22081623608602,72.0,36.0,61.0,75.0
48329010124,31.9276,-102.003824,Midland County,6.161142831098497,80.0,59.0,76.0,0.0
48329010125,31.907467,-102.276352,Midland County,6.054698005483702,53.0,21.0,33.0,47.0
48329010126,31.981505,-102.183682,Midland County,6.307497820349469,73.0,31.0,59.0,77.0
48329010127,31.945499,-102.05031,Midland County,6.563841017242751,75.0,3.0,44.0,76.0
48329010128,32.014553,-101.973416,Midland County,6.274032212112319,53.0,1.0,12.0,0.0
48329010129,32.019793,-101.89143,Midland County,6.288262552620267,58.0,28.0,43.0,81.0
48329010200,32.010627,-102.073237,Midland County,6.643414742535863,89.0,43.0,77.0,86.0
48329980000,31.940362,-102.208139,Midland County,5.987253094508479,0.0,0.0,0.0,0.0
48331950100,30.915662,-97.003454,Milam County,7.974098358280785,58.0,58.0,60.0,75.0
48331950300,30.701831,-97.073543,Milam County,7.137743445951452,34.0,67.0,51.0,53.0
48331950401,30.853868,-96.958535,Milam County,8.145119103718695,61.0,61.0,63.0,79.0
48331950402,30.853371,-96.99324,Milam County,8.04511847354076,74.0,81.0,81.0,71.0
48331950500,30.733239,-96.808087,Milam County,8.70206015860357,42.0,54.0,47.0,44.0
48331950700,30.655742,-97.011975,Milam County,7.210141819642578,60.0,64.0,64.0,87.0
48331950800,30.602386,-97.175056,Milam County,8.396465791320823,49.0,55.0,52.0,0.0
48333950100,31.5486,-98.589671,Mills County,6.534843780135521,23.0,46.0,30.0,0.0
48333950200,31.442105,-98.571069,Mills County,6.6346155386156855,57.0,44.0,52.0,55.0
48335950200,32.399233,-100.866987,Mitchell County,6.4994263413141455,74.0,66.0,74.0,70.0
48335950400,32.367184,-100.853257,Mitchell County,6.498941199926244,50.0,47.0,48.0,57.0
48337950100,33.759607,-97.573078,Montague County,7.960637821983657,12.0,49.0,27.0,43.0
48337950200,33.814121,-97.750897,Montague County,7.671163511361008,12.0,79.0,52.0,0.0
48337950300,33.787377,-97.727083,Montague County,7.463226421414956,40.0,84.0,67.0,52.0
48337950401,33.528135,-97.887303,Montague County,7.411929711753034,38.0,32.0,30.0,52.0
48337950402,33.529784,-97.778282,Montague County,7.484618745018123,42.0,62.0,52.0,38.0
48337950501,33.565774,-97.847514,Montague County,7.420459262393102,17.0,73.0,48.0,0.0
48337950502,33.555195,-97.833663,Montague County,7.434983984105694,15.0,26.0,12.0,38.0
48337950600,33.590994,-97.643554,Montague County,7.74962737743332,5.0,42.0,19.0,0.0
48339690101,30.126773,-95.779976,Montgomery County,9.573029906031389,31.0,5.0,6.0,35.0
48339690102,30.121344,-95.73156,Montgomery County,9.902627650063206,56.0,38.0,47.0,82.0
48339690203,30.190559,-95.790296,Montgomery County,10.30087888773173,54.0,53.0,54.0,0.0
48339690204,30.187797,-95.755836,Montgomery County,10.28943054927769,17.0,38.0,21.0,0.0
48339690205,30.168749,-95.736255,Montgomery County,9.843849845785963,49.0,5.0,17.0,0.0
48339690206,30.164352,-95.702778,Montgomery County,10.194612642814548,36.0,46.0,38.0,74.0
48339690207,30.139534,-95.678523,Montgomery County,10.19955955929895,45.0,52.0,47.0,37.0
48339690300,30.205247,-95.71768,Montgomery County,10.557694216174026,55.0,78.0,69.0,72.0
48339690403,30.240576,-95.666579,Montgomery County,10.866624966334017,24.0,2.0,2.0,0.0
48339690404,30.231631,-95.582819,Montgomery County,10.920308950422447,39.0,5.0,11.0,56.0
48339690405,30.16275,-95.652267,Montgomery County,10.014932365913555,32.0,15.0,14.0,0.0
48339690406,30.215099,-95.603382,Montgomery County,10.805521461646244,39.0,5.0,10.0,80.0
48339690407,30.193398,-95.61369,Montgomery County,10.537232905643988,69.0,86.0,81.0,96.0
48339690408,30.168473,-95.625951,Montgomery County,10.341085363136981,69.0,40.0,59.0,88.0
48339690501,30.234517,-95.554175,Montgomery County,10.96381822693971,35.0,15.0,15.0,0.0
48339690502,30.252398,-95.524841,Montgomery County,11.447062346727439,26.0,11.0,8.0,0.0
48339690503,30.243176,-95.491764,Montgomery County,10.895836317485434,49.0,7.0,19.0,0.0
48339690603,30.171742,-95.562773,Montgomery County,10.448909008864323,63.0,13.0,38.0,0.0
48339690604,30.181071,-95.58501,Montgomery County,10.52434986527481,66.0,23.0,48.0,67.0
48339690605,30.186814,-95.549547,Montgomery County,10.433029832818434,46.0,1.0,9.0,0.0
48339690606,30.196084,-95.573892,Montgomery County,10.687508106452253,49.0,12.0,23.0,38.0
48339690607,30.208411,-95.53922,Montgomery County,10.713073523521604,52.0,7.0,22.0,55.0
48339690608,30.213944,-95.555435,Montgomery County,10.607626605088209,56.0,12.0,30.0,0.0
48339690609,30.212657,-95.523027,Montgomery County,10.646692331101605,30.0,12.0,11.0,49.0
48339690610,30.219854,-95.504481,Montgomery County,11.093193046846322,48.0,8.0,19.0,73.0
48339690701,30.221419,-95.468353,Montgomery County,10.691464879624904,44.0,22.0,26.0,67.0
48339690702,30.184093,-95.464822,Montgomery County,10.16717201216819,37.0,25.0,23.0,0.0
48339690800,30.199508,-95.494571,Montgomery County,10.590281755793027,57.0,11.0,31.0,65.0
48339690900,30.198362,-95.518037,Montgomery County,10.51229348135743,45.0,23.0,28.0,0.0
48339691000,30.186523,-95.511615,Montgomery County,10.431037225416503,33.0,2.0,4.0,59.0
48339691100,30.177456,-95.515376,Montgomery County,10.407891735505675,46.0,5.0,14.0,37.0
48339691201,30.174462,-95.491692,Montgomery County,10.234009243101383,21.0,4.0,3.0,0.0
48339691202,30.165205,-95.492822,Montgomery County,10.17379734845036,22.0,15.0,9.0,62.0
48339691301,30.167658,-95.519063,Montgomery County,10.363493252262643,43.0,17.0,23.0,49.0
48339691302,30.155197,-95.500329,Montgomery County,10.203006125117843,47.0,66.0,57.0,67.0
48339691401,30.137245,-95.492373,Montgomery County,9.990506298326872,60.0,49.0,57.0,61.0
48339691402,30.123307,-95.475405,Montgomery County,10.227544212296133,59.0,24.0,42.0,0.0
48339691403,30.11962,-95.45379,Montgomery County,10.056086580460459,73.0,60.0,71.0,47.0
48339691500,30.13792,-95.471273,Montgomery County,10.194922840520373,57.0,19.0,36.0,37.0
48339691601,30.149767,-95.459511,Montgomery County,10.054981959145623,40.0,36.0,34.0,72.0
48339691602,30.135018,-95.453695,Montgomery County,10.084287127669041,53.0,39.0,45.0,49.0
48339691700,30.161523,-95.46804,Montgomery County,10.224188270249297,44.0,11.0,19.0,49.0
48339691801,30.135357,-95.438698,Montgomery County,10.089019676764622,57.0,59.0,59.0,75.0
48339691802,30.163903,-95.443563,Montgomery County,10.062263723107856,39.0,25.0,25.0,34.0
48339691900,30.130697,-95.41868,Montgomery County,10.190759710912522,50.0,34.0,40.0,44.0
48339692003,30.162259,-95.411634,Montgomery County,10.54706489182007,49.0,42.0,44.0,0.0
48339692004,30.146062,-95.413523,Montgomery County,10.198459928368885,37.0,23.0,22.0,55.0
48339692005,30.135759,-95.399284,Montgomery County,10.214578423180761,66.0,4.0,34.0,79.0
48339692006,30.123847,-95.389813,Montgomery County,10.196577009984622,65.0,33.0,52.0,66.0
48339692007,30.111432,-95.40374,Montgomery County,10.177050433053092,50.0,20.0,30.0,70.0
48339692008,30.137617,-95.379117,Montgomery County,10.500196031916646,63.0,2.0,26.0,67.0
48339692009,30.097636,-95.379724,Montgomery County,10.112675415292044,56.0,2.0,19.0,52.0
48339692010,30.089378,-95.342373,Montgomery County,10.261356402460658,49.0,3.0,14.0,0.0
48339692101,30.216954,-95.426688,Montgomery County,10.458491723322524,68.0,14.0,45.0,42.0
48339692102,30.219457,-95.444053,Montgomery County,10.463045263920673,57.0,23.0,39.0,74.0
48339692103,30.200093,-95.43041,Montgomery County,10.449650919817618,73.0,30.0,59.0,45.0
48339692201,30.220454,-95.326018,Montgomery County,10.845898594304408,39.0,56.0,47.0,46.0
48339692202,30.220912,-95.371716,Montgomery County,10.293023550149217,44.0,61.0,53.0,40.0
48339692301,30.141224,-95.3141,Montgomery County,10.020397583617045,50.0,13.0,25.0,50.0
48339692302,30.104652,-95.288698,Montgomery County,10.522343837023293,78.0,64.0,76.0,94.0
48339692303,30.070087,-95.253391,Montgomery County,10.959128074114414,55.0,32.0,43.0,0.0
48339692304,30.088315,-95.258872,Montgomery County,10.651984313878813,63.0,11.0,37.0,40.0
48339692401,30.088098,-95.217552,Montgomery County,10.211465973705028,63.0,32.0,50.0,58.0
48339692402,30.062621,-95.237522,Montgomery County,10.888922695408555,58.0,14.0,34.0,0.0
48339692501,30.128473,-95.198158,Montgomery County,11.150320048955981,70.0,81.0,79.0,83.0
48339692502,30.104396,-95.213538,Montgomery County,10.182019643870184,68.0,86.0,81.0,0.0
48339692601,30.208146,-95.280687,Montgomery County,11.76143236655602,79.0,86.0,86.0,83.0
48339692603,30.164751,-95.272401,Montgomery County,10.898856876029388,71.0,58.0,69.0,71.0
48339692604,30.128836,-95.262094,Montgomery County,10.75211052335261,70.0,83.0,79.0,81.0
48339692605,30.140908,-95.237652,Montgomery County,10.951619869507145,61.0,70.0,68.0,73.0
48339692701,30.234756,-95.287108,Montgomery County,11.615819635887568,42.0,71.0,58.0,0.0
48339692702,30.201788,-95.215388,Montgomery County,11.659297305507817,54.0,46.0,51.0,88.0
48339692802,30.164182,-95.165762,Montgomery County,11.477345390110099,74.0,71.0,76.0,75.0
48339692803,30.22199,-95.144721,Montgomery County,11.662604989086182,61.0,58.0,61.0,57.0
48339692804,30.188671,-95.171204,Montgomery County,11.70303267222564,48.0,61.0,54.0,44.0
48339692900,30.280131,-95.173454,Montgomery County,11.488911244140663,30.0,61.0,45.0,55.0
48339693001,30.315496,-95.294353,Montgomery County,11.007391374912673,71.0,64.0,72.0,59.0
48339693002,30.305721,-95.353183,Montgomery County,10.702567007058953,76.0,53.0,71.0,62.0
48339693102,30.297937,-95.430814,Montgomery County,11.31755622180463,76.0,44.0,67.0,80.0
48339693103,30.304922,-95.448293,Montgomery County,11.245619767848954,91.0,93.0,95.0,85.0
48339693104,30.310173,-95.431947,Montgomery County,11.485676147608013,72.0,55.0,68.0,82.0
48339693201,30.274147,-95.436435,Montgomery County,11.299820577779533,70.0,37.0,59.0,68.0
48339693202,30.254925,-95.438648,Montgomery County,11.097453067907566,36.0,18.0,18.0,0.0
48339693301,30.300474,-95.494609,Montgomery County,11.392495983045624,29.0,8.0,7.0,57.0
48339693302,30.29718,-95.473273,Montgomery County,11.414042147839801,71.0,97.0,92.0,96.0
48339693303,30.285494,-95.470755,Montgomery County,11.347536548377253,34.0,67.0,51.0,49.0
48339693304,30.278957,-95.484361,Montgomery County,11.249602622810393,66.0,3.0,33.0,0.0
48339693401,30.301709,-95.461695,Montgomery County,11.218612259010017,84.0,93.0,93.0,81.0
48339693402,30.290426,-95.459478,Montgomery County,11.248310626637224,77.0,93.0,90.0,85.0
48339693501,30.33111,-95.47152,Montgomery County,11.57559049998369,42.0,53.0,46.0,76.0
48339693502,30.329586,-95.460475,Montgomery County,11.475342152017998,68.0,55.0,66.0,72.0
48339693503,30.320924,-95.464813,Montgomery County,11.306440550921476,57.0,63.0,62.0,73.0
48339693600,30.320589,-95.484577,Montgomery County,11.379562685465832,63.0,61.0,65.0,88.0
48339693701,30.368879,-95.540191,Montgomery County,11.650382101016692,17.0,17.0,8.0,0.0
48339693702,30.344789,-95.493304,Montgomery County,11.5648549081543,40.0,47.0,41.0,48.0
48339693703,30.334372,-95.511491,Montgomery County,11.417768539803676,53.0,26.0,38.0,41.0
48339693800,30.351364,-95.47109,Montgomery County,11.665909881688856,76.0,88.0,86.0,70.0
48339693901,30.345954,-95.431714,Montgomery County,11.583931674937636,70.0,58.0,68.0,77.0
48339693902,30.328617,-95.42869,Montgomery County,11.613409414518417,74.0,62.0,73.0,36.0
48339693903,30.324413,-95.452088,Montgomery County,11.464285699102543,94.0,96.0,98.0,96.0
48339693904,30.334015,-95.446696,Montgomery County,11.76686666973998,61.0,0.0,19.0,0.0
48339694001,30.365918,-95.377079,Montgomery County,10.6251504786672,59.0,30.0,44.0,52.0
48339694002,30.361157,-95.296594,Montgomery County,10.711820405818818,61.0,65.0,65.0,83.0
48339694103,30.411333,-95.449002,Montgomery County,11.47182553686219,66.0,37.0,55.0,0.0
48339694104,30.414924,-95.414489,Montgomery County,11.512871649915308,50.0,63.0,57.0,85.0
48339694105,30.42118,-95.476911,Montgomery County,11.633081361308113,68.0,81.0,77.0,89.0
48339694106,30.454871,-95.464999,Montgomery County,11.553604267309108,70.0,72.0,74.0,91.0
48339694107,30.451856,-95.384452,Montgomery County,11.955791454591626,20.0,32.0,18.0,0.0
48339694203,30.426896,-95.508772,Montgomery County,11.574780432696873,58.0,52.0,56.0,0.0
48339694204,30.45683,-95.554591,Montgomery County,11.51707990571068,56.0,47.0,53.0,59.0
48339694205,30.484227,-95.546274,Montgomery County,12.52373647538722,30.0,12.0,11.0,90.0
48339694206,30.415105,-95.561462,Montgomery County,11.5336999362019,15.0,4.0,2.0,0.0
48339694207,30.392608,-95.554888,Montgomery County,11.654062863295628,20.0,3.0,2.0,0.0
48339694208,30.379465,-95.500182,Montgomery County,11.587276498415333,42.0,40.0,38.0,62.0
48339694209,30.401796,-95.516667,Montgomery County,11.592680873678038,38.0,62.0,49.0,0.0
48339694210,30.427398,-95.577839,Montgomery County,11.529241705523937,32.0,3.0,5.0,0.0
48339694303,30.402887,-95.668256,Montgomery County,12.745319203209835,3.0,25.0,7.0,77.0
48339694304,30.423833,-95.628404,Montgomery County,11.442360538276944,30.0,7.0,7.0,0.0
48339694305,30.398909,-95.614371,Montgomery County,11.416599807478677,19.0,16.0,8.0,49.0
48339694306,30.392956,-95.618071,Montgomery County,11.427706870354891,29.0,24.0,18.0,49.0
48339694307,30.36503,-95.592373,Montgomery County,11.629998474213867,7.0,18.0,5.0,0.0
48339694308,30.382592,-95.639963,Montgomery County,10.948549453609765,32.0,24.0,19.0,0.0
48339694309,30.370493,-95.61111,Montgomery County,11.49761167845669,30.0,4.0,5.0,0.0
48339694401,30.332073,-95.553538,Montgomery County,11.326409336824518,34.0,43.0,34.0,77.0
48339694402,30.344371,-95.604791,Montgomery County,11.460433514076847,44.0,33.0,34.0,0.0
48339694403,30.36327,-95.634937,Montgomery County,11.498209382810817,45.0,54.0,49.0,75.0
48339694501,30.322844,-95.678642,Montgomery County,11.294142043900603,5.0,7.0,1.0,0.0
48339694502,30.283465,-95.618026,Montgomery County,11.526721013142856,38.0,29.0,27.0,56.0
48339694503,30.284184,-95.554876,Montgomery County,11.356580462421222,23.0,6.0,4.0,0.0
48339694601,30.397048,-95.750328,Montgomery County,12.585472220767583,26.0,49.0,34.0,0.0
48339694602,30.348182,-95.732224,Montgomery County,12.281351181726665,10.0,29.0,12.0,63.0
48339694603,30.280187,-95.751377,Montgomery County,11.17605204486199,37.0,37.0,32.0,0.0
48339694700,30.466189,-95.696717,Montgomery County,13.01134954022955,17.0,33.0,18.0,65.0
48341950100,36.010939,-101.815023,Moore County,5.562889072686241,71.0,73.0,75.0,90.0
48341950201,36.046061,-102.000046,Moore County,5.553752825167648,96.0,94.0,97.0,99.0
48341950202,35.862093,-101.959489,Moore County,5.344190326672794,63.0,74.0,71.0,67.0
48341950301,35.871961,-101.971371,Moore County,5.3408152415748145,90.0,81.0,89.0,89.0
48341950302,35.868907,-101.959895,Moore County,5.340801725000154,72.0,59.0,69.0,71.0
48341950400,35.854513,-101.967752,Moore County,5.326613623056858,82.0,80.0,85.0,78.0
48343950100,33.186206,-94.71832,Morris County,10.824493258283315,52.0,82.0,70.0,0.0
48343950200,32.996688,-94.724684,Morris County,10.155701283857749,47.0,60.0,54.0,0.0
48343950300,33.029589,-94.727164,Morris County,10.148895381196732,67.0,81.0,77.0,0.0
48345950100,34.013578,-100.842931,Motley County,6.562620969200003,36.0,63.0,50.0,58.0
48347950100,31.809167,-94.538232,Nacogdoches County,13.760041704515164,27.0,59.0,42.0,44.0
48347950200,31.73964,-94.827415,Nacogdoches County,13.597803096969313,26.0,55.0,38.0,53.0
48347950303,31.650353,-94.703462,Nacogdoches County,13.825601572814733,48.0,63.0,56.0,65.0
48347950304,31.554212,-94.748782,Nacogdoches County,13.921616705336167,57.0,62.0,61.0,62.0
48347950305,31.564565,-94.683931,Nacogdoches County,13.998252069906046,82.0,82.0,86.0,88.0
48347950306,31.546468,-94.611186,Nacogdoches County,14.165408444595503,73.0,56.0,69.0,84.0
48347950401,31.655874,-94.587895,Nacogdoches County,14.021511435108259,34.0,42.0,34.0,39.0
48347950402,31.730382,-94.613058,Nacogdoches County,13.912920612925634,53.0,66.0,61.0,47.0
48347950501,31.646666,-94.649472,Nacogdoches County,13.879239523796482,48.0,87.0,73.0,54.0
48347950502,31.636618,-94.629583,Nacogdoches County,13.949287001763851,29.0,46.0,34.0,0.0
48347950600,31.622481,-94.650293,Nacogdoches County,13.869348616073706,61.0,98.0,89.0,36.0
48347950700,31.620927,-94.66838,Nacogdoches County,13.862363093916343,76.0,97.0,93.0,72.0
48347950800,31.591192,-94.668099,Nacogdoches County,13.979726103815475,67.0,77.0,74.0,85.0
48347950900,31.590192,-94.637162,Nacogdoches County,14.143207222982772,92.0,98.0,98.0,75.0
48347951001,31.611768,-94.651672,Nacogdoches County,13.870168354006154,58.0,94.0,83.0,0.0
48347951002,31.605803,-94.628906,Nacogdoches County,14.072773510883932,74.0,91.0,87.0,56.0
48347951100,31.500768,-94.427733,Nacogdoches County,14.001382976960732,30.0,67.0,50.0,42.0
48349970100,32.226542,-96.467734,Navarro County,8.380183713935077,69.0,70.0,73.0,86.0
48349970200,32.120361,-96.481959,Navarro County,8.450129013787722,63.0,26.0,46.0,46.0
48349970301,32.107895,-96.526497,Navarro County,8.374153180551716,61.0,69.0,67.0,80.0
48349970302,32.076958,-96.517536,Navarro County,8.357671480312618,70.0,90.0,84.0,79.0
48349970400,32.045866,-96.729865,Navarro County,8.19133525680835,29.0,49.0,36.0,42.0
48349970500,32.103037,-96.481744,Navarro County,8.365349251013786,66.0,81.0,76.0,73.0
48349970600,32.118918,-96.227986,Navarro County,8.573555046059326,53.0,68.0,62.0,61.0
48349970701,32.031551,-96.354693,Navarro County,8.573991213566856,54.0,71.0,64.0,57.0
48349970800,32.091268,-96.473771,Navarro County,8.365349251013786,67.0,79.0,75.0,78.0
48349970901,32.042036,-96.497938,Navarro County,8.165297782864148,73.0,84.0,82.0,81.0
48349970902,32.081206,-96.474218,Navarro County,8.365349251013786,89.0,88.0,92.0,86.0
48349971000,31.907375,-96.608187,Navarro County,8.435116605364552,45.0,80.0,66.0,37.0
48351950100,31.056232,-93.657101,Newton County,11.665893999155532,41.0,85.0,68.0,0.0
48351950201,30.868013,-93.76223,Newton County,11.841754790131032,56.0,84.0,73.0,0.0
48351950202,30.770863,-93.724003,Newton County,11.462493376955635,49.0,85.0,71.0,0.0
48351950300,30.605449,-93.80412,Newton County,11.11071558399147,36.0,79.0,61.0,0.0
48351950400,30.286241,-93.793443,Newton County,11.544453432038663,3.0,71.0,41.0,0.0
48353950100,32.46216,-100.365511,Nolan County,7.069945364507956,28.0,39.0,28.0,48.0
48353950200,32.48359,-100.397095,Nolan County,7.066882527302613,54.0,79.0,69.0,74.0
48353950300,32.471375,-100.414428,Nolan County,7.072154151601306,76.0,97.0,94.0,82.0
48353950400,32.460585,-100.399443,Nolan County,7.070009072308159,76.0,82.0,83.0,83.0
48353950500,32.3608,-100.485091,Nolan County,7.070953643475016,54.0,64.0,60.0,56.0
48355000500,27.801064,-97.419091,Nueces County,7.142714729233515,88.0,93.0,94.0,0.0
48355000601,27.792109,-97.435173,Nueces County,7.1301498387153215,94.0,93.0,96.0,76.0
48355000602,27.799939,-97.435195,Nueces County,7.16072952592614,95.0,81.0,91.0,84.0
48355000700,27.803216,-97.468527,Nueces County,7.097843323328775,89.0,94.0,95.0,89.0
48355000800,27.773212,-97.485943,Nueces County,7.086683065785778,86.0,90.0,92.0,80.0
48355000900,27.782125,-97.427654,Nueces County,7.1301498387153215,96.0,97.0,98.0,89.0
48355001000,27.782857,-97.413507,Nueces County,7.142699825426437,89.0,99.0,99.0,75.0
48355001100,27.792482,-97.410614,Nueces County,7.14274480900567,86.0,98.0,97.0,78.0
48355001201,27.783934,-97.398288,Nueces County,7.143888617928307,79.0,83.0,85.0,90.0
48355001202,27.779902,-97.401756,Nueces County,7.142758371682961,81.0,93.0,92.0,82.0
48355001300,27.773052,-97.410093,Nueces County,7.142699825426437,94.0,88.0,93.0,87.0
48355001400,27.766158,-97.395465,Nueces County,7.1427133881037275,75.0,34.0,62.0,62.0
48355001500,27.762898,-97.415808,Nueces County,7.1112751504431975,90.0,99.0,99.0,64.0
48355001601,27.772733,-97.430876,Nueces County,7.129334930715051,97.0,94.0,97.0,79.0
48355001602,27.764036,-97.423839,Nueces County,7.129334930715051,96.0,70.0,88.0,85.0
48355001702,27.731057,-97.463101,Nueces County,7.075682622943675,96.0,68.0,87.0,54.0
48355001703,27.752029,-97.446707,Nueces County,7.117615772397053,94.0,81.0,91.0,61.0
48355001704,27.756726,-97.442068,Nueces County,7.117615772397053,92.0,82.0,90.0,49.0
48355001801,27.749453,-97.430251,Nueces County,7.128806200624527,94.0,83.0,91.0,81.0
48355001802,27.727676,-97.444293,Nueces County,7.117615772397053,93.0,62.0,85.0,80.0
48355001903,27.737065,-97.418361,Nueces County,7.1044824113236515,91.0,79.0,89.0,93.0
48355001904,27.742874,-97.413468,Nueces County,7.1112751504431975,92.0,77.0,88.0,81.0
48355001905,27.726765,-97.42065,Nueces County,7.118014020497472,95.0,66.0,86.0,83.0
48355001906,27.717085,-97.429568,Nueces County,7.1181445933999,89.0,61.0,82.0,67.0
48355002001,27.756083,-97.404868,Nueces County,7.112090058443467,91.0,92.0,94.0,77.0
48355002002,27.749627,-97.409274,Nueces County,7.1112751504431975,90.0,89.0,93.0,74.0
48355002101,27.750302,-97.390701,Nueces County,7.1116346440934315,81.0,66.0,79.0,76.0
48355002102,27.755393,-97.383074,Nueces County,7.141759967035718,61.0,41.0,53.0,64.0
48355002200,27.740755,-97.396843,Nueces County,7.111288713120488,84.0,86.0,89.0,84.0
48355002301,27.729712,-97.402234,Nueces County,7.111288713120488,88.0,74.0,86.0,85.0
48355002303,27.719144,-97.408783,Nueces County,7.100172392386483,87.0,73.0,85.0,81.0
48355002304,27.710299,-97.41284,Nueces County,7.100172392386483,87.0,51.0,78.0,68.0
48355002400,27.723887,-97.386134,Nueces County,7.11033529205248,77.0,76.0,80.0,74.0
48355002500,27.736606,-97.377885,Nueces County,7.111135226139942,67.0,65.0,69.0,0.0
48355002601,27.732134,-97.365828,Nueces County,7.141084408084535,68.0,67.0,70.0,44.0
48355002602,27.71498,-97.367428,Nueces County,7.1096597331012985,82.0,48.0,73.0,69.0
48355002603,27.724032,-97.3692,Nueces County,7.1096597331012985,72.0,55.0,68.0,40.0
48355002703,27.708109,-97.354107,Nueces County,7.0733465770961725,80.0,68.0,79.0,0.0
48355002705,27.721184,-97.35157,Nueces County,7.104771252079408,63.0,39.0,53.0,63.0
48355002706,27.712231,-97.324642,Nueces County,7.021971397452508,63.0,0.0,21.0,0.0
48355002707,27.694595,-97.338681,Nueces County,7.055539599237982,79.0,60.0,76.0,80.0
48355002708,27.696842,-97.33223,Nueces County,7.055544180965099,66.0,45.0,59.0,57.0
48355002900,27.690895,-97.263858,Nueces County,6.960570129930896,50.0,57.0,54.0,0.0
48355003002,27.659568,-97.294493,Nueces County,6.986155280681101,60.0,66.0,65.0,46.0
48355003003,27.679443,-97.298874,Nueces County,6.990807682898272,75.0,72.0,77.0,36.0
48355003004,27.675088,-97.283895,Nueces County,6.984759707382022,72.0,97.0,92.0,70.0
48355003101,27.629689,-97.297828,Nueces County,6.981979118971147,50.0,50.0,50.0,0.0
48355003102,27.646654,-97.309849,Nueces County,6.980172562214506,48.0,41.0,43.0,62.0
48355003202,27.675048,-97.339432,Nueces County,7.044374898942118,79.0,23.0,62.0,73.0
48355003204,27.682737,-97.357673,Nueces County,7.062403777738685,77.0,28.0,62.0,63.0
48355003205,27.696755,-97.35244,Nueces County,7.0733465770961725,84.0,80.0,86.0,85.0
48355003206,27.692886,-97.356686,Nueces County,7.073568478034545,83.0,68.0,81.0,85.0
48355003303,27.705524,-97.380966,Nueces County,7.102997255533564,84.0,76.0,84.0,50.0
48355003304,27.69597,-97.384743,Nueces County,7.099232533995767,75.0,64.0,74.0,83.0
48355003305,27.69877,-97.368404,Nueces County,7.1091310030107735,85.0,92.0,92.0,84.0
48355003306,27.685182,-97.368835,Nueces County,7.098556975044586,80.0,70.0,80.0,46.0
48355003401,27.71317,-97.395504,Nueces County,7.100185955063774,81.0,68.0,80.0,77.0
48355003402,27.702563,-97.40185,Nueces County,7.100185955063774,80.0,58.0,75.0,45.0
48355003500,27.816668,-97.532234,Nueces County,7.108668745298711,83.0,67.0,81.0,54.0
48355003601,27.846312,-97.597949,Nueces County,7.833207416849037,73.0,81.0,81.0,64.0
48355003602,27.838148,-97.581698,Nueces County,7.82967739663457,80.0,61.0,77.0,38.0
48355003603,27.83051,-97.563275,Nueces County,7.811863062105311,77.0,22.0,59.0,56.0
48355003700,27.86009,-97.621471,Nueces County,7.906201208132107,76.0,39.0,65.0,66.0
48355005103,27.816597,-97.079057,Nueces County,7.173656957243615,35.0,52.0,42.0,0.0
48355005104,27.832696,-97.061381,Nueces County,7.205128362947219,2.0,38.0,14.0,0.0
48355005404,27.660153,-97.35606,Nueces County,7.062615665789695,69.0,20.0,50.0,36.0
48355005406,27.675074,-97.46703,Nueces County,7.788701168056272,72.0,23.0,55.0,58.0
48355005407,27.69138,-97.413763,Nueces County,7.087743046317632,76.0,31.0,62.0,53.0
48355005408,27.687223,-97.406326,Nueces County,7.088660179331842,84.0,60.0,79.0,68.0
48355005409,27.678674,-97.414424,Nueces County,7.108502953376891,77.0,20.0,58.0,63.0
48355005410,27.680092,-97.397325,Nueces County,7.087756608994924,81.0,63.0,78.0,32.0
48355005411,27.686358,-97.394303,Nueces County,7.100185955063774,77.0,22.0,59.0,65.0
48355005412,27.670614,-97.402213,Nueces County,7.1087284041051895,76.0,21.0,58.0,75.0
48355005413,27.679581,-97.37972,Nueces County,7.09921756008296,75.0,61.0,73.0,66.0
48355005414,27.666324,-97.370163,Nueces County,7.098768863095595,78.0,12.0,55.0,61.0
48355005415,27.669532,-97.383173,Nueces County,7.0870150759779245,78.0,10.0,54.0,0.0
48355005416,27.655663,-97.391878,Nueces County,7.108259427077863,69.0,16.0,47.0,56.0
48355005417,27.646045,-97.375634,Nueces County,7.107503429206311,75.0,19.0,56.0,51.0
48355005603,27.796977,-97.67375,Nueces County,7.971352702153757,95.0,76.0,89.0,66.0
48355005604,27.799274,-97.66257,Nueces County,7.967495565325082,95.0,51.0,82.0,91.0
48355005605,27.791581,-97.67855,Nueces County,7.971476804451618,93.0,92.0,95.0,82.0
48355005606,27.783609,-97.658455,Nueces County,7.967327860947429,89.0,24.0,71.0,98.0
48355005801,27.866572,-97.660769,Nueces County,7.960454008024074,62.0,15.0,39.0,0.0
48355005803,27.862579,-97.830995,Nueces County,8.326257421671489,77.0,71.0,78.0,72.0
48355005804,27.838206,-97.655142,Nueces County,7.952342830555638,79.0,18.0,59.0,89.0
48355005900,27.747046,-97.766507,Nueces County,8.151658193126638,85.0,78.0,86.0,91.0
48355006000,27.657363,-97.698441,Nueces County,7.942298415254225,87.0,82.0,88.0,83.0
48355006100,27.583819,-97.797793,Nueces County,8.308825927471487,82.0,68.0,81.0,64.0
48355006201,27.590017,-97.229568,Nueces County,6.999063812125583,40.0,17.0,20.0,0.0
48355006202,27.59825,-97.236699,Nueces County,7.045300704947801,52.0,8.0,23.0,55.0
48355006203,27.608493,-97.231771,Nueces County,6.989926553229869,21.0,5.0,3.0,39.0
48355006204,27.615211,-97.234965,Nueces County,7.0361634460520825,60.0,7.0,30.0,42.0
48355006205,27.663486,-97.179885,Nueces County,7.0261444815273695,30.0,45.0,34.0,0.0
48355006300,27.84441,-97.525617,Nueces County,7.098854047189735,80.0,93.0,91.0,73.0
48355006400,27.795811,-97.399366,Nueces County,7.144785830924258,67.0,78.0,75.0,84.0
48355980000,27.773291,-97.505986,Nueces County,7.10877501594397,0.0,0.0,0.0,0.0
48355990000,27.702657,-97.10937,Nueces County,7.15452192660951,0.0,0.0,0.0,0.0
48357950100,36.341976,-100.819434,Ochiltree County,6.4137736280287765,42.0,44.0,41.0,0.0
48357950300,36.392802,-100.803673,Ochiltree County,6.282403587624513,81.0,89.0,89.0,95.0
48357950400,36.386294,-100.811482,Ochiltree County,6.282403587624513,69.0,68.0,71.0,67.0
48359950100,35.291939,-102.40757,Oldham County,5.44732221072391,51.0,67.0,60.0,50.0
48361020200,30.106833,-93.735635,Orange County,10.518383538609998,83.0,82.0,86.0,46.0
48361020300,30.079434,-93.766137,Orange County,10.376739320925443,55.0,66.0,62.0,52.0
48361020500,30.081318,-93.758953,Orange County,10.360657063121712,46.0,66.0,57.0,41.0
48361020700,30.102553,-93.795624,Orange County,10.373616393108819,29.0,86.0,65.0,52.0
48361020800,30.108847,-93.771128,Orange County,10.470685889509907,55.0,71.0,65.0,0.0
48361020900,30.109349,-93.750927,Orange County,10.49616090194598,80.0,87.0,87.0,0.0
48361021000,30.155345,-93.741738,Orange County,10.43295246486134,19.0,25.0,14.0,36.0
48361021100,30.215946,-93.756396,Orange County,10.911216994994641,20.0,53.0,34.0,0.0
48361021200,30.204845,-93.824672,Orange County,11.287580097949586,23.0,50.0,33.0,33.0
48361021300,30.138553,-93.766076,Orange County,10.443471555987093,29.0,30.0,22.0,0.0
48361021400,30.154481,-93.868895,Orange County,10.869764231476049,31.0,24.0,19.0,0.0
48361021501,30.216406,-93.896773,Orange County,11.492448288049822,24.0,33.0,21.0,45.0
48361021503,30.197458,-93.980133,Orange County,11.353240347077117,31.0,31.0,24.0,63.0
48361021504,30.162931,-94.008792,Orange County,11.202185445181401,26.0,46.0,32.0,0.0
48361021600,30.200186,-94.046679,Orange County,11.658282267923898,23.0,38.0,24.0,0.0
48361021700,30.141548,-94.026353,Orange County,11.199722795929638,19.0,38.0,22.0,48.0
48361021800,30.144395,-93.96366,Orange County,11.37124525426802,32.0,24.0,20.0,0.0
48361021901,30.105526,-93.96369,Orange County,11.373043722279244,2.0,19.0,4.0,0.0
48361021902,30.119132,-93.997851,Orange County,11.368152279581372,10.0,77.0,49.0,0.0
48361022000,30.110504,-94.019434,Orange County,11.215626510668605,11.0,67.0,41.0,0.0
48361022200,30.070801,-93.890468,Orange County,10.778193327074595,14.0,21.0,9.0,47.0
48361022301,30.045962,-93.847485,Orange County,10.285360075194571,30.0,23.0,17.0,76.0
48361022302,30.034214,-93.867929,Orange County,10.069664453725274,17.0,39.0,21.0,84.0
48361022400,30.030264,-93.825301,Orange County,10.078639910599662,25.0,53.0,36.0,57.0
48363000100,32.929124,-98.327494,Palo Pinto County,7.949089207057722,14.0,60.0,36.0,33.0
48363000200,32.612951,-98.437241,Palo Pinto County,7.452244739329037,27.0,61.0,43.0,66.0
48363000300,32.63691,-98.212083,Palo Pinto County,7.87125000865804,26.0,30.0,21.0,63.0
48363000401,32.854142,-98.11355,Palo Pinto County,7.510289709923785,14.0,31.0,15.0,52.0
48363000402,32.760583,-98.109725,Palo Pinto County,7.16772357966554,31.0,81.0,60.0,0.0
48363000500,32.818979,-98.116802,Palo Pinto County,7.191329703978719,49.0,78.0,66.0,54.0
48363000600,32.818358,-98.089046,Palo Pinto County,7.446563576213685,38.0,69.0,55.0,49.0
48363000700,32.798147,-98.090631,Palo Pinto County,7.146491792489057,55.0,47.0,52.0,75.0
48363000800,32.799024,-98.104453,Palo Pinto County,7.162517367150553,73.0,90.0,86.0,75.0
48363000900,32.799096,-98.12074,Palo Pinto County,7.133273313225648,59.0,83.0,74.0,69.0
48365950100,32.252493,-94.139468,Panola County,12.290793965999566,46.0,55.0,50.0,51.0
48365950200,32.246911,-94.452062,Panola County,13.673875072113226,34.0,54.0,43.0,35.0
48365950300,32.160208,-94.377589,Panola County,13.492407658791839,51.0,51.0,51.0,55.0
48365950401,32.146669,-94.34635,Panola County,13.68402873754735,56.0,80.0,71.0,63.0
48365950402,32.161858,-94.347119,Panola County,13.384908795814587,47.0,67.0,58.0,59.0
48365950500,32.047182,-94.473494,Panola County,13.786318461766289,24.0,72.0,51.0,0.0
48365950600,32.03691,-94.287101,Panola County,13.484931304509761,35.0,63.0,49.0,0.0
48367140101,32.754506,-97.758503,Parker County,8.395359833377825,40.0,55.0,46.0,40.0
48367140102,32.769878,-97.788537,Parker County,8.809272281831799,56.0,73.0,66.0,45.0
48367140201,32.749074,-97.799673,Parker County,8.674944777427786,31.0,58.0,43.0,61.0
48367140202,32.741506,-97.781538,Parker County,8.743357997884928,21.0,35.0,21.0,0.0
48367140300,32.753791,-97.815353,Parker County,8.590756871080107,39.0,42.0,37.0,72.0
48367140403,32.97233,-97.675971,Parker County,7.79397830250176,27.0,35.0,24.0,44.0
48367140408,32.892496,-97.584694,Parker County,7.825144834907826,31.0,20.0,16.0,0.0
48367140409,32.91686,-97.633037,Parker County,7.708658114831399,28.0,68.0,49.0,52.0
48367140410,32.94572,-97.74896,Parker County,7.818218867300157,47.0,26.0,32.0,0.0
48367140411,32.870129,-97.720475,Parker County,8.061813754051691,29.0,45.0,33.0,37.0
48367140412,32.924464,-97.576337,Parker County,7.5079014901170344,29.0,41.0,30.0,62.0
48367140413,32.970357,-97.576776,Parker County,7.8536566832103025,26.0,42.0,29.0,63.0
48367140414,32.845692,-97.584006,Parker County,8.52698494565749,34.0,9.0,11.0,0.0
48367140415,32.836972,-97.676828,Parker County,8.420646470321588,34.0,51.0,40.0,52.0
48367140416,32.803004,-97.589447,Parker County,8.34627598642082,31.0,11.0,10.0,0.0
48367140502,32.844008,-97.935469,Parker County,7.581408782087287,19.0,22.0,11.0,33.0
48367140503,32.834413,-97.816953,Parker County,8.407859467111473,34.0,54.0,42.0,65.0
48367140504,32.927408,-97.856478,Parker County,6.88699440861033,25.0,54.0,37.0,37.0
48367140601,32.725438,-97.929449,Parker County,8.074260609855738,36.0,49.0,40.0,32.0
48367140603,32.649429,-97.864973,Parker County,8.799795397160668,42.0,55.0,47.0,84.0
48367140604,32.613492,-97.778406,Parker County,9.145208391928097,31.0,41.0,31.0,86.0
48367140707,32.713211,-97.623443,Parker County,8.214148963133276,24.0,17.0,11.0,0.0
48367140708,32.728908,-97.734761,Parker County,8.829794590457182,21.0,7.0,4.0,57.0
48367140709,32.683187,-97.643166,Parker County,8.270051870454678,19.0,3.0,2.0,36.0
48367140710,32.667631,-97.632336,Parker County,8.258427696306573,37.0,11.0,14.0,0.0
48367140711,32.765427,-97.702341,Parker County,8.801940417886929,21.0,28.0,16.0,49.0
48367140712,32.745095,-97.694727,Parker County,8.690599357399611,30.0,22.0,17.0,60.0
48367140713,32.687613,-97.580159,Parker County,8.57496943588442,31.0,5.0,7.0,33.0
48367140714,32.752581,-97.642447,Parker County,8.070422517436125,14.0,22.0,9.0,37.0
48369950200,34.640313,-102.722489,Parmer County,5.332246446134781,79.0,59.0,76.0,89.0
48369950300,34.440747,-102.908925,Parmer County,5.287018495023547,73.0,76.0,78.0,87.0
48371950100,30.986426,-102.239707,Pecos County,5.898968609068795,59.0,51.0,57.0,54.0
48371950300,30.889944,-102.879631,Pecos County,5.247457982628833,91.0,93.0,95.0,77.0
48371950400,30.891902,-102.894009,Pecos County,5.247457982628833,82.0,57.0,76.0,80.0
48371950500,30.867477,-102.89292,Pecos County,5.175050135962524,84.0,91.0,91.0,72.0
48371980000,30.899916,-102.864366,Pecos County,5.2474759619404345,81.0,0.0,47.0,0.0
48373210103,30.65291,-94.924464,Polk County,12.296419538863814,46.0,56.0,51.0,0.0
48373210104,30.618599,-94.708417,Polk County,12.827875836407719,16.0,58.0,35.0,0.0
48373210105,30.6789,-94.87444,Polk County,12.449214867846626,32.0,34.0,27.0,80.0
48373210106,30.612745,-94.870213,Polk County,12.113874648807743,27.0,44.0,31.0,0.0
48373210203,30.709478,-95.01593,Polk County,12.449199540218796,66.0,89.0,81.0,50.0
48373210204,30.669924,-94.974055,Polk County,12.303240607465314,56.0,76.0,68.0,43.0
48373210205,30.718562,-95.084136,Polk County,12.451159890401751,24.0,78.0,55.0,0.0
48373210206,30.788924,-95.078096,Polk County,12.767160877750099,7.0,73.0,44.0,37.0
48373210301,30.831076,-95.115246,Polk County,13.023122040498494,24.0,84.0,62.0,0.0
48373210302,30.772876,-94.955002,Polk County,12.700869134165261,49.0,74.0,64.0,65.0
48373210401,30.988439,-94.779222,Polk County,12.984990975652837,65.0,82.0,76.0,52.0
48373210402,30.994136,-94.856977,Polk County,12.711719173790204,60.0,77.0,71.0,0.0
48373210500,30.74654,-94.835044,Polk County,12.571071086883205,48.0,68.0,59.0,46.0
48375010100,35.185862,-101.90958,Potter County,4.549788880165368,59.0,63.0,63.0,80.0
48375010200,35.18632,-101.893209,Potter County,4.436997158074779,42.0,25.0,27.0,39.0
48375010300,35.184903,-101.872462,Potter County,4.433505626695494,66.0,98.0,93.0,75.0
48375010400,35.18883,-101.856803,Potter County,4.454015917338735,32.0,32.0,25.0,42.0
48375010600,35.186963,-101.823086,Potter County,4.647923893683117,89.0,96.0,96.0,93.0
48375010700,35.187931,-101.803206,Potter County,4.5263837992360445,72.0,66.0,73.0,71.0
48375011000,35.201822,-101.805812,Potter County,4.5453500344523565,71.0,86.0,82.0,76.0
48375011500,35.201611,-101.856816,Potter County,4.3769417117419005,50.0,79.0,68.0,0.0
48375011600,35.197302,-101.879324,Potter County,4.4392897494438035,65.0,84.0,78.0,59.0
48375011700,35.194901,-101.912098,Potter County,4.538230204186247,66.0,92.0,84.0,66.0
48375011800,35.201421,-101.894245,Potter County,4.3786955926557924,63.0,78.0,73.0,70.0
48375011900,35.206939,-101.875541,Potter County,4.479513718491977,60.0,88.0,78.0,46.0
48375012000,35.215323,-101.861471,Potter County,4.463326082518407,78.0,98.0,95.0,83.0
48375012200,35.218875,-101.816353,Potter County,4.46563037309147,85.0,95.0,94.0,82.0
48375012600,35.229455,-101.789782,Potter County,4.47515851245709,81.0,94.0,93.0,77.0
48375012800,35.22942,-101.822534,Potter County,4.410624185679542,83.0,92.0,91.0,92.0
48375013000,35.229243,-101.853897,Potter County,4.395654426795952,91.0,96.0,97.0,0.0
48375013200,35.214669,-101.892549,Potter County,4.397810304542805,48.0,47.0,46.0,0.0
48375013300,35.231229,-101.908886,Potter County,4.4259986781514575,25.0,8.0,6.0,0.0
48375013400,35.293355,-101.863438,Potter County,4.459623242611105,27.0,56.0,40.0,71.0
48375013900,35.24272,-101.82418,Potter County,4.340882219260817,87.0,96.0,96.0,70.0
48375014100,35.245494,-101.787049,Potter County,4.377694738771552,79.0,87.0,87.0,88.0
48375014300,35.260512,-101.96485,Potter County,4.133442727790058,32.0,22.0,18.0,54.0
48375014401,35.236852,-101.714622,Potter County,4.595838853321359,74.0,80.0,80.0,76.0
48375014500,35.195996,-101.784467,Potter County,4.606970094505042,82.0,90.0,90.0,83.0
48375014701,35.197917,-101.840388,Potter County,4.4396173613342205,30.0,79.0,59.0,0.0
48375014702,35.18803,-101.841356,Potter County,4.64794355759732,72.0,57.0,69.0,0.0
48375014800,35.225673,-101.839911,Potter County,4.412897698601582,91.0,95.0,96.0,64.0
48375014900,35.227045,-101.769195,Potter County,4.484733057351476,90.0,91.0,94.0,96.0
48375015000,35.232953,-101.80341,Potter County,4.370888267049,87.0,95.0,95.0,89.0
48375015100,35.281231,-101.820816,Potter County,4.43925881873204,54.0,49.0,52.0,0.0
48375015200,35.257526,-101.829041,Potter County,4.583180116739471,63.0,90.0,81.0,59.0
48375015300,35.217258,-101.875029,Potter County,4.41213968071854,70.0,92.0,86.0,68.0
48375015400,35.202406,-101.824815,Potter County,4.445558642781462,89.0,94.0,95.0,92.0
48375980000,35.220442,-101.708078,Potter County,4.610024083843009,72.0,0.0,34.0,0.0
48377950100,30.297242,-104.061356,Presidio County,3.4250381942321693,71.0,76.0,77.0,95.0
48377950200,29.565225,-104.360544,Presidio County,2.380356626356239,100.0,99.0,99.0,97.0
48379950101,32.899955,-95.730254,Rains County,9.508866056640379,27.0,62.0,44.0,64.0
48379950102,32.835279,-95.738657,Rains County,9.312276265285647,10.0,33.0,14.0,56.0
48379950200,32.898847,-95.888394,Rains County,9.994848073026029,34.0,58.0,45.0,69.0
48381020100,35.179929,-101.91159,Randall County,4.552552223545438,34.0,33.0,27.0,0.0
48381020200,35.17957,-101.891042,Randall County,4.413543458055893,59.0,61.0,62.0,44.0
48381020300,35.180734,-101.874577,Randall County,4.43980359579925,54.0,62.0,59.0,79.0
48381020400,35.178258,-101.85821,Randall County,4.659129309719083,17.0,15.0,7.0,0.0
48381020500,35.17333,-101.844356,Randall County,4.682133880707884,65.0,83.0,77.0,38.0
48381020600,35.180966,-101.794856,Randall County,4.524720097242126,70.0,71.0,74.0,69.0
48381020800,35.157115,-101.856876,Randall County,4.955004383819187,49.0,35.0,39.0,38.0
48381020900,35.169805,-101.855089,Randall County,4.67452293154193,72.0,89.0,85.0,0.0
48381021000,35.154813,-101.872014,Randall County,4.930526175098134,49.0,60.0,55.0,47.0
48381021101,35.172055,-101.875522,Randall County,4.470019471332491,47.0,48.0,46.0,62.0
48381021102,35.160678,-101.880619,Randall County,4.814326687195714,63.0,90.0,81.0,63.0
48381021200,35.169268,-101.892794,Randall County,4.521330321995467,53.0,70.0,63.0,56.0
48381021300,35.153901,-101.893138,Randall County,4.747557051332499,39.0,40.0,36.0,0.0
48381021500,35.132044,-101.892534,Randall County,4.768537888892062,49.0,14.0,25.0,0.0
48381021602,35.168127,-101.911244,Randall County,4.553602592726907,52.0,36.0,43.0,67.0
48381021603,35.1799,-101.929545,Randall County,4.544166317708304,47.0,27.0,33.0,49.0
48381021604,35.169387,-101.92834,Randall County,4.632066626965062,37.0,50.0,41.0,0.0
48381021605,35.15094,-101.911771,Randall County,4.788431312175538,40.0,12.0,17.0,0.0
48381021606,35.139029,-101.910946,Randall County,4.747526480802785,32.0,15.0,14.0,0.0
48381021609,35.146827,-101.927018,Randall County,4.787243142230612,24.0,11.0,7.0,45.0
48381021610,35.126129,-101.910974,Randall County,4.768303226478164,22.0,41.0,26.0,0.0
48381021611,35.134963,-101.941503,Randall County,4.520920004195348,40.0,19.0,21.0,61.0
48381021702,35.080752,-101.788797,Randall County,4.835273252972354,52.0,45.0,48.0,42.0
48381021705,35.064438,-101.903723,Randall County,4.924737232097619,46.0,45.0,44.0,62.0
48381021706,35.06623,-101.882821,Randall County,4.98821622376051,42.0,36.0,35.0,63.0
48381021707,35.040999,-101.931235,Randall County,4.626503608962049,41.0,3.0,10.0,0.0
48381021708,35.088002,-101.997908,Randall County,4.693552335126563,41.0,6.0,13.0,0.0
48381021802,34.979199,-101.910838,Randall County,5.0919282212216475,49.0,64.0,57.0,61.0
48381021803,34.984652,-101.927222,Randall County,4.997818752690121,37.0,34.0,30.0,0.0
48381021804,34.974651,-101.934931,Randall County,4.856882712875759,27.0,64.0,46.0,78.0
48381021900,34.970338,-101.904497,Randall County,5.097343340509053,28.0,24.0,17.0,38.0
48381022001,35.135931,-101.868905,Randall County,4.815167081548245,60.0,8.0,31.0,40.0
48381022002,35.161223,-101.813696,Randall County,4.955032047817711,73.0,53.0,68.0,57.0
48383950100,31.214335,-101.466333,Reagan County,6.50935432278743,82.0,66.0,80.0,82.0
48385950100,29.723692,-99.823692,Real County,9.702983358975168,43.0,84.0,68.0,48.0
48387950100,33.554041,-94.830537,Red River County,11.598389036568763,34.0,71.0,54.0,74.0
48387950501,33.606133,-95.057428,Red River County,11.374690755521195,65.0,90.0,82.0,57.0
48387950502,33.632508,-95.059529,Red River County,11.17162344366557,68.0,82.0,78.0,0.0
48387950600,33.467011,-95.189466,Red River County,10.573702325248997,32.0,78.0,59.0,0.0
48387950700,33.714371,-95.216433,Red River County,11.960055694205286,14.0,63.0,38.0,0.0
48389950200,31.425802,-103.494534,Reeves County,4.618851944499174,91.0,78.0,89.0,96.0
48389950300,31.418799,-103.496032,Reeves County,4.618851944499174,86.0,85.0,89.0,89.0
48389950400,31.407272,-103.505463,Reeves County,4.618851944499174,80.0,48.0,72.0,90.0
48389950600,31.337292,-103.572785,Reeves County,4.428016125636034,81.0,85.0,87.0,82.0
48391950200,28.317792,-97.281753,Refugio County,7.499448796160812,76.0,85.0,84.0,68.0
48391950400,28.261371,-97.211089,Refugio County,7.4013802565697695,68.0,60.0,68.0,67.0
48393950100,35.716278,-100.695549,Roberts County,6.346554757822211,29.0,43.0,31.0,0.0
48395960100,31.15515,-96.657753,Robertson County,8.562639830037764,44.0,37.0,37.0,0.0
48395960200,30.982547,-96.666947,Robertson County,9.130360634969284,70.0,65.0,71.0,0.0
48395960300,31.068818,-96.436655,Robertson County,9.629969829559544,45.0,33.0,36.0,0.0
48395960400,30.851462,-96.491835,Robertson County,9.536932588084158,41.0,61.0,50.0,53.0
48395960501,30.875756,-96.600256,Robertson County,9.260625326927547,82.0,93.0,92.0,0.0
48395960502,30.891523,-96.583783,Robertson County,9.200080874643321,72.0,85.0,82.0,86.0
48397040101,32.942219,-96.474056,Rockwall County,9.00298713355369,28.0,2.0,3.0,0.0
48397040103,32.961569,-96.472524,Rockwall County,8.878556038673873,23.0,5.0,4.0,0.0
48397040104,32.949406,-96.51345,Rockwall County,8.866948924483923,61.0,33.0,49.0,54.0
48397040201,32.956785,-96.435238,Rockwall County,8.856536941114195,18.0,3.0,2.0,0.0
48397040202,32.94784,-96.454352,Rockwall County,8.8630503772753,45.0,6.0,14.0,66.0
48397040203,32.972654,-96.450432,Rockwall County,8.79886538649916,47.0,3.0,14.0,43.0
48397040301,32.908636,-96.512718,Rockwall County,8.988008885068133,58.0,30.0,44.0,0.0
48397040303,32.914035,-96.468195,Rockwall County,9.127111293405136,23.0,21.0,13.0,0.0
48397040304,32.910439,-96.459132,Rockwall County,9.123014283706809,62.0,19.0,41.0,75.0
48397040305,32.91998,-96.444626,Rockwall County,9.42479099902641,50.0,30.0,37.0,0.0
48397040403,32.976941,-96.355079,Rockwall County,8.617590060541868,47.0,30.0,35.0,59.0
48397040404,32.939659,-96.386831,Rockwall County,8.573577544720786,67.0,26.0,51.0,70.0
48397040405,32.961221,-96.361193,Rockwall County,8.638548502776226,71.0,59.0,69.0,62.0
48397040406,32.944811,-96.388589,Rockwall County,8.584919100374202,54.0,15.0,30.0,40.0
48397040407,32.949433,-96.393672,Rockwall County,8.573194101963253,66.0,17.0,45.0,0.0
48397040408,32.920467,-96.37825,Rockwall County,8.63716994807677,64.0,8.0,35.0,37.0
48397040409,32.927443,-96.361541,Rockwall County,9.02309695726739,57.0,12.0,32.0,0.0
48397040410,32.958858,-96.33849,Rockwall County,9.079565117503856,59.0,7.0,29.0,75.0
48397040411,32.962289,-96.309628,Rockwall County,8.863248851547484,56.0,1.0,16.0,0.0
48397040412,32.916637,-96.321894,Rockwall County,9.271978397626267,47.0,1.0,9.0,0.0
48397040503,32.888611,-96.45399,Rockwall County,9.037513169403145,67.0,39.0,57.0,67.0
48397040507,32.866255,-96.463485,Rockwall County,9.189958660564189,21.0,1.0,1.0,0.0
48397040508,32.836244,-96.425064,Rockwall County,8.988735516970186,24.0,18.0,11.0,33.0
48397040509,32.838038,-96.354542,Rockwall County,9.160230724234832,55.0,16.0,32.0,0.0
48397040510,32.877078,-96.480049,Rockwall County,9.05491793247296,32.0,9.0,10.0,0.0
48397040511,32.832224,-96.485906,Rockwall County,9.135394190567025,20.0,4.0,3.0,0.0
48397040512,32.899271,-96.433815,Rockwall County,9.060073184226232,59.0,43.0,53.0,44.0
48397040513,32.885663,-96.397646,Rockwall County,8.918001379478053,60.0,3.0,25.0,0.0
48397040514,32.864225,-96.318302,Rockwall County,9.31926293239271,26.0,16.0,11.0,0.0
48399950100,31.967404,-99.977039,Runnels County,8.271345969084008,44.0,44.0,42.0,68.0
48399950200,31.959035,-99.96301,Runnels County,8.270402965979727,69.0,89.0,83.0,63.0
48399950500,31.625397,-100.121147,Runnels County,8.185011113489708,57.0,37.0,47.0,72.0
48399950600,31.749532,-99.959646,Runnels County,7.77358349871074,52.0,67.0,60.0,0.0
48401950101,32.320697,-94.550033,Rusk County,13.106508138089765,58.0,63.0,62.0,0.0
48401950102,32.329858,-94.649442,Rusk County,12.537587326398143,19.0,15.0,7.0,36.0
48401950200,32.339211,-94.773853,Rusk County,12.422837170973994,45.0,70.0,59.0,63.0
48401950300,32.355701,-94.860732,Rusk County,11.833441828356433,54.0,55.0,55.0,84.0
48401950400,32.27277,-94.949807,Rusk County,12.140715340116744,40.0,73.0,58.0,32.0
48401950501,32.131362,-94.792165,Rusk County,13.026312268276492,52.0,57.0,55.0,50.0
48401950502,32.191735,-94.839577,Rusk County,12.153887696075797,65.0,68.0,69.0,0.0
48401950600,32.095852,-94.669683,Rusk County,13.533877757993471,9.0,45.0,23.0,0.0
48401950700,32.173129,-94.795707,Rusk County,12.758117477937345,71.0,72.0,74.0,78.0
48401950800,32.150845,-94.815903,Rusk County,13.00515337137825,55.0,56.0,57.0,67.0
48401950900,32.141637,-94.79961,Rusk County,13.025958296183507,53.0,54.0,54.0,56.0
48401951000,32.145105,-94.945425,Rusk County,12.237717556132207,74.0,83.0,81.0,82.0
48401951100,31.956011,-94.867761,Rusk County,12.70198300805784,56.0,78.0,69.0,49.0
48401951200,31.911199,-94.628439,Rusk County,13.51423402157247,56.0,84.0,73.0,0.0
48403950100,31.47331,-93.818309,Sabine County,12.58943172799553,19.0,80.0,55.0,0.0
48403950200,31.287535,-93.980877,Sabine County,12.406531329223975,17.0,73.0,48.0,0.0
48403950300,31.307464,-93.779565,Sabine County,12.29678428937882,37.0,71.0,56.0,33.0
48405950100,31.496186,-94.159516,San Augustine County,14.062686851448545,49.0,86.0,72.0,0.0
48405950200,31.531079,-94.115811,San Augustine County,12.589515669042923,69.0,88.0,83.0,37.0
48405950300,31.280524,-94.183191,San Augustine County,13.357529633741771,4.0,67.0,38.0,0.0
48407200103,30.510871,-94.958314,San Jacinto County,12.2299293884105,59.0,80.0,72.0,0.0
48407200104,30.479385,-94.995734,San Jacinto County,12.227400477533852,45.0,81.0,66.0,54.0
48407200105,30.447508,-95.1025,San Jacinto County,12.240364939751979,53.0,74.0,66.0,88.0
48407200106,30.394771,-95.223489,San Jacinto County,11.213162004750053,50.0,78.0,67.0,69.0
48407200107,30.53491,-95.256283,San Jacinto County,11.125121520734654,26.0,14.0,10.0,0.0
48407200201,30.606224,-95.139586,San Jacinto County,12.34291880596847,36.0,78.0,60.0,32.0
48407200202,30.600545,-95.048751,San Jacinto County,12.233288660376163,15.0,36.0,18.0,0.0
48407200301,30.738443,-95.19618,San Jacinto County,11.59620687789526,33.0,64.0,48.0,0.0
48407200302,30.800616,-95.278939,San Jacinto County,11.56348355506834,31.0,69.0,52.0,65.0
48409010201,27.897548,-97.154574,San Patricio County,7.2854440518400425,69.0,71.0,73.0,53.0
48409010202,27.913608,-97.164401,San Patricio County,7.41442323560776,72.0,73.0,76.0,57.0
48409010301,27.881557,-97.197544,San Patricio County,7.128351652162701,56.0,71.0,66.0,38.0
48409010302,27.858711,-97.208621,San Patricio County,7.217231264475946,68.0,49.0,63.0,73.0
48409010500,27.921598,-97.294009,San Patricio County,7.182459171405873,92.0,88.0,93.0,70.0
48409010601,27.884922,-97.333009,San Patricio County,7.259584385011405,74.0,76.0,78.0,62.0
48409010602,27.895801,-97.323183,San Patricio County,7.194941938094521,66.0,25.0,49.0,48.0
48409010603,27.885708,-97.30526,San Patricio County,7.189910299103269,47.0,3.0,13.0,33.0
48409010604,27.876847,-97.315847,San Patricio County,7.194971331003885,51.0,40.0,44.0,0.0
48409010700,27.917126,-97.296506,San Patricio County,7.182060485952037,72.0,37.0,61.0,0.0
48409010800,27.977048,-97.395445,San Patricio County,7.311443187871964,87.0,89.0,92.0,82.0
48409010900,28.007267,-97.582868,San Patricio County,7.121336399505825,75.0,66.0,74.0,50.0
48409011000,28.031081,-97.507159,San Patricio County,7.297669256053824,86.0,92.0,93.0,60.0
48409011100,27.946049,-97.585216,San Patricio County,7.142335867075714,86.0,72.0,84.0,73.0
48409011200,28.074328,-97.836655,San Patricio County,8.333435255565986,71.0,57.0,68.0,48.0
48409011300,28.094398,-97.826666,San Patricio County,8.345715301644416,90.0,95.0,96.0,81.0
48411950100,31.196895,-98.723037,San Saba County,6.527375619139359,62.0,69.0,68.0,69.0
48411950200,31.181098,-98.790485,San Saba County,6.429186573028548,46.0,55.0,50.0,41.0
48413950300,30.869698,-100.592817,Schleicher County,7.852846431963674,70.0,47.0,64.0,66.0
48415950100,32.735238,-100.883402,Scurry County,6.315208684719037,76.0,82.0,82.0,90.0
48415950200,32.684856,-101.02853,Scurry County,6.349700108695275,46.0,25.0,30.0,0.0
48415950300,32.70318,-100.927812,Scurry County,6.3499572648260765,44.0,27.0,31.0,0.0
48415950600,32.683575,-100.877718,Scurry County,6.365161805672207,73.0,85.0,82.0,66.0
48417950300,32.690986,-99.306244,Shackelford County,7.786974804418475,26.0,39.0,27.0,0.0
48419950100,31.942024,-94.132942,Shelby County,13.543311029042139,58.0,84.0,75.0,48.0
48419950200,31.883133,-94.395638,Shelby County,13.511827807740602,58.0,70.0,66.0,61.0
48419950300,31.829122,-94.186322,Shelby County,13.48623665326367,63.0,72.0,70.0,85.0
48419950401,31.785572,-94.177443,Shelby County,13.485528979028421,70.0,82.0,79.0,77.0
48419950402,31.803953,-94.178574,Shelby County,13.486821476546359,69.0,91.0,84.0,0.0
48419950500,31.703438,-94.227213,Shelby County,12.09104233737501,21.0,78.0,54.0,47.0
48419950600,31.715996,-93.96223,Shelby County,12.096853918954256,34.0,64.0,49.0,65.0
48421950200,36.33275,-102.008261,Sherman County,5.760345683676495,61.0,76.0,71.0,76.0
48423000100,32.361552,-95.332212,Smith County,11.639897134072374,89.0,79.0,88.0,83.0
48423000201,32.375759,-95.312995,Smith County,11.679646640533447,92.0,88.0,93.0,68.0
48423000202,32.364712,-95.30966,Smith County,11.680289111959523,94.0,86.0,93.0,86.0
48423000300,32.372178,-95.29121,Smith County,11.867325246614069,91.0,91.0,94.0,92.0
48423000400,32.353107,-95.318794,Smith County,11.674113005823898,92.0,88.0,93.0,92.0
48423000500,32.350976,-95.301273,Smith County,11.721418724116965,75.0,94.0,90.0,81.0
48423000600,32.351643,-95.285142,Smith County,11.91516795182644,90.0,62.0,83.0,95.0
48423000700,32.326205,-95.326379,Smith County,11.703968866001428,85.0,83.0,88.0,46.0
48423000800,32.336581,-95.305752,Smith County,11.74463333738488,60.0,77.0,71.0,83.0
48423000900,32.338934,-95.279521,Smith County,11.911287225755085,75.0,76.0,79.0,89.0
48423001000,32.316847,-95.312513,Smith County,11.706263424945078,63.0,55.0,62.0,85.0
48423001101,32.31978,-95.293403,Smith County,11.905283913362059,24.0,27.0,17.0,34.0
48423001102,32.308411,-95.288672,Smith County,11.905589721646162,35.0,34.0,29.0,0.0
48423001200,32.32439,-95.275365,Smith County,11.912027583265123,52.0,71.0,63.0,0.0
48423001300,32.32807,-95.258772,Smith County,11.915652863290685,48.0,59.0,53.0,63.0
48423001404,32.538153,-95.406249,Smith County,11.213303912282132,37.0,21.0,21.0,0.0
48423001405,32.548454,-95.547226,Smith County,11.164506356895838,21.0,55.0,36.0,0.0
48423001406,32.482715,-95.459731,Smith County,11.35839091496638,17.0,19.0,9.0,70.0
48423001407,32.503458,-95.391684,Smith County,10.880055047536159,33.0,61.0,47.0,81.0
48423001408,32.463617,-95.428135,Smith County,11.217447864930909,39.0,68.0,54.0,66.0
48423001501,32.492593,-95.051171,Smith County,11.273277727806217,30.0,71.0,53.0,54.0
48423001502,32.496647,-95.209695,Smith County,11.706971043708531,57.0,60.0,60.0,0.0
48423001602,32.310144,-95.385421,Smith County,11.740217595861239,63.0,41.0,55.0,82.0
48423001605,32.429072,-95.337563,Smith County,11.71071317824183,83.0,68.0,81.0,79.0
48423001606,32.401406,-95.390863,Smith County,11.647975711918686,64.0,67.0,68.0,0.0
48423001607,32.346577,-95.388747,Smith County,11.733540809435823,74.0,66.0,74.0,57.0
48423001608,32.371503,-95.355828,Smith County,11.723525018159988,79.0,41.0,68.0,0.0
48423001701,32.400438,-95.231623,Smith County,11.391407083901223,77.0,60.0,74.0,83.0
48423001702,32.422315,-95.285603,Smith County,11.281169699286014,78.0,73.0,80.0,89.0
48423001803,32.310911,-95.253446,Smith County,11.919078873536801,41.0,21.0,23.0,0.0
48423001804,32.394677,-95.097663,Smith County,11.307767550120495,70.0,50.0,65.0,78.0
48423001805,32.322382,-95.073317,Smith County,11.353162156212091,51.0,49.0,50.0,0.0
48423001806,32.332209,-95.20707,Smith County,11.984178088406955,59.0,67.0,65.0,68.0
48423001807,32.314833,-95.233104,Smith County,12.003420171247779,51.0,55.0,54.0,0.0
48423001906,32.230658,-95.364764,Smith County,11.700991574100842,30.0,19.0,15.0,0.0
48423001909,32.295285,-95.313329,Smith County,11.714008069453403,47.0,25.0,31.0,42.0
48423001910,32.284551,-95.310264,Smith County,11.731755244270099,62.0,33.0,50.0,40.0
48423001911,32.286922,-95.322122,Smith County,11.698825097410849,58.0,63.0,62.0,77.0
48423001912,32.15428,-95.439567,Smith County,10.593620747794517,19.0,12.0,6.0,39.0
48423001913,32.207438,-95.448561,Smith County,11.685674979545782,20.0,42.0,26.0,0.0
48423001914,32.18595,-95.321245,Smith County,10.647209597588242,49.0,33.0,38.0,42.0
48423001915,32.163499,-95.348799,Smith County,10.69734024623994,50.0,26.0,35.0,63.0
48423001916,32.25903,-95.334443,Smith County,11.695205438155538,45.0,47.0,45.0,68.0
48423001917,32.27079,-95.348504,Smith County,11.777004391364473,36.0,18.0,18.0,0.0
48423002003,32.300811,-95.272345,Smith County,11.938156167731812,67.0,74.0,73.0,56.0
48423002004,32.2945,-95.290762,Smith County,11.930573191896336,41.0,22.0,24.0,40.0
48423002006,32.275527,-95.296011,Smith County,11.780912575114913,30.0,32.0,24.0,51.0
48423002009,32.225859,-95.213447,Smith County,11.012083054609091,32.0,32.0,25.0,48.0
48423002010,32.288556,-95.269111,Smith County,11.939289688371465,54.0,51.0,53.0,65.0
48423002011,32.262176,-95.257745,Smith County,11.965353467141144,47.0,54.0,50.0,36.0
48423002012,32.266608,-95.304081,Smith County,11.781928973636123,47.0,42.0,43.0,0.0
48423002013,32.238673,-95.297787,Smith County,11.807005312292388,44.0,7.0,15.0,55.0
48423002101,32.166543,-95.092776,Smith County,10.804522753529673,55.0,71.0,65.0,34.0
48423002102,32.252493,-95.124061,Smith County,12.064976851208357,22.0,57.0,38.0,0.0
48423002200,32.200779,-95.240195,Smith County,11.011320303670644,30.0,54.0,40.0,0.0
48423980000,32.355745,-95.403332,Smith County,11.63879394836615,0.0,0.0,0.0,0.0
48425000101,32.261175,-97.764473,Somervell County,8.065372871203136,40.0,49.0,43.0,71.0
48425000102,32.203397,-97.736707,Somervell County,7.781219632848388,31.0,12.0,11.0,0.0
48425000200,32.233561,-97.753091,Somervell County,7.808511054822288,38.0,43.0,38.0,52.0
48427950101,26.678341,-98.518,Starr County,10.961639458414012,100.0,79.0,91.0,87.0
48427950104,26.397613,-98.874675,Starr County,11.256145527402495,93.0,87.0,93.0,96.0
48427950105,26.400463,-98.912894,Starr County,11.2675762374735,92.0,94.0,96.0,89.0
48427950106,26.348799,-98.757599,Starr County,12.652780050263951,87.0,85.0,90.0,97.0
48427950107,26.359542,-98.775302,Starr County,12.763544629677373,100.0,96.0,98.0,97.0
48427950108,26.406023,-98.784994,Starr County,12.73653421317028,96.0,88.0,94.0,97.0
48427950202,26.490822,-99.072935,Starr County,11.460983543029554,100.0,92.0,96.0,98.0
48427950203,26.409855,-98.98662,Starr County,11.164313761710758,100.0,97.0,98.0,97.0
48427950204,26.414338,-98.962975,Starr County,11.164285132307063,98.0,96.0,98.0,96.0
48427950402,26.328873,-98.639204,Starr County,12.836105175551904,95.0,96.0,97.0,97.0
48427950403,26.325775,-98.714401,Starr County,12.672635108696689,94.0,79.0,90.0,95.0
48427950404,26.293908,-98.645559,Starr County,12.835732976408694,100.0,94.0,97.0,96.0
48427950500,26.382912,-98.813273,Starr County,12.74637763258678,98.0,96.0,98.0,92.0
48427950601,26.386266,-98.84573,Starr County,11.190752387548937,98.0,97.0,98.0,95.0
48427950602,26.380674,-98.828635,Starr County,12.851774818087772,87.0,61.0,81.0,96.0
48427950701,26.412041,-99.016091,Starr County,11.406578385696603,93.0,96.0,97.0,98.0
48427950702,26.403927,-98.999343,Starr County,11.164313761710758,100.0,98.0,99.0,97.0
48429950200,32.757566,-98.917268,Stephens County,7.556713447610953,63.0,87.0,78.0,78.0
48429950300,32.755092,-98.890692,Stephens County,7.556700681486547,48.0,75.0,64.0,73.0
48429950500,32.755334,-98.891845,Stephens County,7.556700681486547,23.0,41.0,26.0,0.0
48431950100,31.83476,-100.993285,Sterling County,6.39485515705453,51.0,59.0,56.0,59.0
48433950300,33.144536,-100.232471,Stonewall County,6.691631424466348,44.0,65.0,55.0,76.0
48435950300,30.563302,-100.627673,Sutton County,8.03901387340943,81.0,71.0,81.0,89.0
48437950200,34.615708,-101.811288,Swisher County,5.534661423739966,56.0,73.0,67.0,33.0
48437950300,34.5397,-101.765629,Swisher County,5.6281296443170294,76.0,94.0,90.0,71.0
48437950400,34.369476,-101.728687,Swisher County,6.2393517261339895,67.0,82.0,78.0,62.0
48439100101,32.788043,-97.300077,Tarrant County,8.377629353117555,80.0,76.0,82.0,92.0
48439100102,32.779467,-97.309722,Tarrant County,8.584567896807387,68.0,74.0,74.0,75.0
48439100201,32.802278,-97.330168,Tarrant County,8.781254654278904,93.0,95.0,97.0,96.0
48439100202,32.802598,-97.340177,Tarrant County,8.898221258020696,93.0,78.0,89.0,95.0
48439100300,32.803001,-97.359366,Tarrant County,8.340841205372575,92.0,82.0,90.0,93.0
48439100401,32.793048,-97.366315,Tarrant County,8.362916342435275,91.0,94.0,96.0,96.0
48439100402,32.786559,-97.363038,Tarrant County,8.290512550826975,96.0,88.0,94.0,95.0
48439100503,32.791863,-97.378444,Tarrant County,8.584047547685758,91.0,89.0,93.0,95.0
48439100504,32.796367,-97.388509,Tarrant County,8.42097798536066,85.0,87.0,90.0,92.0
48439100505,32.815948,-97.389335,Tarrant County,8.536879129188357,82.0,95.0,94.0,92.0
48439100506,32.802372,-97.374802,Tarrant County,8.6599028689148,95.0,82.0,91.0,96.0
48439100601,32.814532,-97.475082,Tarrant County,8.262636033567558,27.0,34.0,23.0,0.0
48439100602,32.778599,-97.41873,Tarrant County,8.295099763900671,68.0,81.0,77.0,83.0
48439100700,32.768239,-97.389018,Tarrant County,8.54840677699137,75.0,63.0,73.0,95.0
48439100800,32.776341,-97.35938,Tarrant County,8.278347693992457,93.0,84.0,92.0,93.0
48439100900,32.780204,-97.350246,Tarrant County,8.704416023406653,92.0,91.0,94.0,97.0
48439101201,32.774307,-97.270403,Tarrant County,8.085265470616905,80.0,39.0,69.0,83.0
48439101202,32.769555,-97.298891,Tarrant County,8.27463747441202,86.0,69.0,83.0,93.0
48439101301,32.74167,-97.215755,Tarrant County,7.889290867131508,77.0,69.0,77.0,77.0
48439101302,32.730994,-97.220362,Tarrant County,7.852041908897953,85.0,92.0,93.0,64.0
48439101401,32.752515,-97.248765,Tarrant County,8.090714953696144,79.0,66.0,78.0,73.0
48439101402,32.738491,-97.262812,Tarrant County,8.037784324205802,91.0,88.0,92.0,86.0
48439101403,32.739952,-97.24362,Tarrant County,8.021109766026422,85.0,93.0,93.0,90.0
48439101500,32.743918,-97.277111,Tarrant County,8.011618725220949,83.0,81.0,86.0,81.0
48439101700,32.749779,-97.311026,Tarrant County,8.37547379590004,80.0,98.0,96.0,70.0
48439102000,32.752069,-97.35508,Tarrant County,8.282638838046566,42.0,29.0,30.0,35.0
48439102101,32.75434,-97.370519,Tarrant County,8.026204874775491,31.0,23.0,18.0,0.0
48439102102,32.7619,-97.369588,Tarrant County,7.990747488834332,52.0,48.0,50.0,38.0
48439102201,32.749414,-97.396804,Tarrant County,8.157514709427241,37.0,30.0,28.0,55.0
48439102202,32.739544,-97.394223,Tarrant County,8.027155656626569,17.0,6.0,3.0,38.0
48439102301,32.727252,-97.437352,Tarrant County,8.350975356426632,71.0,85.0,81.0,79.0
48439102302,32.706328,-97.445018,Tarrant County,8.945029727101025,74.0,79.0,80.0,84.0
48439102401,32.722015,-97.417168,Tarrant County,8.450577218280428,51.0,52.0,51.0,36.0
48439102402,32.710222,-97.430306,Tarrant County,8.791112541414778,47.0,34.0,37.0,0.0
48439102500,32.721678,-97.405952,Tarrant County,8.40232230538231,91.0,76.0,88.0,75.0
48439102601,32.726793,-97.394107,Tarrant County,8.176705690908934,67.0,61.0,67.0,74.0
48439102602,32.7306,-97.384811,Tarrant County,7.97486893904973,71.0,64.0,72.0,71.0
48439102700,32.740597,-97.376492,Tarrant County,7.930270873306425,47.0,20.0,28.0,47.0
48439103500,32.731752,-97.279534,Tarrant County,8.056188954685158,89.0,94.0,95.0,93.0
48439103601,32.726425,-97.246137,Tarrant County,8.051641690262242,95.0,94.0,96.0,91.0
48439103602,32.724834,-97.231958,Tarrant County,7.873961863186975,93.0,85.0,92.0,80.0
48439103701,32.723031,-97.278484,Tarrant County,8.17625866157801,86.0,93.0,94.0,92.0
48439103702,32.72281,-97.264735,Tarrant County,8.105588305117154,98.0,90.0,95.0,49.0
48439103800,32.721199,-97.303572,Tarrant County,8.374779126094035,89.0,96.0,97.0,85.0
48439104100,32.723338,-97.337526,Tarrant County,8.649256302272878,54.0,59.0,58.0,87.0
48439104202,32.695131,-97.36865,Tarrant County,8.085888920464187,34.0,35.0,29.0,46.0
48439104203,32.707815,-97.363672,Tarrant County,8.153011484908003,58.0,23.0,40.0,0.0
48439104204,32.715769,-97.362051,Tarrant County,7.933029477042987,6.0,5.0,1.0,0.0
48439104301,32.705833,-97.356139,Tarrant County,8.662818812534605,32.0,91.0,71.0,0.0
48439104302,32.716832,-97.348627,Tarrant County,8.70679715375021,41.0,22.0,25.0,48.0
48439104400,32.707495,-97.338199,Tarrant County,8.641235853626043,74.0,60.0,72.0,87.0
48439104502,32.708386,-97.325587,Tarrant County,8.636375712643638,89.0,76.0,87.0,97.0
48439104503,32.693515,-97.325261,Tarrant County,8.521564881562254,97.0,93.0,96.0,97.0
48439104504,32.690513,-97.31296,Tarrant County,8.393709718877867,91.0,92.0,94.0,90.0
48439104505,32.710051,-97.313565,Tarrant County,8.427325308710612,93.0,98.0,98.0,92.0
48439104601,32.712116,-97.269969,Tarrant County,8.167759582667365,98.0,91.0,95.0,89.0
48439104602,32.698922,-97.271756,Tarrant County,8.106930396421696,94.0,92.0,95.0,93.0
48439104603,32.686394,-97.27168,Tarrant County,8.065790318354649,93.0,86.0,92.0,90.0
48439104604,32.710981,-97.288001,Tarrant County,8.338990191998679,93.0,88.0,93.0,81.0
48439104605,32.695427,-97.294245,Tarrant County,8.276527025040236,92.0,72.0,87.0,87.0
48439104701,32.692161,-97.336379,Tarrant County,8.618569169443935,92.0,79.0,89.0,93.0
48439104702,32.679767,-97.337062,Tarrant County,8.446831811860624,93.0,93.0,96.0,91.0
48439104802,32.67753,-97.352861,Tarrant County,8.465759675919916,83.0,89.0,90.0,92.0
48439104803,32.695696,-97.345968,Tarrant County,8.644729943775541,89.0,92.0,94.0,92.0
48439104804,32.689461,-97.35371,Tarrant County,8.612375583706738,89.0,89.0,92.0,90.0
48439104900,32.802447,-97.296259,Tarrant County,8.348339003229762,88.0,84.0,90.0,90.0
48439105007,32.853609,-97.30246,Tarrant County,8.349717083967318,64.0,44.0,57.0,76.0
48439105008,32.854716,-97.324611,Tarrant County,8.264822180286394,71.0,59.0,69.0,68.0
48439105009,32.819737,-97.326065,Tarrant County,8.418898880555714,88.0,87.0,91.0,89.0
48439105201,32.731549,-97.458115,Tarrant County,8.407950378130309,80.0,94.0,92.0,77.0
48439105203,32.720407,-97.467594,Tarrant County,8.488779578867728,73.0,81.0,80.0,60.0
48439105204,32.731734,-97.476998,Tarrant County,8.584384849449895,82.0,91.0,91.0,63.0
48439105206,32.727525,-97.470541,Tarrant County,8.531920194047824,73.0,87.0,84.0,86.0
48439105207,32.733663,-97.469476,Tarrant County,8.524232549781477,84.0,98.0,97.0,84.0
48439105403,32.710235,-97.379676,Tarrant County,8.128419922605193,49.0,15.0,25.0,36.0
48439105404,32.68611,-97.384761,Tarrant County,8.315745947678195,15.0,13.0,5.0,49.0
48439105405,32.697706,-97.408338,Tarrant County,8.571431072929352,48.0,68.0,59.0,74.0
48439105407,32.701523,-97.419074,Tarrant County,8.594827100705484,53.0,26.0,37.0,0.0
48439105408,32.698869,-97.426417,Tarrant County,8.936071382518826,33.0,10.0,11.0,0.0
48439105502,32.66121,-97.378482,Tarrant County,8.468142112373538,70.0,48.0,64.0,42.0
48439105503,32.653277,-97.397814,Tarrant County,8.439532369211273,67.0,62.0,67.0,65.0
48439105505,32.67009,-97.392152,Tarrant County,8.440517116088179,71.0,72.0,75.0,92.0
48439105511,32.634523,-97.379516,Tarrant County,8.525011800741995,77.0,63.0,75.0,75.0
48439105512,32.64563,-97.383004,Tarrant County,8.46681794388479,75.0,42.0,66.0,66.0
48439105513,32.671919,-97.414515,Tarrant County,8.792762224182706,72.0,84.0,81.0,66.0
48439105514,32.673779,-97.404151,Tarrant County,8.455931627717677,78.0,71.0,79.0,68.0
48439105515,32.637346,-97.401687,Tarrant County,8.447467777223649,80.0,63.0,77.0,52.0
48439105516,32.630622,-97.39639,Tarrant County,8.564760292626518,76.0,68.0,76.0,69.0
48439105517,32.656572,-97.407574,Tarrant County,8.424760855069314,64.0,40.0,55.0,68.0
48439105518,32.656855,-97.416188,Tarrant County,8.752487026882488,56.0,9.0,27.0,0.0
48439105519,32.673739,-97.42422,Tarrant County,8.981248220895072,47.0,36.0,38.0,73.0
48439105520,32.655747,-97.435931,Tarrant County,8.921622960639255,49.0,11.0,23.0,0.0
48439105600,32.677865,-97.366389,Tarrant County,7.9408237297208695,74.0,45.0,66.0,58.0
48439105701,32.663668,-97.361753,Tarrant County,8.029386034948018,70.0,52.0,65.0,76.0
48439105703,32.654373,-97.363133,Tarrant County,7.970277481032412,77.0,54.0,72.0,81.0
48439105705,32.642686,-97.364114,Tarrant County,7.961659581421514,81.0,70.0,81.0,76.0
48439105706,32.642369,-97.355923,Tarrant County,8.117972382264055,86.0,82.0,88.0,95.0
48439105800,32.665866,-97.342694,Tarrant County,8.442287593125112,86.0,84.0,89.0,95.0
48439105901,32.678415,-97.320472,Tarrant County,8.402106485065993,92.0,90.0,94.0,87.0
48439105902,32.680746,-97.300084,Tarrant County,8.195336860876258,86.0,96.0,96.0,96.0
48439106002,32.65555,-97.304273,Tarrant County,8.125822551965031,89.0,68.0,84.0,33.0
48439106004,32.627034,-97.284845,Tarrant County,8.27970403154091,84.0,79.0,86.0,84.0
48439106005,32.643608,-97.326299,Tarrant County,8.091166948968194,86.0,51.0,78.0,88.0
48439106006,32.641369,-97.340813,Tarrant County,8.097035444821802,86.0,80.0,87.0,58.0
48439106101,32.691373,-97.255681,Tarrant County,8.164543111313801,90.0,92.0,94.0,86.0
48439106102,32.675095,-97.250985,Tarrant County,8.08324502129701,85.0,82.0,87.0,92.0
48439106201,32.707578,-97.258535,Tarrant County,8.140298184146825,100.0,89.0,95.0,90.0
48439106202,32.708844,-97.247348,Tarrant County,8.118573552589494,92.0,89.0,94.0,87.0
48439106300,32.715914,-97.237386,Tarrant County,8.134675901576587,96.0,95.0,97.0,58.0
48439106400,32.690396,-97.232585,Tarrant County,7.997746893623364,78.0,80.0,83.0,79.0
48439106502,32.753816,-97.226121,Tarrant County,7.890551413470658,75.0,74.0,78.0,60.0
48439106503,32.751743,-97.208875,Tarrant County,7.944091396645295,85.0,86.0,89.0,77.0
48439106507,32.765552,-97.249178,Tarrant County,8.139684557656338,56.0,38.0,47.0,38.0
48439106509,32.783213,-97.159833,Tarrant County,8.116585595766546,70.0,44.0,62.0,35.0
48439106512,32.754783,-97.191479,Tarrant County,8.056518158894074,83.0,69.0,81.0,62.0
48439106513,32.74047,-97.190202,Tarrant County,7.977272900350151,84.0,71.0,83.0,0.0
48439106514,32.752953,-97.169155,Tarrant County,8.171796122524885,75.0,34.0,62.0,48.0
48439106515,32.769543,-97.227666,Tarrant County,8.098841838521176,82.0,65.0,79.0,65.0
48439106518,32.822517,-97.055279,Tarrant County,7.730894618801615,85.0,53.0,77.0,83.0
48439106519,32.765587,-97.22357,Tarrant County,7.998934747717882,83.0,91.0,91.0,67.0
48439106520,32.762665,-97.231308,Tarrant County,8.131697876702415,90.0,96.0,97.0,88.0
48439106521,32.76839,-97.183386,Tarrant County,8.062553294936468,86.0,46.0,76.0,70.0
48439106522,32.770245,-97.206463,Tarrant County,7.9939183078357114,81.0,77.0,83.0,74.0
48439106523,32.818462,-97.069319,Tarrant County,7.677027394158787,79.0,68.0,78.0,87.0
48439106524,32.815861,-97.098108,Tarrant County,7.6721370786040595,77.0,39.0,66.0,81.0
48439106525,32.804389,-97.198682,Tarrant County,8.102852059484974,59.0,59.0,61.0,69.0
48439106526,32.795954,-97.188657,Tarrant County,7.975264354638536,64.0,25.0,47.0,71.0
48439106600,32.801907,-97.426268,Tarrant County,8.673040627879965,73.0,96.0,91.0,79.0
48439106700,32.827073,-97.430231,Tarrant County,8.604049020520277,70.0,12.0,46.0,73.0
48439110102,32.808165,-97.267396,Tarrant County,8.061577785831792,77.0,86.0,85.0,89.0
48439110103,32.829379,-97.268626,Tarrant County,8.272613201631449,76.0,67.0,76.0,90.0
48439110104,32.832712,-97.261098,Tarrant County,8.325961076324987,77.0,75.0,80.0,78.0
48439110202,32.80226,-97.282104,Tarrant County,8.175267576547817,78.0,69.0,78.0,90.0
48439110204,32.821255,-97.281209,Tarrant County,8.244840757865177,76.0,78.0,81.0,78.0
48439110205,32.850689,-97.284455,Tarrant County,8.562170186726386,63.0,46.0,58.0,57.0
48439110206,32.853425,-97.271985,Tarrant County,8.598346309856339,81.0,87.0,88.0,85.0
48439110301,32.794001,-97.261793,Tarrant County,8.109998415820971,70.0,76.0,76.0,87.0
48439110302,32.787816,-97.282648,Tarrant County,8.32022107076703,75.0,88.0,85.0,91.0
48439110401,32.812124,-97.437734,Tarrant County,8.734100031176032,53.0,51.0,52.0,69.0
48439110402,32.803573,-97.401707,Tarrant County,8.442061210761112,79.0,87.0,87.0,90.0
48439110500,32.777009,-97.396905,Tarrant County,8.339200182174068,75.0,46.0,68.0,73.0
48439110600,32.758334,-97.416045,Tarrant County,8.182313995651956,56.0,56.0,57.0,65.0
48439110703,32.74877,-97.469866,Tarrant County,8.244484192913086,70.0,76.0,76.0,71.0
48439110704,32.748329,-97.455602,Tarrant County,8.279931826765221,57.0,75.0,68.0,78.0
48439110705,32.772472,-97.465561,Tarrant County,8.414466278219454,45.0,33.0,36.0,60.0
48439110706,32.760842,-97.464741,Tarrant County,8.344712561159238,65.0,88.0,80.0,94.0
48439110805,32.751283,-97.492849,Tarrant County,8.47959647980703,66.0,36.0,55.0,55.0
48439110806,32.752872,-97.51258,Tarrant County,8.247705689726793,47.0,18.0,26.0,43.0
48439110807,32.727834,-97.507705,Tarrant County,8.423090386647523,58.0,70.0,66.0,41.0
48439110808,32.671674,-97.5149,Tarrant County,8.830463684294736,32.0,9.0,10.0,35.0
48439110809,32.665486,-97.497603,Tarrant County,8.939420206240909,22.0,11.0,6.0,0.0
48439110901,32.708122,-97.461691,Tarrant County,8.896232689741568,54.0,34.0,44.0,42.0
48439110903,32.690403,-97.423861,Tarrant County,8.950237624309771,43.0,14.0,20.0,70.0
48439110905,32.675116,-97.444219,Tarrant County,8.92837207643083,42.0,34.0,34.0,37.0
48439110906,32.670043,-97.462782,Tarrant County,9.040962357066789,53.0,27.0,38.0,0.0
48439110907,32.672202,-97.478647,Tarrant County,8.872865786978199,49.0,27.0,34.0,36.0
48439111003,32.654413,-97.342834,Tarrant County,8.096907289626138,69.0,22.0,51.0,46.0
48439111010,32.606715,-97.498026,Tarrant County,8.998275075228403,38.0,39.0,35.0,52.0
48439111015,32.572479,-97.351968,Tarrant County,8.365191467176208,65.0,30.0,51.0,64.0
48439111018,32.567392,-97.399319,Tarrant County,8.132010595833165,61.0,30.0,47.0,0.0
48439111019,32.628497,-97.335761,Tarrant County,8.109483791334961,86.0,73.0,85.0,79.0
48439111020,32.628602,-97.348562,Tarrant County,8.11786681212486,84.0,85.0,89.0,42.0
48439111021,32.59248,-97.374499,Tarrant County,8.320582319673933,68.0,28.0,53.0,55.0
48439111022,32.568458,-97.372533,Tarrant County,8.239999987887517,73.0,58.0,70.0,41.0
48439111023,32.611207,-97.376598,Tarrant County,8.744552594792664,86.0,65.0,82.0,78.0
48439111024,32.62218,-97.377333,Tarrant County,8.803008993069623,83.0,57.0,77.0,53.0
48439111025,32.630619,-97.362163,Tarrant County,8.53448572331046,88.0,45.0,77.0,0.0
48439111026,32.621698,-97.363461,Tarrant County,8.564838410028711,88.0,58.0,81.0,79.0
48439111027,32.601471,-97.325081,Tarrant County,8.085916300753118,85.0,39.0,73.0,73.0
48439111028,32.58507,-97.340823,Tarrant County,8.34332817703846,73.0,40.0,63.0,45.0
48439111029,32.564151,-97.342006,Tarrant County,8.22741273327717,65.0,56.0,63.0,85.0
48439111030,32.561315,-97.330678,Tarrant County,8.47967379279658,44.0,28.0,31.0,0.0
48439111031,32.615961,-97.420038,Tarrant County,9.071244764410457,81.0,20.0,63.0,0.0
48439111032,32.622642,-97.397325,Tarrant County,8.77719087888941,72.0,34.0,60.0,76.0
48439111033,32.607119,-97.397388,Tarrant County,8.489238573967173,82.0,13.0,61.0,72.0
48439111102,32.652587,-97.26865,Tarrant County,8.111964034024771,91.0,67.0,85.0,83.0
48439111103,32.66843,-97.258877,Tarrant County,8.096153017322315,92.0,88.0,93.0,88.0
48439111104,32.667871,-97.272848,Tarrant County,8.018430839288715,91.0,91.0,94.0,94.0
48439111202,32.63075,-97.284839,Tarrant County,8.26194186226497,83.0,81.0,86.0,75.0
48439111203,32.591866,-97.295122,Tarrant County,7.951418865253284,65.0,22.0,47.0,0.0
48439111204,32.566756,-97.276704,Tarrant County,7.956203128562379,54.0,27.0,39.0,43.0
48439111304,32.595506,-97.123096,Tarrant County,7.8925751570295,47.0,22.0,29.0,53.0
48439111306,32.575291,-97.158883,Tarrant County,8.012355510429149,69.0,52.0,65.0,66.0
48439111307,32.583749,-97.145823,Tarrant County,7.960099709841319,73.0,64.0,73.0,53.0
48439111308,32.570017,-97.128704,Tarrant County,7.75107972578907,59.0,64.0,63.0,59.0
48439111309,32.558333,-97.131322,Tarrant County,7.7150030657856865,67.0,67.0,70.0,80.0
48439111311,32.599517,-97.102574,Tarrant County,7.97420742134357,67.0,3.0,34.0,73.0
48439111312,32.581598,-97.1145,Tarrant County,7.954685293893903,32.0,3.0,6.0,0.0
48439111314,32.557351,-97.064381,Tarrant County,8.07161265095465,71.0,25.0,55.0,50.0
48439111315,32.599788,-97.0871,Tarrant County,8.083015568843987,71.0,24.0,53.0,84.0
48439111316,32.61397,-97.091949,Tarrant County,8.08510523707244,84.0,15.0,64.0,76.0
48439111317,32.573386,-97.219565,Tarrant County,7.903913144713058,55.0,45.0,51.0,43.0
48439111318,32.59141,-97.194151,Tarrant County,7.907238183788381,35.0,46.0,37.0,0.0
48439111319,32.572609,-97.0803,Tarrant County,8.061397665542286,70.0,2.0,37.0,0.0
48439111320,32.581544,-97.050551,Tarrant County,8.037618021552708,82.0,3.0,54.0,0.0
48439111402,32.643042,-97.171184,Tarrant County,8.258164976121998,52.0,12.0,26.0,0.0
48439111405,32.63881,-97.22784,Tarrant County,8.026623698271209,65.0,54.0,63.0,0.0
48439111406,32.605477,-97.155728,Tarrant County,8.093523706870718,61.0,3.0,26.0,54.0
48439111407,32.633036,-97.146041,Tarrant County,8.127738021299031,58.0,10.0,30.0,68.0
48439111408,32.627968,-97.18544,Tarrant County,8.366944033672201,60.0,42.0,52.0,64.0
48439111409,32.637328,-97.151409,Tarrant County,7.935654477996493,64.0,14.0,41.0,64.0
48439111410,32.665178,-97.214043,Tarrant County,8.04415603054362,74.0,60.0,71.0,91.0
48439111411,32.647959,-97.210471,Tarrant County,8.31601352233956,55.0,9.0,26.0,67.0
48439111505,32.72694,-97.156542,Tarrant County,8.098980129819083,48.0,40.0,43.0,0.0
48439111506,32.714439,-97.163868,Tarrant County,8.223879504211064,57.0,51.0,56.0,65.0
48439111513,32.657065,-97.068204,Tarrant County,8.080877612421617,82.0,64.0,79.0,83.0
48439111514,32.661177,-97.083234,Tarrant County,7.884940145608424,80.0,71.0,80.0,89.0
48439111516,32.662013,-97.123313,Tarrant County,8.111482028845245,79.0,46.0,70.0,65.0
48439111522,32.699283,-97.089164,Tarrant County,8.022707286513477,81.0,74.0,82.0,84.0
48439111525,32.687818,-97.115817,Tarrant County,8.00662953172634,75.0,69.0,76.0,91.0
48439111526,32.702999,-97.138678,Tarrant County,8.161309159464581,66.0,58.0,65.0,52.0
48439111529,32.698108,-97.175466,Tarrant County,8.133241753319671,53.0,29.0,39.0,49.0
48439111530,32.666869,-97.151551,Tarrant County,8.068094953887927,44.0,8.0,16.0,72.0
48439111531,32.667684,-97.17813,Tarrant County,8.251676839458204,44.0,50.0,46.0,38.0
48439111532,32.660453,-97.198083,Tarrant County,8.376176593471738,59.0,22.0,41.0,37.0
48439111533,32.654019,-97.148583,Tarrant County,8.103056811369209,56.0,25.0,39.0,69.0
48439111534,32.655193,-97.179291,Tarrant County,8.357407369073192,52.0,10.0,25.0,0.0
48439111536,32.700922,-97.049606,Tarrant County,7.970182992654135,85.0,58.0,79.0,92.0
48439111538,32.670459,-97.05102,Tarrant County,7.980747880680402,83.0,37.0,71.0,67.0
48439111540,32.663615,-97.10573,Tarrant County,7.938058270587845,84.0,31.0,69.0,32.0
48439111541,32.651718,-97.109341,Tarrant County,8.009854870322856,84.0,66.0,81.0,79.0
48439111542,32.635174,-97.108905,Tarrant County,8.069495090797597,79.0,31.0,65.0,86.0
48439111543,32.64979,-97.125696,Tarrant County,8.046031865034543,81.0,76.0,82.0,80.0
48439111544,32.638263,-97.124046,Tarrant County,8.107593902589015,72.0,39.0,62.0,87.0
48439111545,32.692979,-97.158664,Tarrant County,8.271187054751184,47.0,16.0,25.0,51.0
48439111546,32.681479,-97.175121,Tarrant County,8.269620121326273,47.0,5.0,16.0,37.0
48439111551,32.605975,-97.130667,Tarrant County,8.092479073661645,59.0,21.0,39.0,70.0
48439111552,32.69315,-97.13876,Tarrant County,7.952447654415761,61.0,11.0,35.0,65.0
48439111553,32.685822,-97.138485,Tarrant County,7.952073163542602,77.0,76.0,80.0,84.0
48439111554,32.662065,-97.049978,Tarrant County,8.069176519075553,85.0,37.0,72.0,74.0
48439111555,32.653197,-97.050724,Tarrant County,8.064627649937018,84.0,21.0,66.0,62.0
48439111556,32.699054,-97.067439,Tarrant County,7.906219613548796,89.0,81.0,89.0,90.0
48439111557,32.698708,-97.076792,Tarrant County,7.993291633797117,86.0,62.0,80.0,66.0
48439111558,32.700077,-97.10407,Tarrant County,8.19070874665923,81.0,59.0,76.0,86.0
48439111559,32.694725,-97.114583,Tarrant County,8.057386956632463,86.0,39.0,73.0,72.0
48439111560,32.640346,-97.094951,Tarrant County,7.974513707419627,75.0,65.0,75.0,65.0
48439111561,32.640083,-97.082619,Tarrant County,8.070975513695032,85.0,35.0,71.0,90.0
48439111562,32.63137,-97.074698,Tarrant County,7.943493552677351,78.0,21.0,59.0,62.0
48439111563,32.642025,-97.050456,Tarrant County,8.087781071134682,81.0,14.0,60.0,80.0
48439111564,32.621139,-97.062668,Tarrant County,8.163303915986477,79.0,36.0,67.0,45.0
48439111565,32.59027,-97.061871,Tarrant County,8.124283090800697,75.0,26.0,59.0,0.0
48439111566,32.602057,-97.044013,Tarrant County,8.099930791013218,71.0,4.0,40.0,47.0
48439111567,32.61973,-97.122665,Tarrant County,8.080999343152804,75.0,53.0,70.0,59.0
48439111568,32.619239,-97.108817,Tarrant County,7.9639163612033075,81.0,20.0,62.0,79.0
48439111569,32.686608,-97.089216,Tarrant County,7.929919427541354,89.0,77.0,88.0,87.0
48439111570,32.687437,-97.07375,Tarrant County,7.7754134167135796,87.0,91.0,93.0,85.0
48439111571,32.686486,-97.053433,Tarrant County,7.986118673618046,86.0,51.0,78.0,66.0
48439111572,32.684567,-97.039821,Tarrant County,8.111193827140452,91.0,18.0,70.0,72.0
48439113003,32.777687,-97.05328,Tarrant County,7.720332591714581,75.0,8.0,49.0,71.0
48439113004,32.770284,-97.040036,Tarrant County,7.719501594047094,60.0,10.0,33.0,42.0
48439113005,32.749763,-97.037821,Tarrant County,7.897736115226222,91.0,63.0,84.0,95.0
48439113006,32.730596,-97.052412,Tarrant County,7.982164819605542,94.0,65.0,86.0,89.0
48439113007,32.723861,-97.039132,Tarrant County,7.959669331375717,84.0,91.0,92.0,69.0
48439113102,32.784295,-97.10851,Tarrant County,8.018961499813056,69.0,47.0,63.0,55.0
48439113104,32.778339,-97.091529,Tarrant County,8.004249286778924,74.0,64.0,73.0,54.0
48439113107,32.771646,-97.119375,Tarrant County,8.032146815910064,42.0,33.0,33.0,0.0
48439113108,32.768196,-97.134276,Tarrant County,8.077872463884558,45.0,8.0,17.0,47.0
48439113109,32.767936,-97.076549,Tarrant County,7.994218979238246,81.0,54.0,75.0,48.0
48439113110,32.766209,-97.090434,Tarrant County,8.040134423461016,78.0,62.0,75.0,45.0
48439113112,32.767948,-97.108555,Tarrant County,8.164239987596005,65.0,36.0,54.0,39.0
48439113115,32.771953,-97.069,Tarrant County,7.807004827080463,84.0,79.0,86.0,88.0
48439113116,32.779097,-97.065153,Tarrant County,7.695322772788097,84.0,65.0,80.0,84.0
48439113117,32.772452,-97.101145,Tarrant County,8.181833779269194,77.0,81.0,83.0,77.0
48439113118,32.767835,-97.102242,Tarrant County,8.130688362518574,90.0,73.0,86.0,78.0
48439113119,32.784435,-97.074391,Tarrant County,7.715601153253186,81.0,51.0,74.0,76.0
48439113120,32.800743,-97.086065,Tarrant County,7.763330418326128,66.0,4.0,34.0,0.0
48439113121,32.798439,-97.057195,Tarrant County,7.701666761708211,86.0,17.0,66.0,0.0
48439113122,32.792702,-97.060243,Tarrant County,7.674616589745732,87.0,20.0,68.0,70.0
48439113206,32.817552,-97.249252,Tarrant County,8.375394830292278,57.0,86.0,75.0,70.0
48439113207,32.88668,-97.226544,Tarrant County,8.311799494682132,35.0,7.0,10.0,41.0
48439113210,32.88305,-97.203404,Tarrant County,8.168900294172978,41.0,19.0,22.0,41.0
48439113212,32.829818,-97.242833,Tarrant County,8.232099557745606,20.0,27.0,15.0,33.0
48439113213,32.831567,-97.224026,Tarrant County,8.18135000685782,53.0,45.0,50.0,0.0
48439113214,32.871261,-97.232393,Tarrant County,8.612479290321485,57.0,51.0,55.0,38.0
48439113215,32.869807,-97.218779,Tarrant County,8.681322039209169,48.0,36.0,39.0,34.0
48439113216,32.852187,-97.228775,Tarrant County,8.501814516017541,61.0,43.0,54.0,76.0
48439113217,32.844167,-97.2216,Tarrant County,8.358668977535434,60.0,46.0,54.0,56.0
48439113218,32.868303,-97.194653,Tarrant County,8.485258445278674,41.0,18.0,21.0,57.0
48439113221,32.853776,-97.203317,Tarrant County,8.284625503376073,53.0,33.0,42.0,57.0
48439113222,32.84004,-97.19781,Tarrant County,8.22490303344388,69.0,51.0,64.0,75.0
48439113223,32.842424,-97.20811,Tarrant County,8.188377759594434,58.0,48.0,55.0,0.0
48439113301,32.816296,-97.224531,Tarrant County,8.294798458187513,46.0,26.0,31.0,0.0
48439113302,32.804363,-97.233331,Tarrant County,8.112158923603419,54.0,72.0,64.0,71.0
48439113403,32.830138,-97.19174,Tarrant County,8.052713459228789,52.0,62.0,58.0,0.0
48439113404,32.830085,-97.174745,Tarrant County,7.970044262844864,53.0,62.0,58.0,66.0
48439113407,32.816848,-97.15968,Tarrant County,7.919185002013025,80.0,89.0,89.0,94.0
48439113408,32.816942,-97.175881,Tarrant County,8.022442246676786,57.0,34.0,46.0,73.0
48439113409,32.813244,-97.196129,Tarrant County,7.992839031073889,40.0,30.0,29.0,48.0
48439113410,32.81823,-97.20315,Tarrant County,8.002855467207583,73.0,69.0,74.0,88.0
48439113509,32.845349,-97.091385,Tarrant County,8.063876094767506,72.0,63.0,71.0,83.0
48439113510,32.845564,-97.073646,Tarrant County,7.981030026193048,76.0,49.0,69.0,60.0
48439113511,32.826177,-97.116049,Tarrant County,7.753564078085402,73.0,41.0,63.0,82.0
48439113512,32.830162,-97.122404,Tarrant County,7.786626931437333,69.0,39.0,59.0,48.0
48439113513,32.82917,-97.077584,Tarrant County,7.9754478393981705,77.0,42.0,68.0,42.0
48439113514,32.830228,-97.091713,Tarrant County,7.982409060238315,77.0,80.0,82.0,90.0
48439113516,32.858084,-97.091233,Tarrant County,8.222558264978158,46.0,26.0,31.0,56.0
48439113517,32.857478,-97.078484,Tarrant County,8.237191675035385,74.0,32.0,61.0,64.0
48439113519,32.873402,-97.089757,Tarrant County,8.296628417355878,62.0,26.0,45.0,54.0
48439113520,32.871572,-97.0746,Tarrant County,8.253424634932909,70.0,14.0,47.0,57.0
48439113521,32.859143,-97.071348,Tarrant County,8.28347475159584,74.0,44.0,66.0,75.0
48439113522,32.85506,-97.06818,Tarrant County,8.283318436110305,73.0,44.0,65.0,35.0
48439113607,32.831845,-97.160845,Tarrant County,7.894156903988928,67.0,48.0,62.0,61.0
48439113611,32.872111,-97.17814,Tarrant County,8.27880062935841,43.0,15.0,21.0,37.0
48439113612,32.859238,-97.169452,Tarrant County,8.116769080636102,42.0,3.0,10.0,0.0
48439113613,32.845591,-97.175085,Tarrant County,7.990351277196912,49.0,13.0,24.0,63.0
48439113618,32.829106,-97.142468,Tarrant County,7.752968330054503,66.0,44.0,59.0,39.0
48439113619,32.818253,-97.143194,Tarrant County,7.560480502929922,75.0,56.0,71.0,82.0
48439113622,32.873851,-97.125819,Tarrant County,8.044480542947374,51.0,9.0,23.0,0.0
48439113623,32.862764,-97.118891,Tarrant County,8.057656637228318,23.0,10.0,6.0,0.0
48439113624,32.855859,-97.116062,Tarrant County,8.07502524904393,42.0,15.0,20.0,49.0
48439113625,32.863493,-97.145756,Tarrant County,8.015459687788471,41.0,5.0,12.0,38.0
48439113626,32.856948,-97.147666,Tarrant County,7.886798926012368,43.0,12.0,18.0,57.0
48439113628,32.841952,-97.119765,Tarrant County,7.873935612568863,70.0,45.0,63.0,79.0
48439113629,32.844594,-97.149692,Tarrant County,7.713789285089327,54.0,13.0,29.0,67.0
48439113630,32.846411,-97.144352,Tarrant County,7.789146571762234,60.0,59.0,62.0,79.0
48439113632,32.90208,-97.112827,Tarrant County,8.211931874262936,36.0,4.0,8.0,35.0
48439113633,32.88894,-97.113647,Tarrant County,8.392662485264688,43.0,3.0,11.0,67.0
48439113634,32.894907,-97.135421,Tarrant County,7.980661297497012,38.0,1.0,5.0,34.0
48439113635,32.916407,-97.111398,Tarrant County,7.9742010241775,69.0,53.0,65.0,87.0
48439113636,32.913875,-97.102714,Tarrant County,8.057157213520751,72.0,61.0,70.0,91.0
48439113637,32.848371,-97.124514,Tarrant County,7.9616844933254445,53.0,51.0,52.0,86.0
48439113638,32.848473,-97.107049,Tarrant County,8.03680925015722,50.0,13.0,25.0,42.0
48439113639,32.890213,-97.169668,Tarrant County,8.031829964729907,28.0,5.0,5.0,0.0
48439113640,32.911079,-97.161769,Tarrant County,7.898379804443662,36.0,4.0,8.0,0.0
48439113707,32.964682,-97.109629,Tarrant County,8.043300447677417,9.0,6.0,2.0,43.0
48439113709,32.88887,-97.089422,Tarrant County,8.142724306739304,46.0,9.0,19.0,49.0
48439113710,32.957142,-97.095261,Tarrant County,7.838624076236098,63.0,18.0,42.0,59.0
48439113711,32.947857,-97.099123,Tarrant County,7.733131211561829,41.0,10.0,16.0,61.0
48439113712,32.934745,-97.076793,Tarrant County,7.998827852666067,54.0,35.0,43.0,83.0
48439113713,32.922698,-97.109258,Tarrant County,7.9713287440855725,67.0,59.0,66.0,74.0
48439113714,32.951038,-97.083076,Tarrant County,7.780235825696965,41.0,41.0,37.0,86.0
48439113715,32.975557,-97.043253,Tarrant County,7.980679297643716,72.0,67.0,73.0,60.0
48439113716,32.947848,-97.069421,Tarrant County,7.778740677243706,60.0,9.0,32.0,59.0
48439113803,32.887043,-97.246916,Tarrant County,8.318615527361787,53.0,19.0,32.0,45.0
48439113808,32.875321,-97.24762,Tarrant County,8.434607606543478,57.0,46.0,52.0,43.0
48439113809,32.866001,-97.252533,Tarrant County,8.513466951304261,54.0,43.0,48.0,79.0
48439113810,32.855784,-97.249765,Tarrant County,8.684229190778657,64.0,42.0,56.0,88.0
48439113811,32.846903,-97.254734,Tarrant County,8.449759838146441,73.0,40.0,63.0,75.0
48439113812,32.902544,-97.244119,Tarrant County,8.31616707723102,45.0,8.0,17.0,75.0
48439113813,32.899893,-97.227156,Tarrant County,8.222755854259843,36.0,2.0,5.0,39.0
48439113814,32.899653,-97.200284,Tarrant County,8.186356180728291,39.0,4.0,9.0,38.0
48439113815,32.915589,-97.20445,Tarrant County,7.868189267476922,34.0,1.0,4.0,0.0
48439113816,32.918144,-97.2362,Tarrant County,8.182486753300607,34.0,1.0,4.0,0.0
48439113906,32.958959,-97.170874,Tarrant County,8.175616990788619,50.0,3.0,15.0,0.0
48439113908,32.931549,-97.170115,Tarrant County,7.810550003704298,52.0,3.0,18.0,44.0
48439113912,32.933245,-97.201178,Tarrant County,7.969661291927133,23.0,2.0,2.0,40.0
48439113916,32.867942,-97.29803,Tarrant County,8.297117390458286,71.0,65.0,72.0,62.0
48439113917,32.866443,-97.272574,Tarrant County,8.342857301787202,65.0,47.0,59.0,64.0
48439113918,32.870521,-97.285138,Tarrant County,8.362608795905867,69.0,38.0,59.0,72.0
48439113919,32.883432,-97.280698,Tarrant County,8.300482474290778,64.0,14.0,40.0,51.0
48439113920,32.884985,-97.266992,Tarrant County,8.102171334449634,67.0,4.0,36.0,38.0
48439113923,32.873168,-97.309916,Tarrant County,8.154236648654765,66.0,13.0,41.0,44.0
48439113924,32.887081,-97.300327,Tarrant County,8.299796388206712,62.0,21.0,42.0,44.0
48439113925,32.878232,-97.296136,Tarrant County,8.331111321526048,68.0,8.0,40.0,58.0
48439113930,32.880688,-97.335754,Tarrant County,8.218591697006515,73.0,18.0,53.0,54.0
48439113931,32.904338,-97.326441,Tarrant County,8.310770352735398,66.0,10.0,39.0,76.0
48439113932,32.923542,-97.33963,Tarrant County,8.366964738335232,62.0,8.0,33.0,54.0
48439113933,32.922876,-97.309619,Tarrant County,8.268459263712193,58.0,22.0,39.0,0.0
48439113934,32.924855,-97.297648,Tarrant County,8.344906134764138,61.0,19.0,40.0,0.0
48439113935,32.925038,-97.289805,Tarrant County,8.371250578824753,55.0,19.0,34.0,69.0
48439113936,32.906421,-97.297834,Tarrant County,8.368125499647938,55.0,4.0,22.0,50.0
48439113937,32.905381,-97.310827,Tarrant County,8.31504976897385,58.0,7.0,27.0,0.0
48439113938,32.898229,-97.301314,Tarrant County,8.363026545416773,63.0,22.0,44.0,36.0
48439113939,32.945565,-97.294435,Tarrant County,8.031033186588324,67.0,27.0,51.0,48.0
48439113940,32.954768,-97.293483,Tarrant County,7.994117360881067,56.0,5.0,24.0,47.0
48439113941,32.980039,-97.284097,Tarrant County,7.86667403252367,61.0,28.0,45.0,0.0
48439113942,32.964603,-97.27286,Tarrant County,8.076816937402606,63.0,15.0,40.0,36.0
48439113943,32.961975,-97.260678,Tarrant County,8.14701983699538,65.0,5.0,34.0,84.0
48439113944,32.946398,-97.275598,Tarrant County,8.030936784932248,40.0,9.0,14.0,48.0
48439113945,32.945335,-97.263882,Tarrant County,8.073047944852503,40.0,7.0,12.0,0.0
48439113946,32.897806,-97.281395,Tarrant County,8.330747098535673,37.0,24.0,23.0,70.0
48439113947,32.906413,-97.279169,Tarrant County,8.206314054141304,60.0,40.0,52.0,0.0
48439113948,32.902691,-97.265695,Tarrant County,8.218844744224715,52.0,55.0,54.0,56.0
48439113949,32.917135,-97.279399,Tarrant County,8.220068144617702,60.0,17.0,37.0,0.0
48439113950,32.925597,-97.270246,Tarrant County,8.142675247196031,56.0,4.0,22.0,52.0
48439113951,32.931241,-97.235596,Tarrant County,8.01149319324836,20.0,12.0,6.0,0.0
48439113952,32.939003,-97.234764,Tarrant County,8.15359016581102,41.0,47.0,42.0,43.0
48439113953,32.960698,-97.235144,Tarrant County,8.170288372429969,45.0,5.0,14.0,55.0
48439113954,32.960408,-97.198852,Tarrant County,8.140987416013143,25.0,3.0,3.0,0.0
48439113955,32.977938,-97.138053,Tarrant County,8.09764236403591,40.0,2.0,8.0,34.0
48439113956,32.958484,-97.13831,Tarrant County,8.024737336743152,60.0,2.0,23.0,0.0
48439113957,32.932531,-97.136099,Tarrant County,7.698500992093908,41.0,3.0,10.0,0.0
48439113958,32.922481,-97.141539,Tarrant County,7.773596942347418,33.0,11.0,12.0,73.0
48439114003,32.869388,-97.349629,Tarrant County,8.486391958241972,67.0,30.0,53.0,70.0
48439114006,32.853,-97.374637,Tarrant County,8.527637309070176,55.0,38.0,46.0,0.0
48439114009,32.860984,-97.414349,Tarrant County,8.824276061473812,74.0,38.0,64.0,65.0
48439114010,32.839701,-97.408804,Tarrant County,8.534516958256875,65.0,18.0,44.0,37.0
48439114011,32.834545,-97.417104,Tarrant County,8.428430281183964,51.0,22.0,33.0,0.0
48439114012,32.869739,-97.405165,Tarrant County,8.67779263693903,63.0,31.0,49.0,46.0
48439114013,32.841779,-97.379138,Tarrant County,8.459869671493186,73.0,65.0,73.0,46.0
48439114014,32.869636,-97.384018,Tarrant County,8.441589201110993,67.0,14.0,43.0,77.0
48439114015,32.865153,-97.372788,Tarrant County,8.44542859033535,78.0,11.0,54.0,77.0
48439114105,32.959374,-97.465095,Tarrant County,7.7581130938534315,19.0,6.0,3.0,0.0
48439114106,32.894917,-97.412131,Tarrant County,8.143425242787954,64.0,58.0,64.0,55.0
48439114107,32.869199,-97.438556,Tarrant County,8.556712304409524,51.0,20.0,31.0,41.0
48439114108,32.887589,-97.445678,Tarrant County,8.4698188902638,29.0,20.0,15.0,42.0
48439114109,32.904225,-97.363196,Tarrant County,8.13213770934876,63.0,7.0,33.0,34.0
48439114110,32.932189,-97.383456,Tarrant County,8.022170119065409,45.0,5.0,14.0,55.0
48439114111,32.956446,-97.385941,Tarrant County,7.697195401483686,34.0,10.0,11.0,42.0
48439114112,32.980539,-97.397389,Tarrant County,7.175434284163833,40.0,5.0,10.0,0.0
48439114113,32.987709,-97.376915,Tarrant County,7.226690435503062,58.0,4.0,25.0,0.0
48439114203,32.942612,-97.524122,Tarrant County,8.41369406700886,28.0,52.0,37.0,49.0
48439114204,32.897362,-97.529858,Tarrant County,8.341664386429596,43.0,54.0,48.0,53.0
48439114205,32.872689,-97.528451,Tarrant County,8.424047884936806,33.0,64.0,48.0,0.0
48439114206,32.839376,-97.516049,Tarrant County,7.882068732229922,35.0,42.0,34.0,55.0
48439114207,32.782339,-97.502143,Tarrant County,8.263061062729733,47.0,7.0,18.0,61.0
48439121605,32.748662,-97.12551,Tarrant County,7.989018112413375,60.0,33.0,48.0,0.0
48439121606,32.71453,-97.182643,Tarrant County,8.122146600075013,47.0,29.0,34.0,47.0
48439121608,32.700999,-97.189629,Tarrant County,7.985601671736204,48.0,34.0,38.0,39.0
48439121609,32.685099,-97.213946,Tarrant County,8.05732965612088,55.0,14.0,31.0,55.0
48439121610,32.687723,-97.193827,Tarrant County,8.01179844039535,44.0,32.0,34.0,60.0
48439121611,32.676028,-97.21252,Tarrant County,8.05881837561787,67.0,57.0,66.0,47.0
48439121612,32.746706,-97.1575,Tarrant County,8.038086532638276,54.0,25.0,38.0,75.0
48439121613,32.742275,-97.14659,Tarrant County,8.094754342488251,65.0,54.0,63.0,76.0
48439121614,32.739943,-97.135375,Tarrant County,8.068483344826465,82.0,97.0,95.0,89.0
48439121615,32.752054,-97.138844,Tarrant County,8.106390762066706,76.0,40.0,65.0,0.0
48439121702,32.752511,-97.092747,Tarrant County,8.18577468180943,81.0,45.0,72.0,61.0
48439121703,32.750758,-97.113627,Tarrant County,8.131850328322558,83.0,90.0,91.0,93.0
48439121704,32.749612,-97.103988,Tarrant County,8.123026180931907,83.0,90.0,91.0,95.0
48439121904,32.725873,-97.059098,Tarrant County,7.939243566498538,86.0,80.0,87.0,91.0
48439121905,32.709904,-97.074299,Tarrant County,7.888403943036539,90.0,98.0,98.0,96.0
48439121906,32.717317,-97.070316,Tarrant County,7.8853703457421505,88.0,87.0,91.0,97.0
48439121907,32.723775,-97.052715,Tarrant County,8.000574952505826,91.0,94.0,96.0,94.0
48439121908,32.718978,-97.055019,Tarrant County,7.918140841269143,94.0,96.0,97.0,96.0
48439122001,32.724428,-97.070949,Tarrant County,7.9568066421159935,83.0,84.0,87.0,95.0
48439122002,32.731719,-97.071166,Tarrant County,7.949473033312881,89.0,84.0,90.0,87.0
48439122100,32.72846,-97.086907,Tarrant County,8.144167796421947,85.0,89.0,91.0,86.0
48439122200,32.741534,-97.106776,Tarrant County,8.121538004418978,86.0,92.0,93.0,97.0
48439122300,32.733145,-97.11317,Tarrant County,7.919544685799,73.0,97.0,93.0,74.0
48439122401,32.725553,-97.105436,Tarrant County,8.210065041291193,80.0,97.0,95.0,98.0
48439122402,32.727085,-97.120448,Tarrant County,7.880165243155458,58.0,65.0,63.0,63.0
48439122500,32.728543,-97.140339,Tarrant County,8.061019406628006,57.0,47.0,53.0,76.0
48439122600,32.714802,-97.138419,Tarrant County,8.205131825834819,50.0,65.0,58.0,46.0
48439122701,32.713139,-97.11864,Tarrant County,8.125808527616206,74.0,84.0,83.0,81.0
48439122702,32.713177,-97.126977,Tarrant County,8.175486399031364,68.0,81.0,77.0,66.0
48439122801,32.71425,-97.11199,Tarrant County,8.21380880416979,91.0,96.0,97.0,95.0
48439122802,32.711753,-97.103104,Tarrant County,8.270995783754483,81.0,88.0,89.0,93.0
48439122901,32.717282,-97.089676,Tarrant County,8.220518000736252,89.0,56.0,81.0,95.0
48439122902,32.710244,-97.089332,Tarrant County,8.108516472136218,88.0,91.0,93.0,98.0
48439123001,32.740189,-97.428351,Tarrant County,8.336193314228318,58.0,79.0,71.0,86.0
48439123002,32.740518,-97.420009,Tarrant County,8.321112379489232,29.0,50.0,36.0,35.0
48439123100,32.737929,-97.311122,Tarrant County,8.413081814592081,88.0,95.0,95.0,84.0
48439123200,32.766905,-97.329438,Tarrant County,8.656215003142773,69.0,54.0,66.0,69.0
48439123301,32.748885,-97.34246,Tarrant County,8.524029337677543,40.0,28.0,28.0,0.0
48439123302,32.754883,-97.33429,Tarrant County,8.583923439650679,63.0,37.0,53.0,64.0
48439123500,32.723743,-97.315833,Tarrant County,8.553876785381224,94.0,92.0,95.0,90.0
48439123600,32.730841,-97.328469,Tarrant County,8.628955069951079,73.0,86.0,83.0,84.0
48439123700,32.73248,-97.343513,Tarrant County,8.618964826501736,50.0,43.0,46.0,54.0
48439980000,32.923134,-97.093629,Tarrant County,8.004018811722693,0.0,0.0,0.0,0.0
48441010100,32.469369,-99.709409,Taylor County,7.6590153068713,41.0,84.0,67.0,43.0
48441010200,32.481035,-99.731637,Taylor County,7.654503399185794,70.0,96.0,90.0,79.0
48441010300,32.483428,-99.750655,Taylor County,7.652530138745113,74.0,97.0,93.0,41.0
48441010400,32.474255,-99.748998,Taylor County,7.657758888841429,80.0,92.0,91.0,78.0
48441010500,32.474607,-99.766206,Taylor County,7.659431126209439,77.0,86.0,85.0,39.0
48441010600,32.466327,-99.768085,Taylor County,7.6556838166280885,62.0,43.0,55.0,66.0
48441010700,32.465585,-99.749719,Taylor County,7.657657077068769,78.0,78.0,82.0,84.0
48441010800,32.464915,-99.73251,Taylor County,7.657657077068769,80.0,91.0,90.0,85.0
48441010900,32.449141,-99.704909,Taylor County,7.6568646542362195,52.0,69.0,62.0,59.0
48441011000,32.456486,-99.734646,Taylor County,7.65753849413257,74.0,50.0,68.0,0.0
48441011200,32.456076,-99.748641,Taylor County,7.65753849413257,72.0,92.0,87.0,90.0
48441011300,32.457233,-99.772449,Taylor County,7.655565233691889,61.0,54.0,60.0,66.0
48441011400,32.441552,-99.778743,Taylor County,7.657826483086578,60.0,53.0,59.0,53.0
48441011500,32.441416,-99.764134,Taylor County,7.657826483086578,55.0,62.0,60.0,82.0
48441011600,32.437206,-99.750485,Taylor County,7.657826483086578,45.0,45.0,44.0,45.0
48441011700,32.445973,-99.746734,Taylor County,7.657826483086578,73.0,82.0,80.0,82.0
48441011900,32.436835,-99.737207,Taylor County,7.657826483086578,77.0,96.0,93.0,82.0
48441012000,32.426947,-99.7068,Taylor County,7.657666963148862,19.0,3.0,2.0,0.0
48441012100,32.41858,-99.720762,Taylor County,7.655508453134459,27.0,99.0,88.0,0.0
48441012200,32.422588,-99.736099,Taylor County,7.655508453134459,64.0,74.0,71.0,62.0
48441012300,32.424773,-99.751808,Taylor County,7.655508453134459,61.0,79.0,73.0,0.0
48441012400,32.410378,-99.752472,Taylor County,7.655508453134459,52.0,74.0,65.0,82.0
48441012500,32.419669,-99.764654,Taylor County,7.655508453134459,51.0,53.0,52.0,0.0
48441012600,32.422893,-99.773789,Taylor County,7.655508453134459,33.0,20.0,17.0,0.0
48441012701,32.383146,-99.764691,Taylor County,7.655508453134459,49.0,14.0,25.0,0.0
48441012702,32.389561,-99.757075,Taylor County,7.655508453134459,40.0,34.0,32.0,72.0
48441012801,32.400495,-99.769945,Taylor County,7.655508453134459,64.0,84.0,77.0,71.0
48441012802,32.415062,-99.788844,Taylor County,7.655508453134459,53.0,62.0,59.0,0.0
48441012900,32.416561,-99.820085,Taylor County,7.653535192693781,52.0,78.0,67.0,40.0
48441013000,32.419752,-99.839178,Taylor County,7.655207430061794,71.0,1.0,36.0,0.0
48441013100,32.448587,-99.796671,Taylor County,7.655565233691889,68.0,86.0,80.0,70.0
48441013200,32.467556,-99.842244,Taylor County,8.14793046450998,49.0,62.0,56.0,45.0
48441013300,32.49273,-99.696955,Taylor County,7.6534242707046065,45.0,70.0,59.0,67.0
48441013401,32.425287,-99.797741,Taylor County,7.655508453134459,60.0,85.0,76.0,48.0
48441013402,32.364478,-99.784965,Taylor County,7.654389678431172,40.0,43.0,39.0,44.0
48441013404,32.368779,-99.702724,Taylor County,7.6550529687489,50.0,25.0,33.0,0.0
48441013501,32.186121,-99.857691,Taylor County,8.14828644943415,33.0,72.0,54.0,33.0
48441013502,32.269431,-99.780707,Taylor County,7.654555721943167,26.0,24.0,16.0,39.0
48441013601,32.468263,-100.013128,Taylor County,8.14139587719223,44.0,64.0,54.0,56.0
48441013602,32.422086,-99.998549,Taylor County,8.146247555698165,12.0,74.0,47.0,41.0
48441980000,32.411173,-99.68411,Taylor County,7.655054858249226,0.0,0.0,0.0,0.0
48443950100,30.160108,-102.352197,Terrell County,5.242582716261632,63.0,29.0,48.0,57.0
48445950100,33.200854,-102.295909,Terry County,6.893874168118838,60.0,79.0,72.0,90.0
48445950300,33.174927,-102.281455,Terry County,6.901685003118466,87.0,96.0,97.0,95.0
48445950400,33.178966,-102.261264,Terry County,6.914250470019928,73.0,79.0,80.0,80.0
48447950300,33.141356,-99.139569,Throckmorton County,7.707787226664286,26.0,67.0,48.0,55.0
48449950100,33.32441,-95.047943,Titus County,10.260439830069553,54.0,85.0,73.0,61.0
48449950200,33.152322,-95.084662,Titus County,8.56742824631044,67.0,64.0,69.0,70.0
48449950301,33.229817,-94.941031,Titus County,9.969315535559078,63.0,82.0,75.0,66.0
48449950302,33.176008,-94.997495,Titus County,8.994601267086361,66.0,81.0,76.0,80.0
48449950400,33.139703,-94.877032,Titus County,9.275668674280618,52.0,61.0,57.0,81.0
48449950500,33.162219,-94.95513,Titus County,9.023294026068198,88.0,70.0,84.0,81.0
48449950600,33.165573,-94.979419,Titus County,8.907724276375047,81.0,87.0,88.0,89.0
48449950700,33.147329,-94.974731,Titus County,8.884716138605288,87.0,94.0,95.0,92.0
48449950800,33.145428,-94.95915,Titus County,8.858016958637437,74.0,77.0,79.0,78.0
48451000100,31.502702,-100.4685,Tom Green County,7.139622205201912,58.0,53.0,57.0,0.0
48451000200,31.502923,-100.450099,Tom Green County,7.143645403961051,73.0,67.0,74.0,80.0
48451000300,31.484451,-100.406743,Tom Green County,7.162216867705814,69.0,69.0,72.0,72.0
48451000400,31.481664,-100.442971,Tom Green County,7.1474850488178,82.0,73.0,82.0,82.0
48451000700,31.465223,-100.418621,Tom Green County,7.1601569206344955,78.0,87.0,87.0,73.0
48451000801,31.429881,-100.413801,Tom Green County,7.2259625221287624,63.0,48.0,58.0,58.0
48451000802,31.446237,-100.403997,Tom Green County,7.225557647318935,73.0,42.0,64.0,89.0
48451000900,31.453003,-100.430746,Tom Green County,7.1601569206344955,70.0,65.0,71.0,78.0
48451001000,31.44841,-100.456636,Tom Green County,7.162216867705814,37.0,33.0,29.0,62.0
48451001101,31.444818,-100.496659,Tom Green County,7.14660162593397,64.0,60.0,65.0,65.0
48451001102,31.458705,-100.464327,Tom Green County,7.1474850488178,70.0,74.0,75.0,42.0
48451001200,31.467751,-100.476653,Tom Green County,7.14691087682565,72.0,69.0,74.0,67.0
48451001301,31.436862,-100.469569,Tom Green County,7.162424339093111,66.0,52.0,63.0,43.0
48451001303,31.428997,-100.489135,Tom Green County,7.163014797079224,66.0,36.0,55.0,0.0
48451001304,31.422907,-100.474911,Tom Green County,7.160878584732408,57.0,72.0,66.0,60.0
48451001401,31.419272,-100.451845,Tom Green County,7.221198851872416,71.0,65.0,72.0,79.0
48451001402,31.435435,-100.441839,Tom Green County,7.1601569206344955,90.0,63.0,83.0,40.0
48451001500,31.431659,-100.40735,Tom Green County,7.2259625221287624,68.0,98.0,92.0,0.0
48451001600,31.465504,-100.307583,Tom Green County,8.246974697228294,46.0,42.0,43.0,75.0
48451001702,31.575293,-100.548777,Tom Green County,6.595360134077685,64.0,80.0,74.0,42.0
48451001706,31.415584,-100.489148,Tom Green County,7.160878584732408,50.0,9.0,22.0,63.0
48451001707,31.41531,-100.502476,Tom Green County,7.16283417614188,52.0,17.0,30.0,66.0
48451001708,31.381623,-100.469901,Tom Green County,7.228089691137505,40.0,25.0,26.0,63.0
48451001709,31.56119,-100.580613,Tom Green County,6.594814160668611,50.0,69.0,61.0,0.0
48451001710,31.314377,-100.538663,Tom Green County,7.026464711948788,40.0,22.0,24.0,0.0
48451001800,31.470929,-100.450334,Tom Green County,7.1474850488178,81.0,94.0,93.0,81.0
48451980000,31.354956,-100.498281,Tom Green County,7.0281479312506,0.0,0.0,0.0,0.0
48453000101,30.320397,-97.753619,Travis County,6.681204744338932,27.0,15.0,11.0,0.0
48453000102,30.329102,-97.76771,Travis County,6.810186411484482,21.0,6.0,4.0,47.0
48453000203,30.312596,-97.735026,Travis County,6.976518631388688,57.0,65.0,63.0,63.0
48453000204,30.306873,-97.744188,Travis County,6.6121688288324325,43.0,29.0,30.0,61.0
48453000205,30.325459,-97.734277,Travis County,6.663170519205469,47.0,37.0,39.0,59.0
48453000206,30.325549,-97.743039,Travis County,6.477739587381479,40.0,54.0,46.0,61.0
48453000302,30.303502,-97.728024,Travis County,6.863798507654726,64.0,67.0,68.0,86.0
48453000304,30.308948,-97.717822,Travis County,6.805918857608204,45.0,43.0,41.0,69.0
48453000305,30.314628,-97.726001,Travis County,6.889601201981492,37.0,42.0,36.0,36.0
48453000307,30.29715,-97.712419,Travis County,6.838524398911013,38.0,16.0,18.0,33.0
48453000308,30.295844,-97.697057,Travis County,7.01183458516358,59.0,37.0,50.0,0.0
48453000309,30.297618,-97.704097,Travis County,6.623282090036092,56.0,13.0,31.0,60.0
48453000401,30.290594,-97.723357,Travis County,6.645132758990684,58.0,65.0,63.0,46.0
48453000402,30.284898,-97.713158,Travis County,6.968343558464489,65.0,58.0,64.0,0.0
48453000500,30.296221,-97.734559,Travis County,6.594822230835912,35.0,79.0,61.0,67.0
48453000601,30.286003,-97.737574,Travis County,5.985877732183552,71.0,99.0,95.0,0.0
48453000605,30.292214,-97.746895,Travis County,6.421740175248131,62.0,98.0,91.0,81.0
48453000606,30.290663,-97.744238,Travis County,6.268572369326846,69.0,99.0,95.0,57.0
48453000607,30.285539,-97.747521,Travis County,6.43665207516832,68.0,99.0,94.0,0.0
48453000608,30.285286,-97.743848,Travis County,6.4860721776125105,77.0,99.0,98.0,0.0
48453000700,30.280502,-97.744261,Travis County,6.460067322938302,56.0,74.0,67.0,0.0
48453000801,30.266317,-97.702154,Travis County,7.328105939180053,66.0,48.0,61.0,65.0
48453000802,30.274324,-97.706729,Travis County,6.953337688666004,71.0,75.0,76.0,0.0
48453000803,30.277378,-97.71735,Travis County,6.612392621270169,63.0,40.0,54.0,0.0
48453000804,30.270134,-97.721235,Travis County,6.79962210124887,72.0,79.0,79.0,54.0
48453000901,30.266196,-97.7252,Travis County,6.9550214569564,65.0,53.0,62.0,0.0
48453000902,30.260318,-97.719283,Travis County,6.970631918240574,67.0,60.0,67.0,50.0
48453001000,30.254052,-97.726293,Travis County,7.040208975246128,59.0,54.0,58.0,84.0
48453001101,30.270071,-97.741672,Travis County,6.514775002306997,65.0,74.0,71.0,0.0
48453001102,30.266849,-97.748619,Travis County,6.462186606092758,23.0,6.0,4.0,58.0
48453001103,30.259945,-97.739678,Travis County,6.5781454759925175,49.0,14.0,25.0,68.0
48453001200,30.272647,-97.756882,Travis County,6.422125080812107,41.0,15.0,19.0,56.0
48453001304,30.248307,-97.773912,Travis County,6.779823796197177,29.0,11.0,9.0,37.0
48453001307,30.236486,-97.768436,Travis County,6.826213030945417,60.0,67.0,66.0,62.0
48453001308,30.232678,-97.762344,Travis County,6.562632560556511,65.0,40.0,56.0,0.0
48453001309,30.261171,-97.763593,Travis County,6.627612756999562,29.0,8.0,8.0,0.0
48453001310,30.255917,-97.763103,Travis County,6.49140198559554,51.0,21.0,32.0,39.0
48453001311,30.257513,-97.750735,Travis County,6.508144195675481,51.0,15.0,28.0,0.0
48453001312,30.247349,-97.758425,Travis County,6.527268020929678,55.0,29.0,41.0,0.0
48453001401,30.250221,-97.746223,Travis County,6.583257359386287,38.0,31.0,29.0,0.0
48453001402,30.242441,-97.741007,Travis County,6.738393953674274,51.0,13.0,26.0,45.0
48453001403,30.239486,-97.734964,Travis County,7.038722867147187,52.0,34.0,42.0,80.0
48453001501,30.347361,-97.743378,Travis County,6.6239468759782,35.0,2.0,5.0,49.0
48453001503,30.326043,-97.717108,Travis County,6.596665281107793,66.0,28.0,51.0,54.0
48453001504,30.345176,-97.724014,Travis County,7.078543258253753,51.0,15.0,28.0,34.0
48453001505,30.336966,-97.730603,Travis County,6.957060821682745,41.0,13.0,18.0,45.0
48453001602,30.283727,-97.773465,Travis County,6.816349188377841,56.0,48.0,53.0,84.0
48453001603,30.298888,-97.757,Travis County,6.570233137874216,34.0,26.0,22.0,0.0
48453001604,30.301016,-97.773201,Travis County,6.775446622324097,24.0,4.0,3.0,0.0
48453001605,30.286421,-97.761309,Travis County,6.607234779647224,17.0,14.0,6.0,0.0
48453001606,30.306699,-97.758547,Travis County,6.648445810079988,69.0,95.0,88.0,0.0
48453001910,30.266705,-97.800429,Travis County,6.793895155883096,41.0,9.0,14.0,32.0
48453001911,30.256805,-97.7921,Travis County,6.738001999712765,55.0,8.0,26.0,48.0
48453001912,30.330214,-97.815614,Travis County,6.905606028015226,41.0,8.0,14.0,52.0
48453001913,30.317617,-97.795688,Travis County,6.576624785627875,28.0,4.0,4.0,0.0
48453001914,30.251208,-97.834759,Travis County,6.9053265842730385,43.0,6.0,13.0,56.0
48453001915,30.243565,-97.847502,Travis County,6.967315216596541,41.0,32.0,32.0,50.0
48453001916,30.302732,-97.882697,Travis County,6.90021096800099,43.0,23.0,26.0,52.0
48453001917,30.280907,-97.835025,Travis County,6.772255858429221,41.0,10.0,16.0,38.0
48453001918,30.293394,-97.810265,Travis County,6.690172955888253,36.0,4.0,7.0,0.0
48453001919,30.277194,-97.794534,Travis County,6.8030414206823915,42.0,6.0,13.0,47.0
48453001920,30.251487,-97.883734,Travis County,6.961539840888518,70.0,54.0,66.0,83.0
48453001921,30.284846,-97.872022,Travis County,6.929089779948021,9.0,8.0,2.0,42.0
48453001922,30.245808,-97.791192,Travis County,6.796136324332061,52.0,32.0,40.0,0.0
48453001923,30.255609,-97.778464,Travis County,6.746173563315536,48.0,28.0,34.0,0.0
48453002002,30.222725,-97.784997,Travis County,7.02521695693452,46.0,26.0,31.0,52.0
48453002003,30.21816,-97.773641,Travis County,7.0575183386387215,66.0,60.0,66.0,72.0
48453002004,30.237547,-97.786305,Travis County,6.855398316174541,61.0,55.0,60.0,64.0
48453002006,30.23296,-97.777275,Travis County,6.929112982347423,59.0,52.0,57.0,74.0
48453002007,30.238443,-97.781152,Travis County,6.831493283300813,50.0,27.0,35.0,68.0
48453002104,30.314553,-97.696759,Travis County,7.166346886368174,47.0,37.0,39.0,72.0
48453002105,30.315301,-97.70513,Travis County,6.841900634902701,80.0,92.0,91.0,90.0
48453002106,30.307223,-97.68944,Travis County,7.264071085344933,65.0,24.0,47.0,62.0
48453002107,30.299666,-97.680249,Travis County,7.27636869441003,71.0,47.0,64.0,55.0
48453002108,30.299321,-97.669271,Travis County,7.461780842657854,83.0,68.0,81.0,63.0
48453002109,30.28215,-97.688446,Travis County,7.345764819213758,65.0,42.0,57.0,36.0
48453002110,30.274661,-97.67962,Travis County,7.4797803582823095,78.0,66.0,77.0,76.0
48453002111,30.262379,-97.688095,Travis County,7.472642078239682,74.0,68.0,75.0,80.0
48453002112,30.316235,-97.682724,Travis County,7.283309697193827,79.0,89.0,88.0,83.0
48453002113,30.316414,-97.671673,Travis County,7.284521655313073,65.0,28.0,50.0,75.0
48453002201,30.312047,-97.655155,Travis County,7.293187517564641,88.0,83.0,89.0,83.0
48453002211,30.276203,-97.625268,Travis County,7.470701819463548,84.0,19.0,65.0,85.0
48453002213,30.288859,-97.641485,Travis County,7.522520123629365,84.0,90.0,91.0,92.0
48453002214,30.28244,-97.652798,Travis County,7.486650058895635,83.0,58.0,77.0,89.0
48453002215,30.25701,-97.578814,Travis County,7.5918442427843384,91.0,86.0,92.0,89.0
48453002216,30.234513,-97.589397,Travis County,7.635864082361147,78.0,52.0,72.0,47.0
48453002217,30.343873,-97.489514,Travis County,7.591735380499999,83.0,36.0,70.0,42.0
48453002218,30.319847,-97.52842,Travis County,7.817395491999891,83.0,37.0,70.0,34.0
48453002219,30.293037,-97.517209,Travis County,7.818587242597147,80.0,63.0,77.0,84.0
48453002220,30.317469,-97.639627,Travis County,7.187292658291024,90.0,96.0,97.0,98.0
48453002221,30.311285,-97.623409,Travis County,7.499095341812583,93.0,72.0,87.0,95.0
48453002222,30.299307,-97.633079,Travis County,7.4643659984231485,93.0,80.0,90.0,80.0
48453002304,30.242661,-97.72596,Travis County,7.210555164980822,60.0,20.0,39.0,59.0
48453002307,30.224449,-97.740165,Travis County,6.883498310133111,62.0,65.0,65.0,70.0
48453002310,30.223225,-97.666247,Travis County,7.4946362856950755,88.0,86.0,91.0,92.0
48453002313,30.224665,-97.729477,Travis County,7.323933029005856,77.0,89.0,87.0,84.0
48453002314,30.226977,-97.720412,Travis County,7.378861088561114,78.0,73.0,79.0,86.0
48453002315,30.233484,-97.731585,Travis County,7.326654220058732,81.0,79.0,84.0,94.0
48453002316,30.235009,-97.72799,Travis County,7.142676716693038,80.0,85.0,86.0,87.0
48453002319,30.199629,-97.645362,Travis County,7.523124718765899,78.0,100.0,99.0,0.0
48453002320,30.220198,-97.699855,Travis County,7.276220747184863,74.0,77.0,79.0,90.0
48453002321,30.229733,-97.695085,Travis County,7.319806705737136,83.0,76.0,84.0,97.0
48453002322,30.223819,-97.756854,Travis County,6.841041399389969,75.0,55.0,71.0,79.0
48453002323,30.233032,-97.751367,Travis County,6.723851585245692,68.0,75.0,74.0,94.0
48453002324,30.234973,-97.718662,Travis County,7.265389461807309,76.0,95.0,91.0,90.0
48453002325,30.23108,-97.706598,Travis County,7.2950337732242065,83.0,88.0,89.0,70.0
48453002326,30.244322,-97.712731,Travis County,7.196414678773856,77.0,91.0,89.0,77.0
48453002327,30.237811,-97.709891,Travis County,7.288135349657197,82.0,95.0,94.0,78.0
48453002403,30.210949,-97.764926,Travis County,7.036210152158114,62.0,53.0,60.0,0.0
48453002407,30.136725,-97.808693,Travis County,7.095024510615162,62.0,38.0,52.0,59.0
48453002409,30.206071,-97.794811,Travis County,7.042019194948947,65.0,36.0,54.0,51.0
48453002410,30.205138,-97.787077,Travis County,7.067501432263218,74.0,65.0,74.0,83.0
48453002411,30.200447,-97.751337,Travis County,7.072288257316378,92.0,93.0,95.0,82.0
48453002412,30.189744,-97.751423,Travis County,7.0657780366214915,88.0,70.0,85.0,67.0
48453002413,30.197134,-97.740623,Travis County,7.066675737259335,85.0,85.0,89.0,80.0
48453002419,30.191499,-97.761384,Travis County,7.027501847596586,85.0,86.0,90.0,89.0
48453002422,30.186478,-97.783636,Travis County,6.835493374890432,69.0,28.0,54.0,77.0
48453002423,30.178952,-97.806354,Travis County,6.876470299387135,64.0,22.0,46.0,56.0
48453002424,30.194342,-97.795922,Travis County,7.001049154952283,63.0,65.0,66.0,72.0
48453002430,30.173283,-97.762255,Travis County,6.979399140747102,74.0,52.0,69.0,86.0
48453002432,30.146998,-97.712995,Travis County,7.454249493475451,77.0,45.0,68.0,80.0
48453002434,30.068173,-97.722789,Travis County,7.955157992450399,75.0,82.0,82.0,81.0
48453002436,30.106388,-97.667987,Travis County,7.540571426423041,89.0,67.0,84.0,85.0
48453002437,30.166579,-97.79722,Travis County,6.945398312085703,66.0,22.0,48.0,64.0
48453002438,30.164239,-97.80997,Travis County,6.911912299258604,69.0,41.0,60.0,49.0
48453002439,30.161315,-97.741272,Travis County,7.108802444774954,81.0,8.0,56.0,75.0
48453002440,30.14976,-97.747868,Travis County,7.12527633114284,80.0,29.0,65.0,63.0
48453002441,30.182694,-97.766085,Travis County,7.099970273148792,81.0,69.0,80.0,93.0
48453002442,30.179301,-97.756243,Travis County,6.991273362368548,89.0,56.0,81.0,92.0
48453002443,30.199076,-97.772652,Travis County,7.098620364332679,70.0,42.0,62.0,64.0
48453002444,30.203354,-97.77896,Travis County,7.099348281986696,68.0,60.0,67.0,86.0
48453002445,30.142951,-97.77648,Travis County,7.122340427412177,73.0,38.0,62.0,85.0
48453002446,30.137079,-97.786278,Travis County,7.0531093294344105,58.0,13.0,33.0,0.0
48453002447,30.197465,-97.731323,Travis County,7.38725085427769,83.0,36.0,71.0,0.0
48453002448,30.189582,-97.713481,Travis County,7.3265223187475135,83.0,19.0,64.0,63.0
48453002449,30.16099,-97.639636,Travis County,7.6148505328603555,89.0,56.0,81.0,81.0
48453002450,30.134831,-97.60373,Travis County,7.4826801963981415,84.0,77.0,85.0,74.0
48453002451,30.163774,-97.780221,Travis County,7.0793442325153295,71.0,38.0,61.0,61.0
48453002452,30.179265,-97.627043,Travis County,7.646066397109609,79.0,63.0,77.0,94.0
48453002453,30.180781,-97.588524,Travis County,7.857767232402413,85.0,37.0,72.0,0.0
48453002500,30.415477,-97.755386,Travis County,6.726340894406092,57.0,18.0,35.0,39.0
48453030000,30.36841,-97.771284,Travis County,6.630689931015198,39.0,7.0,12.0,42.0
48453030100,30.382573,-97.755562,Travis County,6.633435424990254,45.0,17.0,24.0,66.0
48453030200,30.372587,-97.746763,Travis County,6.632218932466053,40.0,20.0,22.0,72.0
48453030300,30.222027,-97.798081,Travis County,6.970716204159528,55.0,49.0,53.0,87.0
48453030400,30.211285,-97.806835,Travis County,6.970742138072453,56.0,13.0,32.0,47.0
48453030500,30.383266,-97.799165,Travis County,6.408143355069739,47.0,5.0,16.0,57.0
48453030600,30.348779,-97.760465,Travis County,6.572052240594506,40.0,21.0,23.0,43.0
48453030700,30.348726,-97.779792,Travis County,6.809126939405017,23.0,10.0,6.0,36.0
48453030800,30.399525,-97.754169,Travis County,6.681140430718487,59.0,29.0,44.0,60.0
48453030900,30.195995,-97.816758,Travis County,7.029729258627313,64.0,30.0,50.0,74.0
48453031000,30.200941,-97.830484,Travis County,7.085911363095769,48.0,21.0,29.0,59.0
48453031100,30.217945,-97.915908,Travis County,7.0455725873828055,57.0,39.0,49.0,63.0
48453031200,30.218767,-97.863327,Travis County,7.028074012870701,50.0,6.0,19.0,42.0
48453031300,30.191382,-97.858055,Travis County,7.064044686242348,52.0,19.0,32.0,62.0
48453031400,30.405891,-97.932686,Travis County,6.670690276009034,46.0,34.0,37.0,45.0
48453031500,30.369617,-97.936974,Travis County,6.743577391157143,42.0,15.0,20.0,53.0
48453031600,30.419432,-97.735093,Travis County,7.193862594910331,47.0,19.0,27.0,70.0
48453031700,30.184694,-97.837793,Travis County,7.007006310957063,66.0,44.0,59.0,0.0
48453031800,30.180165,-97.824768,Travis County,6.945843385273388,65.0,51.0,62.0,33.0
48453031900,30.168876,-97.836714,Travis County,7.004361145848829,56.0,23.0,38.0,77.0
48453032000,30.23025,-97.840658,Travis County,6.9802202369952235,61.0,26.0,45.0,61.0
48453032100,30.220389,-97.819795,Travis County,7.128785130793294,64.0,16.0,42.0,33.0
48453032200,30.362969,-97.758159,Travis County,6.229908943383173,28.0,4.0,4.0,49.0
48453032300,30.357183,-97.751276,Travis County,6.605043118160688,69.0,67.0,71.0,84.0
48453032400,30.393313,-97.739217,Travis County,6.723204401220612,68.0,9.0,41.0,82.0
48453032500,30.410163,-97.738364,Travis County,6.734984668762902,56.0,23.0,38.0,52.0
48453032600,30.412984,-97.77699,Travis County,6.839300472632399,64.0,2.0,28.0,64.0
48453032700,30.426367,-97.769652,Travis County,6.793411399266862,45.0,10.0,18.0,0.0
48453032800,30.396821,-97.763984,Travis County,6.807416165803271,47.0,2.0,11.0,41.0
48453032900,30.367941,-97.832972,Travis County,6.826865638706877,47.0,7.0,17.0,54.0
48453033000,30.240899,-97.896524,Travis County,6.964012181856731,49.0,29.0,36.0,45.0
48453033100,30.369154,-97.984435,Travis County,6.844674048281052,23.0,7.0,4.0,38.0
48453033200,30.145389,-97.837567,Travis County,7.031793675522824,73.0,14.0,50.0,60.0
48453033300,30.168705,-97.888937,Travis County,7.123387216794004,55.0,11.0,28.0,68.0
48453033400,30.210436,-97.841512,Travis County,7.085277941172632,67.0,31.0,53.0,61.0
48453033500,30.203818,-97.849159,Travis County,7.063140278629108,57.0,30.0,43.0,47.0
48453033600,30.364911,-97.967412,Travis County,6.671526301328519,44.0,7.0,15.0,38.0
48453033700,30.439924,-97.796699,Travis County,6.776777293145859,60.0,1.0,22.0,43.0
48453033800,30.429363,-97.792067,Travis County,6.812177705282194,68.0,3.0,36.0,63.0
48453033900,30.337573,-97.865655,Travis County,7.04503942782523,43.0,3.0,11.0,50.0
48453034000,30.318371,-97.925531,Travis County,6.935275838650882,59.0,13.0,34.0,43.0
48453034100,30.4402,-97.740376,Travis County,6.643619451679188,79.0,50.0,71.0,78.0
48453034200,30.433793,-97.74524,Travis County,6.637177171629125,66.0,23.0,47.0,64.0
48453034300,30.438163,-97.81555,Travis County,6.879296738160401,66.0,1.0,26.0,51.0
48453034400,30.436125,-97.834416,Travis County,6.750444976242328,60.0,53.0,59.0,86.0
48453034500,30.433592,-97.821018,Travis County,6.907939021779026,58.0,36.0,48.0,72.0
48453034600,30.412167,-97.842124,Travis County,6.743915196779999,41.0,22.0,25.0,85.0
48453034700,30.222494,-97.880431,Travis County,6.9479108630234565,45.0,9.0,17.0,81.0
48453034800,30.206777,-97.876313,Travis County,7.023033524590746,59.0,1.0,21.0,74.0
48453034900,30.373711,-97.899151,Travis County,6.846822592233249,36.0,1.0,5.0,0.0
48453035000,30.368067,-97.884903,Travis County,7.03246765396324,58.0,20.0,38.0,0.0
48453035100,30.342526,-97.914257,Travis County,7.038522555743096,53.0,1.0,14.0,54.0
48453035200,30.402832,-98.041528,Travis County,7.173708351939717,37.0,41.0,35.0,0.0
48453035300,30.411176,-98.075173,Travis County,7.467191951130257,29.0,14.0,11.0,57.0
48453035400,30.350842,-98.014597,Travis County,6.979171410637839,30.0,2.0,4.0,0.0
48453035500,30.478385,-97.854068,Travis County,6.46125503979069,31.0,1.0,2.0,56.0
48453035600,30.461924,-97.893028,Travis County,6.6394048099359235,45.0,7.0,16.0,36.0
48453035700,30.460806,-97.849937,Travis County,6.166980059744984,40.0,7.0,13.0,71.0
48453035800,30.426439,-97.857001,Travis County,6.710647730499472,53.0,34.0,42.0,39.0
48453035900,30.581104,-97.956507,Travis County,6.987810721563996,24.0,25.0,16.0,0.0
48453036000,30.544952,-97.898777,Travis County,7.196699184326196,51.0,9.0,22.0,0.0
48453036100,30.531912,-97.877826,Travis County,7.1409774839976174,58.0,2.0,22.0,39.0
48453036200,30.526649,-97.909647,Travis County,7.17160260472617,66.0,7.0,37.0,81.0
48453036300,30.534849,-97.969244,Travis County,7.173719346131021,76.0,96.0,92.0,0.0
48453036400,30.487791,-97.993729,Travis County,7.002128956002259,41.0,4.0,11.0,0.0
48453036500,30.331328,-98.043119,Travis County,7.413106756922374,55.0,9.0,26.0,46.0
48453036600,30.273232,-97.988759,Travis County,6.897998915246293,31.0,6.0,7.0,32.0
48453036700,30.192424,-97.900224,Travis County,7.114347396860872,58.0,1.0,20.0,40.0
48453036800,30.188871,-97.881765,Travis County,6.892846829011086,38.0,4.0,9.0,0.0
48453036900,30.34397,-97.985352,Travis County,6.765088218574364,28.0,6.0,6.0,38.0
48453037000,30.320545,-97.975336,Travis County,6.848569494978929,50.0,3.0,16.0,46.0
48453037100,30.159032,-97.856197,Travis County,7.09122293069459,54.0,6.0,23.0,0.0
48453037200,30.155675,-97.842828,Travis County,7.058517968860136,62.0,14.0,38.0,38.0
48453037300,30.458077,-97.989925,Travis County,6.615603537279841,57.0,51.0,55.0,91.0
48453037400,30.430675,-98.009886,Travis County,6.856252248715659,27.0,15.0,11.0,52.0
48453037500,30.497328,-97.911809,Travis County,7.043539843340825,36.0,22.0,21.0,42.0
48453037600,30.42451,-97.967693,Travis County,6.774344452654644,29.0,14.0,12.0,0.0
48453040000,30.342005,-97.706328,Travis County,6.8661698344449125,79.0,77.0,82.0,93.0
48453040100,30.356744,-97.709492,Travis County,7.1090246023326165,82.0,91.0,91.0,91.0
48453040200,30.327391,-97.685114,Travis County,7.34174817264276,79.0,82.0,84.0,89.0
48453040300,30.349006,-97.686704,Travis County,7.091269261655508,89.0,94.0,95.0,96.0
48453040400,30.366626,-97.732911,Travis County,7.188588166514568,57.0,46.0,53.0,55.0
48453040500,30.359344,-97.721628,Travis County,7.074436841010251,77.0,86.0,85.0,91.0
48453040600,30.363536,-97.702439,Travis County,7.283356721497883,81.0,95.0,93.0,96.0
48453040700,30.371179,-97.71546,Travis County,7.171575139474537,88.0,95.0,95.0,97.0
48453040800,30.378298,-97.707281,Travis County,7.15974063297042,75.0,77.0,79.0,88.0
48453040900,30.372621,-97.697541,Travis County,7.327449449580693,81.0,84.0,86.0,96.0
48453041000,30.368621,-97.68858,Travis County,7.246766278829112,85.0,88.0,90.0,96.0
48453041100,30.386065,-97.679117,Travis County,7.363133959987006,60.0,45.0,54.0,79.0
48453041200,30.404268,-97.686036,Travis County,7.456305014931913,66.0,49.0,61.0,63.0
48453041300,30.421445,-97.724372,Travis County,7.224536744896736,51.0,38.0,43.0,51.0
48453041400,30.415808,-97.713593,Travis County,7.3046993948873356,35.0,24.0,22.0,49.0
48453041500,30.379174,-97.669376,Travis County,7.351387224770496,73.0,58.0,70.0,85.0
48453041600,30.361074,-97.677129,Travis County,6.922867160033226,78.0,82.0,83.0,79.0
48453041700,30.388166,-97.698815,Travis County,7.32246850069824,75.0,25.0,58.0,49.0
48453041800,30.396359,-97.701969,Travis County,7.4454114511610525,70.0,55.0,67.0,93.0
48453041900,30.393675,-97.692755,Travis County,7.341641189911807,64.0,40.0,55.0,86.0
48453042000,30.430111,-97.71219,Travis County,7.277955572364458,47.0,12.0,21.0,44.0
48453042100,30.418489,-97.685583,Travis County,7.507995750584862,70.0,54.0,67.0,86.0
48453042200,30.41165,-97.698215,Travis County,7.458506482078142,73.0,30.0,59.0,89.0
48453042300,30.443553,-97.680181,Travis County,7.5732755515667955,66.0,46.0,60.0,46.0
48453042400,30.356555,-97.587312,Travis County,7.60377340675117,72.0,11.0,48.0,57.0
48453042500,30.44076,-97.547949,Travis County,7.46631136914151,74.0,16.0,53.0,49.0
48453042600,30.452632,-97.646825,Travis County,7.4232373248338845,73.0,69.0,75.0,83.0
48453042700,30.4643,-97.638495,Travis County,7.4138047278089,72.0,21.0,54.0,65.0
48453042800,30.452983,-97.628134,Travis County,7.305863000864603,71.0,31.0,57.0,54.0
48453042900,30.432508,-97.676477,Travis County,7.506485140416381,81.0,56.0,75.0,90.0
48453043000,30.440674,-97.690231,Travis County,7.510202985327863,70.0,53.0,66.0,83.0
48453043100,30.355174,-97.694439,Travis County,7.137100777587636,82.0,82.0,86.0,96.0
48453043200,30.349492,-97.699329,Travis County,7.21017714021785,82.0,89.0,89.0,77.0
48453043300,30.331823,-97.693526,Travis County,7.219421102428642,89.0,98.0,98.0,92.0
48453043400,30.326722,-97.697748,Travis County,7.187451153494615,84.0,82.0,87.0,91.0
48453043500,30.371779,-97.653922,Travis County,7.343444011947568,74.0,43.0,65.0,90.0
48453043600,30.334082,-97.662856,Travis County,7.322380841575084,78.0,29.0,63.0,78.0
48453043700,30.392932,-97.667721,Travis County,7.350234951590029,78.0,68.0,78.0,85.0
48453043800,30.383644,-97.65953,Travis County,7.360405202671112,78.0,31.0,64.0,83.0
48453043900,30.400881,-97.652635,Travis County,7.4786406414997435,83.0,26.0,66.0,84.0
48453044000,30.395959,-97.659959,Travis County,7.395596423526268,80.0,88.0,87.0,88.0
48453044100,30.441207,-97.655747,Travis County,7.4686565195977455,74.0,38.0,63.0,74.0
48453044200,30.430968,-97.663608,Travis County,7.473483448449296,84.0,55.0,77.0,78.0
48453044300,30.418008,-97.649934,Travis County,7.378213797091527,83.0,37.0,71.0,76.0
48453044400,30.43465,-97.636971,Travis County,7.3900257010682555,82.0,44.0,72.0,83.0
48453044500,30.434468,-97.62435,Travis County,7.360639272030405,80.0,24.0,63.0,60.0
48453044600,30.421798,-97.636566,Travis County,7.386072384811033,85.0,46.0,75.0,83.0
48453044700,30.411813,-97.62952,Travis County,7.378604825195481,79.0,23.0,62.0,97.0
48453044800,30.416019,-97.606031,Travis County,7.145019224946224,80.0,63.0,77.0,88.0
48453044900,30.389522,-97.63,Travis County,7.3628344596540956,89.0,85.0,90.0,79.0
48453045000,30.362168,-97.637642,Travis County,7.357920838696092,86.0,38.0,73.0,59.0
48453045100,30.432383,-97.691916,Travis County,7.50313608895655,58.0,5.0,26.0,43.0
48453045200,30.424483,-97.689775,Travis County,7.508401282774286,73.0,13.0,50.0,54.0
48453045300,30.401947,-97.709607,Travis County,7.305129775105506,68.0,60.0,68.0,69.0
48453045400,30.399051,-97.723237,Travis County,7.323293349238689,65.0,15.0,42.0,75.0
48453045500,30.452424,-97.68773,Travis County,7.46866018382537,65.0,84.0,77.0,0.0
48453045600,30.464802,-97.681905,Travis County,7.444107416825961,73.0,20.0,54.0,0.0
48453045700,30.445161,-97.672801,Travis County,7.490557375669574,61.0,64.0,65.0,91.0
48453045800,30.380706,-97.426581,Travis County,8.405188979825189,83.0,83.0,87.0,85.0
48453045900,30.361308,-97.517165,Travis County,7.628329164035096,86.0,19.0,67.0,62.0
48453046000,30.492025,-97.602421,Travis County,7.387501488157173,72.0,23.0,55.0,72.0
48453046100,30.470981,-97.61005,Travis County,7.357099541382371,72.0,2.0,39.0,56.0
48453046200,30.474322,-97.630215,Travis County,7.306833053769488,75.0,15.0,54.0,0.0
48453046300,30.447324,-97.613227,Travis County,7.333115039782965,69.0,42.0,61.0,72.0
48453046400,30.47258,-97.650474,Travis County,7.348476138416112,71.0,29.0,56.0,76.0
48453046500,30.458893,-97.655158,Travis County,7.491435337358505,70.0,53.0,66.0,74.0
48453046600,30.491415,-97.57141,Travis County,7.556870133800462,83.0,1.0,51.0,36.0
48453046700,30.474219,-97.580945,Travis County,7.267311296598322,66.0,33.0,53.0,72.0
48453046800,30.471202,-97.562814,Travis County,7.375318388103869,70.0,16.0,48.0,59.0
48453046900,30.454841,-97.577235,Travis County,7.221941100626254,68.0,5.0,37.0,0.0
48453047000,30.437901,-97.604472,Travis County,7.237936844808846,42.0,7.0,14.0,0.0
48453980000,30.196556,-97.667422,Travis County,7.428084631952608,0.0,0.0,0.0,0.0
48455950100,31.178291,-95.026309,Trinity County,13.23232505496854,29.0,61.0,44.0,0.0
48455950200,30.992438,-95.187258,Trinity County,12.322841734980374,26.0,70.0,49.0,60.0
48455950300,30.994048,-95.328444,Trinity County,12.060893277791804,41.0,78.0,62.0,0.0
48455950400,30.921186,-95.330544,Trinity County,11.686534801185152,20.0,62.0,40.0,77.0
48455950500,30.948487,-95.377791,Trinity County,11.69733672012645,76.0,87.0,85.0,75.0
48457950100,30.922888,-94.430698,Tyler County,12.9413158509268,10.0,71.0,44.0,32.0
48457950201,30.778839,-94.384722,Tyler County,12.451659074239696,67.0,91.0,84.0,0.0
48457950202,30.734162,-94.44105,Tyler County,12.920992153972108,25.0,62.0,43.0,44.0
48457950300,30.776847,-94.424996,Tyler County,12.44831586018488,57.0,69.0,65.0,65.0
48457950400,30.684955,-94.201695,Tyler County,12.50137641849523,13.0,78.0,51.0,46.0
48457950500,30.591881,-94.413876,Tyler County,12.508063125192988,23.0,47.0,31.0,0.0
48459950101,32.810687,-94.747836,Upshur County,10.758491099228564,39.0,73.0,58.0,65.0
48459950102,32.718492,-94.754867,Upshur County,11.267017977614136,19.0,35.0,20.0,32.0
48459950200,32.842495,-94.994775,Upshur County,10.723444294567132,23.0,49.0,32.0,0.0
48459950301,32.72944,-94.958477,Upshur County,10.90725629697692,44.0,87.0,71.0,0.0
48459950302,32.69834,-95.017322,Upshur County,10.693443188475102,19.0,78.0,54.0,0.0
48459950400,32.734046,-94.948514,Upshur County,10.710491385655805,50.0,80.0,68.0,0.0
48459950501,32.599817,-95.012163,Upshur County,11.03402147624229,14.0,74.0,48.0,0.0
48459950502,32.636738,-95.110352,Upshur County,10.927391095029202,55.0,78.0,69.0,44.0
48459950600,32.562542,-94.955535,Upshur County,11.204716247298647,40.0,56.0,47.0,49.0
48459950700,32.620564,-94.854646,Upshur County,11.407070227884583,29.0,42.0,31.0,49.0
48461950100,31.284336,-101.934097,Upton County,5.998524816542812,55.0,50.0,53.0,52.0
48461950200,31.130225,-102.218509,Upton County,5.958920777334888,80.0,80.0,84.0,84.0
48463950100,29.409141,-99.512103,Uvalde County,10.255067918624553,43.0,77.0,63.0,51.0
48463950201,29.340233,-99.788994,Uvalde County,9.961809415403192,61.0,75.0,70.0,57.0
48463950202,29.192521,-99.778875,Uvalde County,10.266211790961476,83.0,87.0,89.0,88.0
48463950300,29.222123,-99.796782,Uvalde County,10.266060463288252,87.0,91.0,93.0,88.0
48463950400,29.219346,-99.77797,Uvalde County,10.266318599855307,84.0,53.0,77.0,73.0
48463950500,29.201223,-99.787624,Uvalde County,10.265312220078323,89.0,87.0,91.0,88.0
48465950202,29.395276,-100.914578,Val Verde County,8.408667005381028,84.0,34.0,71.0,77.0
48465950203,29.40856,-100.919832,Val Verde County,8.260101552424354,79.0,38.0,67.0,73.0
48465950301,29.377999,-100.913922,Val Verde County,8.40826651335914,92.0,86.0,92.0,85.0
48465950302,29.365689,-100.915887,Val Verde County,8.40804379965532,95.0,79.0,90.0,92.0
48465950400,29.3747,-100.89004,Val Verde County,8.408233126539715,91.0,89.0,93.0,87.0
48465950501,29.353395,-100.800946,Val Verde County,8.413769859438238,58.0,31.0,45.0,87.0
48465950502,29.373983,-100.831524,Val Verde County,8.409633766743422,94.0,80.0,90.0,83.0
48465950601,29.365568,-100.874023,Val Verde County,8.410069264460857,98.0,76.0,90.0,97.0
48465950602,29.356622,-100.884471,Val Verde County,8.406565065227483,95.0,95.0,97.0,94.0
48465950701,29.353862,-100.895896,Val Verde County,8.403778981113277,87.0,75.0,86.0,93.0
48465950702,29.352112,-100.908539,Val Verde County,8.403812367932701,92.0,50.0,80.0,96.0
48465950801,29.397679,-100.957407,Val Verde County,8.26937035264394,82.0,48.0,74.0,94.0
48465950802,29.50882,-100.983132,Val Verde County,8.015753410057698,63.0,80.0,74.0,73.0
48465980000,29.373829,-100.925565,Val Verde County,8.40826651335914,0.0,0.0,0.0,0.0
48467950100,32.658755,-95.740159,Van Zandt County,10.746920933504951,29.0,79.0,58.0,39.0
48467950200,32.67805,-95.712903,Van Zandt County,10.98799103497762,49.0,85.0,71.0,89.0
48467950300,32.700696,-95.877737,Van Zandt County,9.739540541212063,22.0,39.0,24.0,35.0
48467950400,32.740136,-96.008508,Van Zandt County,9.275512448539581,23.0,58.0,39.0,57.0
48467950500,32.710749,-96.003252,Van Zandt County,9.347811869649062,54.0,75.0,67.0,49.0
48467950601,32.578203,-95.85363,Van Zandt County,10.764157068362477,20.0,76.0,52.0,0.0
48467950602,32.538627,-95.907513,Van Zandt County,10.683409987088101,20.0,35.0,20.0,0.0
48467950700,32.548902,-95.873838,Van Zandt County,10.767799219611215,14.0,57.0,34.0,0.0
48467950801,32.537792,-95.642845,Van Zandt County,10.990684389129024,40.0,77.0,61.0,0.0
48467950802,32.494434,-95.695491,Van Zandt County,10.609722610765855,45.0,78.0,64.0,73.0
48467950901,32.401718,-95.701347,Van Zandt County,10.652793203542469,32.0,60.0,46.0,0.0
48467950902,32.414547,-95.578289,Van Zandt County,10.758234434836314,10.0,47.0,24.0,59.0
48467951001,32.414003,-95.903085,Van Zandt County,10.267440520763392,27.0,35.0,24.0,0.0
48467951002,32.447512,-96.016435,Van Zandt County,10.376399645210945,26.0,71.0,50.0,0.0
48469000100,28.796125,-97.005308,Victoria County,8.43629286935589,79.0,91.0,90.0,59.0
48469000201,28.799409,-96.989382,Victoria County,8.442957444729874,88.0,93.0,94.0,44.0
48469000202,28.80096,-96.971154,Victoria County,8.448906367647083,78.0,82.0,83.0,78.0
48469000301,28.78558,-96.996901,Victoria County,8.43733064434515,90.0,97.0,97.0,77.0
48469000302,28.783062,-96.980283,Victoria County,8.44687819679343,93.0,98.0,98.0,76.0
48469000400,28.812513,-97.008948,Victoria County,8.433714751183219,75.0,81.0,81.0,70.0
48469000501,28.832127,-96.99828,Victoria County,8.436340053515906,83.0,69.0,81.0,46.0
48469000502,28.827725,-96.986654,Victoria County,8.44687819679343,80.0,61.0,77.0,0.0
48469000601,28.813925,-96.996689,Victoria County,8.43733064434515,84.0,82.0,87.0,77.0
48469000602,28.815406,-96.981715,Victoria County,8.44687819679343,82.0,92.0,91.0,57.0
48469000700,28.807301,-96.910134,Victoria County,8.473988326844283,68.0,65.0,69.0,33.0
48469000800,28.79768,-96.804142,Victoria County,8.460744659476866,51.0,49.0,50.0,53.0
48469001300,28.714037,-97.095853,Victoria County,8.437036927535233,60.0,64.0,63.0,52.0
48469001401,28.791244,-97.073988,Victoria County,8.43445728249083,68.0,57.0,66.0,75.0
48469001402,28.842314,-97.163168,Victoria County,8.450744576271084,30.0,39.0,29.0,0.0
48469001501,28.918478,-97.053477,Victoria County,8.872499977889268,33.0,40.0,32.0,0.0
48469001503,28.85527,-97.005017,Victoria County,8.43629286935589,55.0,29.0,41.0,80.0
48469001504,28.879616,-97.011698,Victoria County,8.431710075182668,60.0,26.0,43.0,34.0
48469001601,28.848158,-96.989211,Victoria County,8.446860701351547,70.0,78.0,76.0,0.0
48469001604,28.834339,-96.973525,Victoria County,8.448906367647083,77.0,66.0,76.0,63.0
48469001605,28.823491,-96.964993,Victoria County,8.457223684616888,71.0,57.0,68.0,84.0
48469001607,28.901127,-96.920864,Victoria County,8.89590795456949,44.0,17.0,23.0,61.0
48469001608,28.843737,-96.9652,Victoria County,8.457223684616888,74.0,18.0,53.0,41.0
48469001700,28.675621,-96.908161,Victoria County,8.476334607889045,71.0,81.0,79.0,64.0
48469980000,28.853335,-96.923344,Victoria County,8.471864280852948,0.0,0.0,0.0,0.0
48471790101,30.868614,-95.487868,Walker County,11.293107083239205,68.0,39.0,59.0,50.0
48471790102,30.812421,-95.483006,Walker County,11.000183176209068,48.0,54.0,51.0,32.0
48471790103,30.774572,-95.437194,Walker County,10.952227452145268,37.0,76.0,59.0,38.0
48471790200,30.627717,-95.458899,Walker County,13.417459273670188,62.0,65.0,66.0,32.0
48471790301,30.669166,-95.644653,Walker County,12.607789487230441,53.0,56.0,55.0,0.0
48471790302,30.636261,-95.540004,Walker County,12.432479061753927,25.0,31.0,20.0,0.0
48471790401,30.735038,-95.640115,Walker County,12.562078156387807,59.0,40.0,51.0,55.0
48471790402,30.75908,-95.594388,Walker County,12.61408422099467,72.0,72.0,75.0,72.0
48471790500,30.726761,-95.563018,Walker County,12.613085884824724,57.0,86.0,75.0,47.0
48471790600,30.725266,-95.543131,Walker County,12.619576431698055,82.0,95.0,93.0,77.0
48471790700,30.704575,-95.539825,Walker County,12.641723706381075,60.0,93.0,82.0,45.0
48471790800,30.706531,-95.551999,Walker County,12.647464080494386,64.0,93.0,84.0,61.0
48473680100,29.79479,-95.86396,Waller County,8.438716700319711,60.0,28.0,45.0,76.0
48473680201,29.861701,-96.000627,Waller County,9.01210986518831,65.0,59.0,65.0,84.0
48473680202,29.779763,-95.958756,Waller County,9.72406930965568,86.0,83.0,88.0,93.0
48473680301,30.066569,-95.950441,Waller County,9.191770909150016,81.0,85.0,87.0,73.0
48473680302,30.015463,-95.945523,Waller County,8.514386410029655,64.0,44.0,57.0,74.0
48473680303,30.096834,-96.01322,Waller County,9.967182843703199,76.0,57.0,72.0,63.0
48473680501,30.054538,-96.065872,Waller County,10.202422997817155,84.0,79.0,86.0,76.0
48473680502,30.133551,-96.074938,Waller County,10.598162891418406,68.0,54.0,65.0,69.0
48473680601,30.134786,-95.849217,Waller County,9.71370272623518,29.0,17.0,13.0,65.0
48473680602,30.193231,-95.859435,Waller County,10.222715346201538,47.0,16.0,25.0,53.0
48473980000,30.096664,-95.990458,Waller County,10.169454962975664,96.0,0.0,62.0,0.0
48475950100,31.53458,-102.955531,Ward County,5.621865728215378,71.0,59.0,69.0,77.0
48475950200,31.588599,-102.882451,Ward County,5.633456714325216,71.0,43.0,62.0,66.0
48475950300,31.589253,-102.89615,Ward County,5.633378852745492,80.0,86.0,87.0,74.0
48477170100,30.186408,-96.372131,Washington County,9.07356774878679,75.0,79.0,80.0,69.0
48477170201,30.172977,-96.406955,Washington County,9.053051795836058,71.0,74.0,75.0,74.0
48477170202,30.188133,-96.439979,Washington County,9.10085797293819,19.0,32.0,18.0,44.0
48477170300,30.151714,-96.380706,Washington County,9.179050587760123,61.0,45.0,55.0,43.0
48477170400,30.146663,-96.412769,Washington County,9.123973411789143,57.0,42.0,50.0,0.0
48477170501,30.170056,-96.600025,Washington County,9.150868753540967,32.0,27.0,22.0,67.0
48477170502,30.274987,-96.421356,Washington County,9.208412481761432,27.0,15.0,11.0,0.0
48477170601,30.148814,-96.270973,Washington County,8.98430516264662,44.0,31.0,33.0,0.0
48477170602,30.29386,-96.193144,Washington County,10.857934408635433,59.0,29.0,45.0,64.0
48479000101,27.499468,-99.474555,Webb County,9.5405700084046,96.0,96.0,98.0,97.0
48479000105,27.4898,-99.4688,Webb County,10.083977409253455,96.0,88.0,94.0,98.0
48479000106,27.484776,-99.466904,Webb County,10.083977409253455,100.0,92.0,96.0,97.0
48479000107,27.477429,-99.466901,Webb County,10.083977409253455,95.0,98.0,99.0,97.0
48479000108,27.468575,-99.466456,Webb County,10.084961574109718,98.0,89.0,94.0,97.0
48479000109,27.468284,-99.473175,Webb County,10.085012608902655,100.0,90.0,95.0,96.0
48479000200,27.502075,-99.485824,Webb County,9.540521047611959,96.0,89.0,94.0,98.0
48479000300,27.504722,-99.499109,Webb County,9.541062997906295,98.0,85.0,93.0,98.0
48479000601,27.517172,-99.512599,Webb County,9.553145530155328,97.0,93.0,96.0,98.0
48479000602,27.52227,-99.519666,Webb County,9.555545400350926,95.0,96.0,97.0,98.0
48479000700,27.515505,-99.50729,Webb County,9.552122903243554,100.0,95.0,97.0,99.0
48479000800,27.513384,-99.497948,Webb County,9.541116206594042,94.0,96.0,97.0,98.0
48479000901,27.517526,-99.484541,Webb County,9.54050904440622,95.0,88.0,94.0,98.0
48479000903,27.52664,-99.489643,Webb County,9.540521047611959,96.0,93.0,96.0,98.0
48479000904,27.516468,-99.489642,Webb County,9.540521047611959,97.0,96.0,97.0,99.0
48479001001,27.512266,-99.468387,Webb County,9.541245735685543,94.0,80.0,90.0,97.0
48479001003,27.503636,-99.457932,Webb County,9.543794351219987,97.0,92.0,95.0,95.0
48479001004,27.505661,-99.468472,Webb County,9.541245735685543,98.0,95.0,97.0,98.0
48479001101,27.527161,-99.470516,Webb County,9.541432290665595,100.0,89.0,95.0,98.0
48479001103,27.520107,-99.465161,Webb County,9.543763268338385,100.0,86.0,93.0,97.0
48479001104,27.520608,-99.474476,Webb County,9.540307548362222,95.0,95.0,97.0,97.0
48479001105,27.520177,-99.459868,Webb County,9.543800705850808,93.0,96.0,97.0,97.0
48479001201,27.526559,-99.497582,Webb County,9.541426262985913,98.0,93.0,96.0,99.0
48479001202,27.519408,-99.498013,Webb County,9.541116206594042,96.0,98.0,98.0,98.0
48479001300,27.527358,-99.509443,Webb County,9.552122903243554,100.0,98.0,99.0,96.0
48479001401,27.535247,-99.509014,Webb County,9.552122903243554,98.0,95.0,97.0,98.0
48479001402,27.53568,-99.517894,Webb County,9.55692984232256,96.0,91.0,95.0,94.0
48479001501,27.534302,-99.49788,Webb County,9.541426262985913,96.0,94.0,96.0,96.0
48479001502,27.534331,-99.48701,Webb County,9.54050904440622,95.0,94.0,96.0,98.0
48479001601,27.543058,-99.478596,Webb County,9.540307548362222,96.0,85.0,92.0,96.0
48479001602,27.571007,-99.456841,Webb County,9.543720401597232,95.0,48.0,81.0,90.0
48479001706,27.542525,-99.493421,Webb County,9.540521047611959,89.0,92.0,94.0,97.0
48479001709,27.563439,-99.486299,Webb County,9.5405700084046,90.0,25.0,72.0,94.0
48479001710,27.715194,-99.452923,Webb County,9.53210254651731,83.0,41.0,72.0,94.0
48479001711,27.623905,-99.537229,Webb County,9.546924067586065,94.0,55.0,83.0,93.0
48479001714,27.552125,-99.439936,Webb County,9.542696594931407,90.0,37.0,75.0,83.0
48479001715,27.593601,-99.522256,Webb County,9.552133071375343,98.0,49.0,82.0,95.0
48479001716,27.585265,-99.521388,Webb County,9.553145530155328,93.0,54.0,82.0,89.0
48479001717,27.568739,-99.515413,Webb County,9.552122903243554,96.0,89.0,94.0,97.0
48479001718,27.551781,-99.494968,Webb County,9.540521047611959,94.0,84.0,92.0,91.0
48479001719,27.55189,-99.485679,Webb County,9.5405700084046,94.0,59.0,84.0,91.0
48479001720,27.575006,-99.490217,Webb County,9.54050904440622,91.0,38.0,76.0,93.0
48479001721,27.580961,-99.477433,Webb County,9.541432290665595,93.0,34.0,76.0,79.0
48479001722,27.587627,-99.457114,Webb County,9.543542537090353,91.0,24.0,72.0,84.0
48479001723,27.59585,-99.486156,Webb County,9.540307548362222,91.0,77.0,88.0,86.0
48479001724,27.586077,-99.484547,Webb County,9.540307548362222,96.0,26.0,75.0,87.0
48479001725,27.60032,-99.459709,Webb County,9.543542537090353,97.0,43.0,80.0,81.0
48479001726,27.600065,-99.472918,Webb County,9.543800705850808,94.0,70.0,87.0,74.0
48479001727,27.611943,-99.457547,Webb County,9.543542537090353,95.0,16.0,72.0,60.0
48479001806,27.459043,-99.468803,Webb County,10.085012608902655,97.0,94.0,97.0,96.0
48479001809,27.437925,-99.466702,Webb County,10.085012608902655,97.0,93.0,96.0,96.0
48479001810,27.486085,-99.435126,Webb County,9.571035819398901,96.0,52.0,83.0,97.0
48479001811,27.48692,-99.457024,Webb County,10.08597968011924,96.0,73.0,89.0,95.0
48479001813,27.399971,-99.235736,Webb County,9.51470096855745,94.0,88.0,93.0,96.0
48479001815,27.507107,-99.119679,Webb County,9.505255365592728,95.0,63.0,85.0,94.0
48479001816,27.525509,-99.433094,Webb County,9.542696594931407,98.0,91.0,95.0,95.0
48479001818,27.331329,-99.502029,Webb County,10.015928356293369,95.0,94.0,96.0,98.0
48479001819,27.435928,-99.486527,Webb County,10.085519016986764,100.0,92.0,96.0,96.0
48479001820,27.445836,-99.483955,Webb County,10.085567703198338,86.0,91.0,92.0,96.0
48479001821,27.448893,-99.461057,Webb County,10.084961574109718,100.0,85.0,93.0,97.0
48479001822,27.448955,-99.470361,Webb County,10.085012608902655,99.0,96.0,98.0,98.0
48479001823,27.475097,-99.45617,Webb County,10.086626385893803,95.0,90.0,94.0,93.0
48479001824,27.47819,-99.447568,Webb County,10.086138320308029,92.0,28.0,74.0,91.0
48479001825,27.502334,-99.444427,Webb County,9.571265334817243,89.0,57.0,81.0,92.0
48479001826,27.494394,-99.403317,Webb County,9.569079893816589,100.0,58.0,85.0,92.0
48479001827,27.379339,-99.48345,Webb County,10.088250543564037,96.0,0.0,62.0,0.0
48479001828,27.364678,-99.484096,Webb County,10.096844583128526,94.0,96.0,98.0,98.0
48479001900,27.505351,-99.513778,Webb County,9.554582322347555,98.0,98.0,99.0,98.0
48479980000,27.544925,-99.462021,Webb County,9.543800705850808,0.0,0.0,0.0,0.0
48481740100,29.480826,-96.113904,Wharton County,8.5251417151133,54.0,39.0,46.0,40.0
48481740200,29.339103,-96.096535,Wharton County,8.445744968622497,82.0,83.0,86.0,67.0
48481740300,29.310145,-96.120141,Wharton County,8.055129548767576,83.0,92.0,92.0,0.0
48481740400,29.307266,-96.081376,Wharton County,8.423180454249998,71.0,61.0,70.0,71.0
48481740500,29.348517,-96.061779,Wharton County,8.483530533818804,81.0,76.0,83.0,59.0
48481740600,29.259376,-95.975403,Wharton County,8.339067935457978,73.0,72.0,76.0,62.0
48481740700,29.190945,-96.249297,Wharton County,8.339576178828633,85.0,97.0,96.0,82.0
48481740800,29.210316,-96.264935,Wharton County,8.340985493265846,78.0,79.0,82.0,80.0
48481740901,29.240145,-96.301475,Wharton County,8.327128764837333,57.0,74.0,68.0,0.0
48481740902,29.201013,-96.283999,Wharton County,8.326656263612252,49.0,13.0,24.0,81.0
48481741000,29.159876,-96.263338,Wharton County,8.331442234061488,76.0,75.0,79.0,81.0
48481741100,29.145902,-96.395527,Wharton County,8.829538172085089,56.0,66.0,62.0,0.0
48483950100,35.463648,-100.26396,Wheeler County,7.143045559056122,41.0,59.0,50.0,76.0
48483950300,35.220567,-100.262864,Wheeler County,7.124660219529219,54.0,78.0,69.0,67.0
48485010100,33.906906,-98.490163,Wichita County,7.8906430856573335,65.0,97.0,90.0,53.0
48485010200,33.901053,-98.500037,Wichita County,7.8643588305831384,77.0,99.0,97.0,78.0
48485010400,33.917536,-98.47861,Wichita County,8.000435033831462,91.0,98.0,99.0,68.0
48485010600,33.891027,-98.498677,Wichita County,7.885135030588334,71.0,82.0,79.0,75.0
48485010700,33.895941,-98.510658,Wichita County,7.859322078750276,67.0,92.0,85.0,84.0
48485010800,33.895675,-98.519623,Wichita County,7.898775843989876,76.0,88.0,86.0,85.0
48485010900,33.902326,-98.525269,Wichita County,7.908492916005856,50.0,76.0,65.0,0.0
48485011000,33.908161,-98.51456,Wichita County,7.859322078750276,72.0,91.0,86.0,69.0
48485011100,33.922376,-98.505255,Wichita County,7.86367804712975,81.0,99.0,98.0,97.0
48485011200,33.963991,-98.482478,Wichita County,7.944271095441327,60.0,81.0,73.0,72.0
48485011300,33.910174,-98.454868,Wichita County,8.023447584690778,79.0,74.0,81.0,58.0
48485011400,33.893201,-98.464008,Wichita County,8.02340220728654,73.0,86.0,83.0,80.0
48485011500,33.864649,-98.475986,Wichita County,8.005383876193232,59.0,81.0,73.0,69.0
48485011600,33.864007,-98.493803,Wichita County,7.883692199501343,58.0,77.0,70.0,50.0
48485011700,33.869718,-98.500183,Wichita County,7.8692596965899595,54.0,23.0,36.0,54.0
48485011800,33.859188,-98.50281,Wichita County,7.869254446721709,38.0,44.0,38.0,0.0
48485011901,33.867338,-98.514564,Wichita County,7.864160643800976,51.0,55.0,53.0,70.0
48485011902,33.885266,-98.510694,Wichita County,7.859322078750276,34.0,29.0,25.0,0.0
48485012001,33.85873,-98.526727,Wichita County,7.918106665624806,31.0,39.0,30.0,53.0
48485012002,33.876885,-98.523763,Wichita County,7.908492916005856,58.0,52.0,56.0,58.0
48485012100,33.86428,-98.542557,Wichita County,7.949968996179943,40.0,70.0,57.0,62.0
48485012201,33.84899,-98.515069,Wichita County,7.864222944757095,37.0,51.0,42.0,0.0
48485012202,33.860081,-98.550472,Wichita County,7.970888512553392,38.0,52.0,43.0,0.0
48485012301,33.849526,-98.569882,Wichita County,7.969657325736742,59.0,41.0,51.0,0.0
48485012302,33.850158,-98.586678,Wichita County,7.96852930986819,54.0,12.0,28.0,0.0
48485012401,33.861,-98.596936,Wichita County,8.078881742159348,42.0,76.0,62.0,0.0
48485012402,33.868911,-98.569186,Wichita County,7.969657325736742,40.0,44.0,40.0,43.0
48485012600,33.881245,-98.548361,Wichita County,7.949950817490874,56.0,59.0,58.0,84.0
48485012700,33.889901,-98.534354,Wichita County,7.921097397138378,59.0,86.0,76.0,79.0
48485012800,33.894114,-98.562354,Wichita County,8.080338875245069,42.0,43.0,40.0,0.0
48485012900,33.919666,-98.574823,Wichita County,8.080338875245069,34.0,68.0,52.0,45.0
48485013000,33.934977,-98.534497,Wichita County,8.032880650050172,62.0,91.0,81.0,75.0
48485013100,33.958276,-98.573571,Wichita County,8.080547404905198,63.0,71.0,69.0,63.0
48485013201,33.959225,-98.520083,Wichita County,8.010788350489667,52.0,91.0,78.0,75.0
48485013202,33.984598,-98.53184,Wichita County,8.02591339547163,54.0,8.0,24.0,0.0
48485013300,33.977349,-98.524152,Wichita County,8.019707945557204,63.0,38.0,53.0,69.0
48485013401,33.972234,-98.507479,Wichita County,7.957784866566989,55.0,48.0,52.0,63.0
48485013502,34.074181,-98.562582,Wichita County,8.08192336533131,36.0,28.0,26.0,0.0
48485013503,34.090571,-98.582745,Wichita County,8.080558960756019,28.0,29.0,21.0,0.0
48485013504,34.093002,-98.566849,Wichita County,8.08192336533131,49.0,84.0,71.0,90.0
48485013600,33.953671,-98.673577,Wichita County,8.105363537347028,23.0,53.0,35.0,0.0
48485013700,34.030912,-98.919091,Wichita County,8.062659222924866,45.0,65.0,56.0,39.0
48485013800,33.993683,-98.691882,Wichita County,8.11428056714959,21.0,24.0,14.0,0.0
48485980000,33.989604,-98.496626,Wichita County,7.992731242755561,0.0,0.0,0.0,0.0
48487950300,34.13181,-99.286981,Wilbarger County,7.511056516246351,41.0,66.0,54.0,43.0
48487950500,34.156589,-99.309855,Wilbarger County,7.509573876181239,72.0,94.0,89.0,45.0
48487950600,34.142907,-99.303063,Wilbarger County,7.509573876181239,54.0,71.0,65.0,0.0
48487950700,34.148972,-99.276991,Wilbarger County,7.5091791931315255,76.0,85.0,84.0,93.0
48489950300,26.483492,-97.79286,Willacy County,12.048636647072524,93.0,96.0,97.0,90.0
48489950400,26.472717,-97.770942,Willacy County,12.235401258509636,86.0,80.0,87.0,85.0
48489950500,26.40893,-97.779779,Willacy County,12.012777991753278,93.0,89.0,93.0,88.0
48489950600,26.347161,-97.779325,Willacy County,12.30339783122063,91.0,79.0,89.0,90.0
48489950700,26.486046,-97.762259,Willacy County,11.730863732968272,88.0,90.0,93.0,93.0
48489990000,26.506249,-97.223959,Willacy County,9.606809510259422,0.0,0.0,0.0,0.0
48491020106,30.706146,-97.676603,Williamson County,8.121838055431672,29.0,20.0,15.0,0.0
48491020108,30.686756,-97.68995,Williamson County,8.01629712853051,17.0,5.0,2.0,0.0
48491020109,30.694759,-97.756348,Williamson County,7.9049291556034005,38.0,2.0,7.0,0.0
48491020111,30.663293,-97.700493,Williamson County,7.9891823288551045,32.0,16.0,15.0,55.0
48491020113,30.665796,-97.661603,Williamson County,8.042152363059806,63.0,81.0,75.0,59.0
48491020114,30.665893,-97.685561,Williamson County,8.009545592228774,56.0,71.0,65.0,75.0
48491020115,30.695553,-97.709266,Williamson County,8.055695578325803,35.0,11.0,13.0,0.0
48491020116,30.720904,-97.703203,Williamson County,8.131578684753034,10.0,22.0,8.0,57.0
48491020117,30.730161,-97.713692,Williamson County,8.15228322069157,5.0,19.0,5.0,0.0
48491020118,30.710764,-97.735543,Williamson County,8.086817021147604,11.0,5.0,1.0,0.0
48491020119,30.723508,-97.755162,Williamson County,7.963462455404705,25.0,17.0,11.0,47.0
48491020120,30.654808,-97.835295,Williamson County,7.486403387603286,55.0,4.0,21.0,33.0
48491020121,30.648573,-97.70221,Williamson County,7.945153697078623,23.0,3.0,3.0,50.0
48491020122,30.646089,-97.772874,Williamson County,7.4406373289090055,35.0,17.0,17.0,48.0
48491020123,30.621323,-97.70261,Williamson County,7.905156496440934,47.0,37.0,39.0,0.0
48491020124,30.623426,-97.796986,Williamson County,7.277321839305986,22.0,2.0,2.0,44.0
48491020201,30.84407,-97.762543,Williamson County,8.852229774686366,47.0,53.0,49.0,63.0
48491020203,30.73468,-97.74469,Williamson County,7.8656326598694575,16.0,14.0,6.0,0.0
48491020205,30.720463,-97.830392,Williamson County,8.239481730348693,44.0,21.0,26.0,0.0
48491020206,30.827662,-97.831859,Williamson County,8.883554140188998,27.0,8.0,7.0,61.0
48491020207,30.684297,-97.90575,Williamson County,7.633470666662821,40.0,22.0,24.0,0.0
48491020208,30.737053,-97.930845,Williamson County,8.67361313899638,33.0,20.0,17.0,0.0
48491020310,30.544021,-97.762768,Williamson County,6.965143043005309,57.0,11.0,30.0,48.0
48491020311,30.485375,-97.789141,Williamson County,6.64768150431321,73.0,42.0,64.0,85.0
48491020319,30.558048,-97.823233,Williamson County,6.969263711960964,57.0,19.0,36.0,73.0
48491020321,30.547145,-97.847348,Williamson County,7.061762078975375,67.0,73.0,72.0,83.0
48491020323,30.534874,-97.85376,Williamson County,7.000204259858558,53.0,42.0,47.0,52.0
48491020325,30.536876,-97.842253,Williamson County,7.032024153735289,64.0,69.0,69.0,68.0
48491020326,30.486979,-97.846017,Williamson County,6.666722710870652,46.0,3.0,12.0,45.0
48491020327,30.519303,-97.83843,Williamson County,7.0416418394335265,62.0,48.0,57.0,0.0
48491020329,30.634605,-97.869203,Williamson County,7.3428915904037355,61.0,17.0,39.0,65.0
48491020330,30.65685,-97.960075,Williamson County,7.8886744503935695,46.0,33.0,36.0,76.0
48491020331,30.56986,-97.872979,Williamson County,7.203799670999376,63.0,9.0,35.0,0.0
48491020332,30.564024,-97.857158,Williamson County,7.150828105096552,64.0,38.0,54.0,78.0
48491020333,30.466818,-97.830839,Williamson County,6.713898131518041,69.0,9.0,42.0,55.0
48491020334,30.473211,-97.818494,Williamson County,6.663168902001605,58.0,45.0,53.0,77.0
48491020335,30.502934,-97.836777,Williamson County,6.974219262592309,42.0,22.0,25.0,0.0
48491020336,30.494087,-97.830238,Williamson County,6.726159459947221,58.0,45.0,53.0,80.0
48491020337,30.537156,-97.862306,Williamson County,7.041708782059489,38.0,1.0,5.0,42.0
48491020338,30.553372,-97.866064,Williamson County,7.262073776029526,58.0,19.0,37.0,75.0
48491020339,30.574158,-97.81294,Williamson County,6.9276892689031015,68.0,10.0,42.0,71.0
48491020340,30.602222,-97.842331,Williamson County,7.104377130767633,65.0,39.0,55.0,79.0
48491020341,30.56713,-97.835444,Williamson County,7.021459192303294,66.0,30.0,52.0,0.0
48491020342,30.599863,-97.875036,Williamson County,7.193607147399333,67.0,29.0,52.0,57.0
48491020343,30.578466,-97.884706,Williamson County,7.392249046976666,61.0,32.0,49.0,0.0
48491020344,30.585322,-97.86808,Williamson County,7.155283592014035,57.0,33.0,45.0,0.0
48491020345,30.519977,-97.762496,Williamson County,6.691185230551778,70.0,2.0,36.0,70.0
48491020346,30.536363,-97.783751,Williamson County,7.0375609995307435,72.0,16.0,51.0,47.0
48491020347,30.516137,-97.787281,Williamson County,6.904092780168721,63.0,16.0,40.0,76.0
48491020348,30.526828,-97.793314,Williamson County,6.94272100162252,56.0,19.0,35.0,58.0
48491020349,30.516164,-97.818553,Williamson County,6.987976152811255,52.0,55.0,54.0,0.0
48491020350,30.51262,-97.805101,Williamson County,6.89881180184469,61.0,33.0,49.0,39.0
48491020351,30.546704,-97.824669,Williamson County,7.0248545279442265,35.0,24.0,21.0,60.0
48491020352,30.531387,-97.825164,Williamson County,7.120348413392944,51.0,33.0,40.0,0.0
48491020353,30.522308,-97.848203,Williamson County,6.998711923624612,44.0,36.0,37.0,49.0
48491020354,30.520228,-97.860587,Williamson County,6.987643037361435,57.0,8.0,28.0,0.0
48491020355,30.490318,-97.820034,Williamson County,6.757476677112982,71.0,2.0,37.0,0.0
48491020356,30.480248,-97.813438,Williamson County,6.774358128856754,41.0,24.0,26.0,0.0
48491020403,30.461497,-97.805102,Williamson County,6.507897037374386,60.0,32.0,47.0,48.0
48491020404,30.454819,-97.815556,Williamson County,6.492271407634355,51.0,40.0,45.0,69.0
48491020405,30.447483,-97.793484,Williamson County,6.771040879323408,61.0,10.0,34.0,57.0
48491020406,30.445199,-97.774141,Williamson County,6.628342941909129,60.0,40.0,52.0,80.0
48491020408,30.461991,-97.784171,Williamson County,6.78930029924533,66.0,15.0,43.0,50.0
48491020409,30.465155,-97.769387,Williamson County,6.740479467113251,61.0,28.0,45.0,67.0
48491020410,30.444424,-97.765374,Williamson County,6.578105587237829,62.0,37.0,52.0,80.0
48491020411,30.45292,-97.756153,Williamson County,6.4360270859391315,61.0,23.0,43.0,73.0
48491020503,30.494108,-97.706138,Williamson County,7.157366922314868,47.0,29.0,34.0,79.0
48491020505,30.515771,-97.710264,Williamson County,7.366137941512636,35.0,2.0,5.0,47.0
48491020507,30.499593,-97.732145,Williamson County,7.210431815892131,70.0,8.0,43.0,54.0
48491020508,30.489057,-97.7754,Williamson County,6.6701693017690635,66.0,17.0,45.0,72.0
48491020509,30.508442,-97.751443,Williamson County,6.365948922111059,64.0,3.0,30.0,52.0
48491020511,30.493049,-97.68635,Williamson County,7.3779237503416955,81.0,62.0,77.0,95.0
48491020512,30.483866,-97.688147,Williamson County,7.332078982483678,70.0,52.0,65.0,0.0
48491020513,30.466256,-97.6916,Williamson County,7.448316134822684,85.0,77.0,85.0,79.0
48491020514,30.517568,-97.726735,Williamson County,7.387518023042498,56.0,14.0,31.0,54.0
48491020515,30.507334,-97.727545,Williamson County,7.074643846967023,63.0,18.0,41.0,0.0
48491020516,30.493725,-97.760964,Williamson County,6.618739955216994,81.0,5.0,55.0,68.0
48491020517,30.493294,-97.741157,Williamson County,6.7447328400474875,58.0,5.0,26.0,61.0
48491020602,30.525185,-97.702392,Williamson County,7.625486170815861,64.0,20.0,43.0,61.0
48491020604,30.578554,-97.751498,Williamson County,6.935925140256389,62.0,10.0,35.0,54.0
48491020606,30.540982,-97.734297,Williamson County,7.462629848266771,58.0,8.0,29.0,60.0
48491020607,30.541589,-97.714128,Williamson County,7.363334991141553,60.0,4.0,26.0,0.0
48491020608,30.556851,-97.742686,Williamson County,7.0418269208125945,46.0,2.0,11.0,63.0
48491020609,30.567857,-97.746584,Williamson County,7.06802832447456,57.0,1.0,15.0,84.0
48491020701,30.511256,-97.670057,Williamson County,7.369741130508277,80.0,67.0,78.0,93.0
48491020704,30.502498,-97.66703,Williamson County,7.247871280035495,78.0,69.0,78.0,76.0
48491020706,30.514088,-97.618674,Williamson County,7.635282632140381,46.0,4.0,14.0,60.0
48491020707,30.505483,-97.651474,Williamson County,7.339834498941626,71.0,41.0,62.0,69.0
48491020709,30.491479,-97.662249,Williamson County,7.355576307794324,62.0,31.0,49.0,0.0
48491020710,30.481775,-97.647347,Williamson County,7.308692061387517,73.0,48.0,66.0,0.0
48491020711,30.505788,-97.629621,Williamson County,7.478795862307095,53.0,1.0,14.0,52.0
48491020712,30.49907,-97.642153,Williamson County,7.450501886550452,73.0,29.0,59.0,0.0
48491020713,30.492951,-97.618909,Williamson County,7.419283747293299,64.0,23.0,46.0,71.0
48491020808,30.545534,-97.449678,Williamson County,8.025714405049484,62.0,54.0,60.0,69.0
48491020810,30.514275,-97.564988,Williamson County,7.778549242022297,69.0,35.0,57.0,0.0
48491020811,30.529381,-97.553752,Williamson County,7.818795916799624,70.0,3.0,38.0,0.0
48491020812,30.568489,-97.570739,Williamson County,7.92821702707204,70.0,43.0,62.0,46.0
48491020813,30.562015,-97.54075,Williamson County,7.871793992003507,63.0,31.0,49.0,82.0
48491020814,30.508603,-97.600588,Williamson County,7.465827404368547,53.0,3.0,19.0,0.0
48491020815,30.517634,-97.608743,Williamson County,7.694343143076091,32.0,3.0,5.0,0.0
48491020816,30.518882,-97.582001,Williamson County,7.5245407934994395,62.0,17.0,39.0,0.0
48491020817,30.551275,-97.588911,Williamson County,7.844837843790733,68.0,6.0,38.0,38.0
48491020818,30.554863,-97.613139,Williamson County,7.780398189891252,69.0,8.0,42.0,58.0
48491020819,30.493827,-97.532292,Williamson County,7.986052181417958,47.0,1.0,10.0,0.0
48491020820,30.529665,-97.542725,Williamson County,7.797493543615105,69.0,8.0,41.0,50.0
48491020821,30.602458,-97.621851,Williamson County,8.143262034238928,68.0,32.0,55.0,82.0
48491020822,30.650801,-97.628547,Williamson County,8.09267853662555,56.0,41.0,49.0,0.0
48491020900,30.540945,-97.312636,Williamson County,7.557248809862364,50.0,32.0,39.0,47.0
48491021000,30.566068,-97.405852,Williamson County,7.674396439187307,85.0,73.0,84.0,89.0
48491021100,30.571245,-97.421315,Williamson County,7.972355241774837,73.0,88.0,85.0,79.0
48491021201,30.583052,-97.432678,Williamson County,7.995987893275357,47.0,22.0,28.0,73.0
48491021202,30.590079,-97.423594,Williamson County,7.884680273162206,63.0,26.0,47.0,81.0
48491021203,30.584973,-97.411862,Williamson County,7.2687610691316165,64.0,64.0,67.0,89.0
48491021300,30.738311,-97.449439,Williamson County,8.419353276728836,56.0,52.0,55.0,70.0
48491021402,30.634444,-97.680865,Williamson County,7.944159481426293,63.0,67.0,67.0,56.0
48491021404,30.632805,-97.643535,Williamson County,8.173555891348006,60.0,17.0,38.0,0.0
48491021405,30.621954,-97.657647,Williamson County,7.971733748619422,62.0,50.0,59.0,60.0
48491021406,30.600318,-97.672112,Williamson County,7.801192571194933,58.0,18.0,36.0,63.0
48491021407,30.610951,-97.661633,Williamson County,7.885967460310226,71.0,21.0,52.0,73.0
48491021502,30.531941,-97.675794,Williamson County,7.570363888936773,79.0,81.0,84.0,66.0
48491021503,30.521834,-97.675548,Williamson County,7.474025467857106,73.0,60.0,71.0,88.0
48491021506,30.551112,-97.626488,Williamson County,7.778259683924844,68.0,13.0,44.0,47.0
48491021509,30.576828,-97.657417,Williamson County,7.840052379288644,74.0,17.0,54.0,72.0
48491021510,30.573097,-97.675115,Williamson County,7.710165857371049,69.0,21.0,50.0,58.0
48491021511,30.534974,-97.621846,Williamson County,7.723532867850282,55.0,44.0,50.0,42.0
48491021512,30.530896,-97.646811,Williamson County,7.69433851462238,66.0,54.0,63.0,74.0
48491021513,30.543365,-97.678363,Williamson County,7.7247009267677775,72.0,75.0,77.0,55.0
48491021514,30.558618,-97.673112,Williamson County,7.768926997403819,70.0,45.0,63.0,0.0
48491021515,30.555573,-97.666382,Williamson County,7.687082226766173,55.0,15.0,31.0,69.0
48491021516,30.546674,-97.663395,Williamson County,7.706246537395434,69.0,21.0,50.0,48.0
48491021517,30.525688,-97.661385,Williamson County,7.457875267885563,68.0,41.0,59.0,80.0
48491021518,30.536496,-97.659903,Williamson County,7.624109292624159,75.0,30.0,60.0,84.0
48491021601,30.799434,-97.597395,Williamson County,9.134901276791917,69.0,56.0,66.0,78.0
48491021602,30.684288,-97.583632,Williamson County,8.234390690411281,37.0,29.0,27.0,57.0
48491021603,30.810856,-97.627736,Williamson County,9.204041420264783,50.0,26.0,35.0,60.0
48493000102,29.317026,-98.045041,Wilson County,11.10205815746501,46.0,63.0,55.0,48.0
48493000103,29.355409,-98.154397,Wilson County,10.936952802889444,34.0,38.0,31.0,43.0
48493000104,29.317435,-98.123052,Wilson County,11.012577976216395,49.0,15.0,26.0,54.0
48493000201,29.186784,-98.31055,Wilson County,10.987360522824861,65.0,54.0,63.0,74.0
48493000202,29.121881,-98.252985,Wilson County,11.122788001627866,58.0,45.0,52.0,52.0
48493000300,29.13817,-98.162484,Wilson County,11.121411203179333,73.0,63.0,72.0,71.0
48493000402,29.159988,-98.118618,Wilson County,11.129391983594646,63.0,59.0,63.0,45.0
48493000404,29.24234,-98.174257,Wilson County,10.951535274642236,66.0,4.0,33.0,39.0
48493000405,29.292883,-98.208139,Wilson County,10.55579083015218,53.0,31.0,40.0,0.0
48493000406,29.261431,-98.233919,Wilson County,10.973504944581258,67.0,61.0,67.0,68.0
48493000500,29.247941,-97.934359,Wilson County,10.614514030832272,65.0,57.0,64.0,50.0
48493000600,29.063259,-98.084969,Wilson County,9.55217792176887,64.0,37.0,53.0,72.0
48495950200,31.862899,-103.093743,Winkler County,5.614844120605905,80.0,63.0,77.0,84.0
48495950300,31.85094,-103.089991,Winkler County,5.617324499707676,81.0,35.0,69.0,61.0
48495950400,31.787611,-103.131628,Winkler County,5.408294804498034,54.0,19.0,33.0,70.0
48497150101,33.309898,-97.526258,Wise County,7.611927777474156,39.0,52.0,44.0,61.0
48497150103,33.171865,-97.50269,Wise County,7.883032454558664,47.0,25.0,31.0,0.0
48497150104,33.191179,-97.621981,Wise County,7.64551914311788,46.0,72.0,61.0,64.0
48497150201,33.225873,-97.589532,Wise County,7.904662522229308,59.0,88.0,77.0,62.0
48497150202,33.243898,-97.586904,Wise County,7.895013936750532,58.0,40.0,50.0,84.0
48497150300,33.374016,-97.690747,Wise County,7.531907922293238,15.0,47.0,26.0,0.0
48497150402,33.095132,-97.824713,Wise County,6.721020116213843,26.0,30.0,21.0,59.0
48497150403,33.126028,-97.711992,Wise County,7.1690843172573935,35.0,30.0,26.0,58.0
48497150404,33.348135,-97.81642,Wise County,7.389758828179712,9.0,44.0,22.0,0.0
48497150405,33.250617,-97.799048,Wise County,6.870093324626785,46.0,72.0,61.0,0.0
48497150500,33.210894,-97.750659,Wise County,6.830468353475324,59.0,38.0,50.0,80.0
48497150603,33.011552,-97.479969,Wise County,7.452341908071315,39.0,53.0,45.0,68.0
48497150604,33.018623,-97.638421,Wise County,7.513786377648087,27.0,52.0,36.0,66.0
48497150605,33.056013,-97.582206,Wise County,7.599906037053782,29.0,45.0,33.0,63.0
48497150606,33.057207,-97.438168,Wise County,7.394810658982041,38.0,35.0,32.0,71.0
48497150607,33.105287,-97.481915,Wise County,7.369346786206055,46.0,49.0,47.0,58.0
48499950100,32.883886,-95.25556,Wood County,10.261451482589967,25.0,51.0,35.0,0.0
48499950200,32.949985,-95.288247,Wood County,10.442306368029724,32.0,44.0,34.0,0.0
48499950301,32.792806,-95.385343,Wood County,10.321941106833407,17.0,56.0,35.0,38.0
48499950303,32.888524,-95.4969,Wood County,10.517572991240964,30.0,68.0,50.0,51.0
48499950304,32.893229,-95.593584,Wood County,9.494186956854325,19.0,53.0,33.0,0.0
48499950401,32.73864,-95.594082,Wood County,10.81444902996523,12.0,31.0,14.0,32.0
48499950402,32.802173,-95.598766,Wood County,10.444749336506666,12.0,39.0,19.0,32.0
48499950500,32.793833,-95.444836,Wood County,9.942493959969381,42.0,65.0,53.0,36.0
48499950601,32.621465,-95.236466,Wood County,10.81790972968855,46.0,67.0,57.0,36.0
48499950602,32.707973,-95.200229,Wood County,10.4237104491882,15.0,54.0,32.0,34.0
48499950700,32.686323,-95.476403,Wood County,10.59408366292477,29.0,68.0,50.0,0.0
48499950800,32.669329,-95.486417,Wood County,10.918027515884134,51.0,80.0,69.0,48.0
48501950100,33.184962,-102.844477,Yoakum County,5.833083665481147,69.0,63.0,69.0,75.0
48501950200,32.970222,-102.829473,Yoakum County,5.695996734846671,81.0,50.0,74.0,92.0
48503950200,33.35394,-98.730564,Young County,7.848321570999324,37.0,63.0,50.0,50.0
48503950401,33.110308,-98.532632,Young County,7.201734336302542,40.0,49.0,43.0,59.0
48503950402,33.116547,-98.669666,Young County,7.622606638226373,21.0,61.0,40.0,56.0
48503950500,33.103287,-98.585009,Young County,7.246393799380034,58.0,63.0,62.0,56.0
48503950600,33.100352,-98.573819,Young County,7.2470232023567345,37.0,61.0,49.0,80.0
48505950303,26.917492,-99.274049,Zapata County,10.015033720775477,100.0,88.0,94.0,91.0
48505950304,26.920163,-99.260214,Zapata County,10.015192360964269,96.0,96.0,98.0,96.0
48505950305,26.893039,-99.278942,Zapata County,10.015192360964269,89.0,78.0,88.0,97.0
48505950306,26.903186,-99.258627,Zapata County,10.115883802087826,97.0,91.0,95.0,96.0
48505950401,26.86243,-99.2531,Zapata County,10.115310035128092,91.0,96.0,97.0,95.0
48505950402,26.926006,-99.275672,Zapata County,10.013556344885322,94.0,93.0,96.0,96.0
48507950100,28.946568,-99.617721,Zavala County,10.334084196691967,96.0,97.0,98.0,0.0
48507950200,28.947226,-99.845603,Zavala County,9.620867330395818,92.0,92.0,95.0,95.0
48507950301,28.702246,-99.825949,Zavala County,10.004905599745936,88.0,88.0,91.0,91.0
48507950302,28.681464,-99.825235,Zavala County,10.004905599745936,94.0,87.0,93.0,88.0
